opp_id,action,executed_ts,success,recovered_minor,cost_minor,decided_by
opp_gen_0000005,send_payment_link,2026-01-01T06:05:45.361358+00:00,0,0,1500,legacy_ops
opp_gen_0000006,wait_for_native_retry,2026-01-01T23:17:28.912499+00:00,1,279922,0,legacy_ops
opp_gen_0000007,send_reminder,2026-01-01T13:40:08.084536+00:00,0,0,300,legacy_ops
opp_gen_0000009,send_reminder,2026-01-01T11:43:26.237974+00:00,0,0,300,legacy_ops
opp_gen_0000016,send_reminder,2026-01-01T20:29:25.854343+00:00,0,0,300,legacy_ops
opp_gen_0000025,send_payment_link,2026-01-01T05:23:50.141650+00:00,0,0,1500,legacy_ops
opp_gen_0000035,send_reminder,2026-01-01T14:05:28.062540+00:00,0,0,300,legacy_ops
opp_gen_0000036,send_payment_link,2026-01-01T23:13:07.194650+00:00,1,442257,1500,legacy_ops
opp_gen_0000038,send_payment_link,2026-01-01T09:52:41.517389+00:00,1,168722,1500,legacy_ops
opp_gen_0000049,send_payment_link,2026-01-01T01:49:14.400379+00:00,0,0,1500,legacy_ops
opp_gen_0000050,send_reminder,2026-01-01T19:39:58.842760+00:00,1,304914,300,legacy_ops
opp_gen_0000051,send_reminder,2026-01-01T19:40:56.966300+00:00,1,340614,300,legacy_ops
opp_gen_0000053,prompt_card_change,2026-01-01T17:51:41.938751+00:00,1,1534002,2000,legacy_ops
opp_gen_0000059,send_reminder,2026-01-01T15:27:20.395598+00:00,1,131240,300,legacy_ops
opp_gen_0000062,send_payment_link,2026-01-01T05:06:56.304282+00:00,0,0,1500,legacy_ops
opp_gen_0000069,send_payment_link,2026-01-01T10:23:31.069974+00:00,1,271138,1500,legacy_ops
opp_gen_0000080,send_payment_link,2026-01-01T00:58:20.857088+00:00,1,505976,1500,legacy_ops
opp_gen_0000087,send_payment_link,2026-01-01T12:16:51.462348+00:00,0,0,1500,legacy_ops
opp_gen_0000092,send_reminder,2026-01-01T14:41:22.723666+00:00,1,262278,300,legacy_ops
opp_gen_0000104,send_payment_link,2026-01-01T06:13:08.986762+00:00,0,0,1500,legacy_ops
opp_gen_0000106,send_payment_link,2026-01-01T09:54:23.198159+00:00,1,224308,1500,legacy_ops
opp_gen_0000113,send_reminder,2026-01-01T15:27:22.903669+00:00,0,0,300,legacy_ops
opp_gen_0000121,send_reminder,2026-01-01T14:21:54.551036+00:00,0,0,300,legacy_ops
opp_gen_0000130,wait_for_native_retry,2026-01-02T23:02:55.817454+00:00,0,0,0,legacy_ops
opp_gen_0000135,send_payment_link,2026-01-02T12:15:45.303775+00:00,1,961528,1500,legacy_ops
opp_gen_0000137,send_reminder,2026-01-02T07:18:38.451595+00:00,0,0,300,legacy_ops
opp_gen_0000155,send_payment_link,2026-01-02T19:09:54.178893+00:00,0,0,1500,legacy_ops
opp_gen_0000157,send_payment_link,2026-01-02T23:34:11.121202+00:00,0,0,1500,legacy_ops
opp_gen_0000169,send_reminder,2026-01-02T11:49:53.036167+00:00,0,0,300,legacy_ops
opp_gen_0000172,send_reminder,2026-01-02T17:35:41.136529+00:00,1,75060,300,legacy_ops
opp_gen_0000180,send_payment_link,2026-01-02T02:16:41.576018+00:00,1,511903,1500,legacy_ops
opp_gen_0000181,send_payment_link,2026-01-02T12:40:51.617612+00:00,0,0,1500,legacy_ops
opp_gen_0000192,send_payment_link,2026-01-02T13:31:56.602808+00:00,0,0,1500,legacy_ops
opp_gen_0000204,send_reminder,2026-01-02T03:44:09.294586+00:00,0,0,300,legacy_ops
opp_gen_0000206,send_payment_link,2026-01-02T14:41:08.009624+00:00,1,81100,1500,legacy_ops
opp_gen_0000210,send_payment_link,2026-01-02T16:27:25.530514+00:00,1,178936,1500,legacy_ops
opp_gen_0000212,send_payment_link,2026-01-03T00:36:25.812630+00:00,1,292135,1500,legacy_ops
opp_gen_0000215,send_payment_link,2026-01-02T15:07:55.360403+00:00,0,0,1500,legacy_ops
opp_gen_0000216,send_payment_link,2026-01-03T04:47:19.784499+00:00,1,812927,1500,legacy_ops
opp_gen_0000218,send_payment_link,2026-01-03T07:07:59.673966+00:00,1,45263,1500,legacy_ops
opp_gen_0000219,send_reminder,2026-01-03T12:01:55.599325+00:00,1,142736,300,legacy_ops
opp_gen_0000222,send_payment_link,2026-01-03T00:48:53.906118+00:00,1,443837,1500,legacy_ops
opp_gen_0000225,send_payment_link,2026-01-03T01:02:53.580917+00:00,0,0,1500,legacy_ops
opp_gen_0000226,send_reminder,2026-01-03T02:50:22.303938+00:00,0,0,300,legacy_ops
opp_gen_0000227,send_payment_link,2026-01-03T16:11:42.476106+00:00,0,0,1500,legacy_ops
opp_gen_0000228,send_payment_link,2026-01-03T09:48:49.205758+00:00,1,540746,1500,legacy_ops
opp_gen_0000233,send_payment_link,2026-01-03T03:57:59.226829+00:00,0,0,1500,legacy_ops
opp_gen_0000235,send_reminder,2026-01-03T19:17:04.328778+00:00,1,38928,300,legacy_ops
opp_gen_0000242,send_reminder,2026-01-03T05:56:09.376810+00:00,0,0,300,legacy_ops
opp_gen_0000244,send_reminder,2026-01-03T13:12:22.858106+00:00,0,0,300,legacy_ops
opp_gen_0000250,send_reminder,2026-01-03T00:33:39.676157+00:00,1,130049,300,legacy_ops
opp_gen_0000251,send_payment_link,2026-01-03T04:53:30.982137+00:00,0,0,1500,legacy_ops
opp_gen_0000261,send_payment_link,2026-01-03T08:00:02.956434+00:00,0,0,1500,legacy_ops
opp_gen_0000262,send_payment_link,2026-01-03T11:51:51.025798+00:00,0,0,1500,legacy_ops
opp_gen_0000264,send_reminder,2026-01-03T00:56:43.491691+00:00,1,193524,300,legacy_ops
opp_gen_0000265,send_payment_link,2026-01-03T16:41:14.772456+00:00,0,0,1500,legacy_ops
opp_gen_0000266,wait_for_native_retry,2026-01-03T09:40:05.410969+00:00,0,0,0,legacy_ops
opp_gen_0000267,send_payment_link,2026-01-03T07:14:14.384929+00:00,1,53423,1500,legacy_ops
opp_gen_0000268,send_reminder,2026-01-03T07:40:57.398909+00:00,1,96101,300,legacy_ops
opp_gen_0000271,send_reminder,2026-01-03T22:03:40.549918+00:00,0,0,300,legacy_ops
opp_gen_0000272,send_payment_link,2026-01-03T20:44:20.452670+00:00,1,647479,1500,legacy_ops
opp_gen_0000273,send_reminder,2026-01-03T04:06:47.634545+00:00,0,0,300,legacy_ops
opp_gen_0000275,send_reminder,2026-01-03T08:19:24.613856+00:00,1,844727,300,legacy_ops
opp_gen_0000279,send_payment_link,2026-01-03T15:06:14.688312+00:00,1,142471,1500,legacy_ops
opp_gen_0000283,wait_for_native_retry,2026-01-03T07:22:53.841453+00:00,1,338539,0,legacy_ops
opp_gen_0000293,send_payment_link,2026-01-03T09:50:48.106601+00:00,1,214500,1500,legacy_ops
opp_gen_0000294,send_payment_link,2026-01-03T16:29:38.435822+00:00,1,49504,1500,legacy_ops
opp_gen_0000295,prompt_card_change,2026-01-03T16:03:11.991095+00:00,0,0,2000,legacy_ops
opp_gen_0000297,send_payment_link,2026-01-03T17:29:47.242401+00:00,0,0,1500,legacy_ops
opp_gen_0000298,send_payment_link,2026-01-03T23:33:14.493071+00:00,0,0,1500,legacy_ops
opp_gen_0000299,send_payment_link,2026-01-03T22:11:50.056269+00:00,0,0,1500,legacy_ops
opp_gen_0000301,send_reminder,2026-01-03T20:57:51.599027+00:00,1,68429,300,legacy_ops
opp_gen_0000308,send_payment_link,2026-01-03T18:07:17.773277+00:00,1,2873134,1500,legacy_ops
opp_gen_0000312,send_payment_link,2026-01-03T00:34:35.808493+00:00,0,0,1500,legacy_ops
opp_gen_0000315,send_reminder,2026-01-03T01:32:29.221904+00:00,0,0,300,legacy_ops
opp_gen_0000316,send_reminder,2026-01-03T10:58:10.507960+00:00,1,277840,300,legacy_ops
opp_gen_0000317,send_payment_link,2026-01-03T01:24:48.100202+00:00,1,3308906,1500,legacy_ops
opp_gen_0000324,send_reminder,2026-01-04T12:18:55.148354+00:00,1,179518,300,legacy_ops
opp_gen_0000329,send_reminder,2026-01-04T14:03:14.950634+00:00,0,0,300,legacy_ops
opp_gen_0000332,send_reminder,2026-01-04T17:08:59.634770+00:00,1,306824,300,legacy_ops
opp_gen_0000334,send_reminder,2026-01-04T23:23:31.457751+00:00,1,111037,300,legacy_ops
opp_gen_0000336,send_payment_link,2026-01-04T08:31:21.482129+00:00,1,1118510,1500,legacy_ops
opp_gen_0000337,prompt_card_change,2026-01-04T22:42:02.644409+00:00,0,0,2000,legacy_ops
opp_gen_0000343,send_reminder,2026-01-04T16:25:14.976400+00:00,1,165980,300,legacy_ops
opp_gen_0000346,send_payment_link,2026-01-04T16:26:59.212447+00:00,0,0,1500,legacy_ops
opp_gen_0000351,send_payment_link,2026-01-04T08:21:27.145732+00:00,0,0,1500,legacy_ops
opp_gen_0000353,send_reminder,2026-01-04T10:01:45.388800+00:00,1,93255,300,legacy_ops
opp_gen_0000355,send_payment_link,2026-01-04T22:36:25.170515+00:00,0,0,1500,legacy_ops
opp_gen_0000356,send_reminder,2026-01-04T15:46:21.938375+00:00,0,0,300,legacy_ops
opp_gen_0000361,send_reminder,2026-01-04T03:18:51.819202+00:00,1,37418,300,legacy_ops
opp_gen_0000362,send_reminder,2026-01-04T10:13:44.204952+00:00,0,0,300,legacy_ops
opp_gen_0000367,send_payment_link,2026-01-04T23:46:46.691581+00:00,1,126767,1500,legacy_ops
opp_gen_0000370,send_reminder,2026-01-04T08:53:47.856358+00:00,1,54400,300,legacy_ops
opp_gen_0000374,send_reminder,2026-01-04T14:47:10.965669+00:00,0,0,300,legacy_ops
opp_gen_0000378,send_payment_link,2026-01-04T05:11:39.769568+00:00,0,0,1500,legacy_ops
opp_gen_0000379,send_payment_link,2026-01-04T01:35:05.588001+00:00,1,131902,1500,legacy_ops
opp_gen_0000384,send_reminder,2026-01-04T08:53:56.812743+00:00,0,0,300,legacy_ops
opp_gen_0000390,send_reminder,2026-01-04T03:53:55.468476+00:00,0,0,300,legacy_ops
opp_gen_0000396,send_payment_link,2026-01-04T02:33:00.842363+00:00,1,1129305,1500,legacy_ops
opp_gen_0000401,send_reminder,2026-01-04T13:41:59.116620+00:00,1,35277,300,legacy_ops
opp_gen_0000404,send_payment_link,2026-01-04T18:51:07.022675+00:00,1,680640,1500,legacy_ops
opp_gen_0000407,send_reminder,2026-01-04T22:38:45.283015+00:00,1,42784,300,legacy_ops
opp_gen_0000412,send_reminder,2026-01-04T02:47:58.573306+00:00,0,0,300,legacy_ops
opp_gen_0000425,send_payment_link,2026-01-04T09:56:58.311008+00:00,1,81132,1500,legacy_ops
opp_gen_0000427,prompt_card_change,2026-01-04T19:56:38.050895+00:00,1,640333,2000,legacy_ops
opp_gen_0000428,send_reminder,2026-01-04T07:37:04.723835+00:00,1,228601,300,legacy_ops
opp_gen_0000432,send_payment_link,2026-01-04T08:02:44.407101+00:00,1,2464061,1500,legacy_ops
opp_gen_0000436,send_reminder,2026-01-04T12:23:39.301381+00:00,0,0,300,legacy_ops
opp_gen_0000441,send_payment_link,2026-01-04T04:44:16.291469+00:00,0,0,1500,legacy_ops
opp_gen_0000446,send_reminder,2026-01-04T22:15:51.463198+00:00,1,97184,300,legacy_ops
opp_gen_0000448,send_payment_link,2026-01-04T22:35:12.793518+00:00,0,0,1500,legacy_ops
opp_gen_0000449,send_payment_link,2026-01-04T07:21:50.411550+00:00,1,1239140,1500,legacy_ops
opp_gen_0000453,send_payment_link,2026-01-04T02:27:12.932704+00:00,1,630450,1500,legacy_ops
opp_gen_0000455,send_reminder,2026-01-04T02:02:45.638131+00:00,0,0,300,legacy_ops
opp_gen_0000461,send_payment_link,2026-01-04T03:04:44.065544+00:00,1,1126338,1500,legacy_ops
opp_gen_0000472,send_payment_link,2026-01-04T01:30:36.046080+00:00,1,880949,1500,legacy_ops
opp_gen_0000479,send_reminder,2026-01-04T21:07:06.287324+00:00,0,0,300,legacy_ops
opp_gen_0000481,send_payment_link,2026-01-04T04:36:53.168655+00:00,1,251822,1500,legacy_ops
opp_gen_0000483,send_payment_link,2026-01-05T08:27:12.471692+00:00,0,0,1500,legacy_ops
opp_gen_0000486,send_reminder,2026-01-05T08:30:01.283907+00:00,1,210956,300,legacy_ops
opp_gen_0000487,send_reminder,2026-01-05T14:15:01.744130+00:00,1,142083,300,legacy_ops
opp_gen_0000490,send_reminder,2026-01-05T16:02:29.893776+00:00,0,0,300,legacy_ops
opp_gen_0000492,send_payment_link,2026-01-05T12:47:12.464059+00:00,1,71112,1500,legacy_ops
opp_gen_0000494,send_payment_link,2026-01-05T09:48:48.731021+00:00,0,0,1500,legacy_ops
opp_gen_0000503,send_payment_link,2026-01-05T19:22:22.061302+00:00,1,1437872,1500,legacy_ops
opp_gen_0000506,send_reminder,2026-01-05T01:58:46.737066+00:00,0,0,300,legacy_ops
opp_gen_0000519,send_payment_link,2026-01-05T22:48:10.985523+00:00,1,120276,1500,legacy_ops
opp_gen_0000524,send_payment_link,2026-01-05T03:13:21.019717+00:00,0,0,1500,legacy_ops
opp_gen_0000525,send_payment_link,2026-01-05T05:15:10.324195+00:00,0,0,1500,legacy_ops
opp_gen_0000528,send_payment_link,2026-01-05T15:37:34.327214+00:00,0,0,1500,legacy_ops
opp_gen_0000535,prompt_card_change,2026-01-05T14:30:42.732090+00:00,1,155663,2000,legacy_ops
opp_gen_0000537,send_payment_link,2026-01-05T16:00:25.225173+00:00,1,178804,1500,legacy_ops
opp_gen_0000539,wait_for_native_retry,2026-01-05T20:10:31.874847+00:00,1,901705,0,legacy_ops
opp_gen_0000540,send_payment_link,2026-01-05T23:23:57.608512+00:00,0,0,1500,legacy_ops
opp_gen_0000547,send_payment_link,2026-01-05T11:22:26.803694+00:00,0,0,1500,legacy_ops
opp_gen_0000558,send_payment_link,2026-01-05T06:17:29.121187+00:00,1,1406176,1500,legacy_ops
opp_gen_0000563,send_reminder,2026-01-05T07:30:13.991567+00:00,0,0,300,legacy_ops
opp_gen_0000572,send_reminder,2026-01-05T02:09:32.808408+00:00,1,395510,300,legacy_ops
opp_gen_0000579,send_reminder,2026-01-06T10:27:35.219737+00:00,1,433786,300,legacy_ops
opp_gen_0000584,send_payment_link,2026-01-06T02:54:15.585579+00:00,0,0,1500,legacy_ops
opp_gen_0000591,send_payment_link,2026-01-06T05:45:41.594838+00:00,1,2848828,1500,legacy_ops
opp_gen_0000595,send_payment_link,2026-01-06T16:17:44.022315+00:00,0,0,1500,legacy_ops
opp_gen_0000598,send_reminder,2026-01-06T04:01:04.905683+00:00,1,87112,300,legacy_ops
opp_gen_0000607,send_payment_link,2026-01-06T10:14:36.724997+00:00,1,237216,1500,legacy_ops
opp_gen_0000608,send_payment_link,2026-01-06T06:19:58.250359+00:00,0,0,1500,legacy_ops
opp_gen_0000616,send_payment_link,2026-01-06T17:22:14.434620+00:00,0,0,1500,legacy_ops
opp_gen_0000617,wait_for_native_retry,2026-01-06T16:54:58.845117+00:00,0,0,0,legacy_ops
opp_gen_0000619,send_payment_link,2026-01-06T09:17:35.787434+00:00,1,576045,1500,legacy_ops
opp_gen_0000621,send_payment_link,2026-01-06T12:59:28.283313+00:00,1,133553,1500,legacy_ops
opp_gen_0000624,send_payment_link,2026-01-06T10:36:51.969545+00:00,1,952330,1500,legacy_ops
opp_gen_0000627,send_reminder,2026-01-06T02:05:17.120279+00:00,1,174798,300,legacy_ops
opp_gen_0000634,send_payment_link,2026-01-06T00:42:43.827783+00:00,0,0,1500,legacy_ops
opp_gen_0000635,prompt_card_change,2026-01-06T18:40:48.220906+00:00,1,1326297,2000,legacy_ops
opp_gen_0000644,send_payment_link,2026-01-06T02:28:00.101624+00:00,0,0,1500,legacy_ops
opp_gen_0000645,send_payment_link,2026-01-06T04:39:26.597190+00:00,1,285918,1500,legacy_ops
opp_gen_0000647,send_payment_link,2026-01-06T08:03:13.547067+00:00,1,40721,1500,legacy_ops
opp_gen_0000652,send_reminder,2026-01-06T06:44:02.668002+00:00,0,0,300,legacy_ops
opp_gen_0000653,send_payment_link,2026-01-06T17:42:24.377860+00:00,1,819725,1500,legacy_ops
opp_gen_0000655,send_payment_link,2026-01-06T11:15:00.879099+00:00,1,105730,1500,legacy_ops
opp_gen_0000657,send_reminder,2026-01-06T14:54:45.182298+00:00,0,0,300,legacy_ops
opp_gen_0000663,send_payment_link,2026-01-06T07:48:44.030603+00:00,0,0,1500,legacy_ops
opp_gen_0000664,send_payment_link,2026-01-06T22:07:52.926933+00:00,0,0,1500,legacy_ops
opp_gen_0000668,send_reminder,2026-01-07T00:38:47.938281+00:00,0,0,300,legacy_ops
opp_gen_0000678,send_reminder,2026-01-07T07:22:51.692925+00:00,0,0,300,legacy_ops
opp_gen_0000683,send_payment_link,2026-01-07T09:43:49.796801+00:00,0,0,1500,legacy_ops
opp_gen_0000687,send_reminder,2026-01-07T12:32:56.381258+00:00,1,154100,300,legacy_ops
opp_gen_0000691,send_reminder,2026-01-07T10:52:15.727309+00:00,1,389590,300,legacy_ops
opp_gen_0000692,send_payment_link,2026-01-07T20:35:03.878122+00:00,1,191208,1500,legacy_ops
opp_gen_0000700,send_payment_link,2026-01-07T03:07:15.828496+00:00,0,0,1500,legacy_ops
opp_gen_0000702,send_reminder,2026-01-07T09:29:23.781131+00:00,1,241781,300,legacy_ops
opp_gen_0000704,send_payment_link,2026-01-07T04:02:49.332871+00:00,0,0,1500,legacy_ops
opp_gen_0000709,send_payment_link,2026-01-07T01:02:59.874030+00:00,0,0,1500,legacy_ops
opp_gen_0000711,send_reminder,2026-01-07T08:53:48.951598+00:00,1,96865,300,legacy_ops
opp_gen_0000712,send_payment_link,2026-01-07T02:13:54.859711+00:00,0,0,1500,legacy_ops
opp_gen_0000713,send_payment_link,2026-01-07T18:16:17.776786+00:00,0,0,1500,legacy_ops
opp_gen_0000717,send_payment_link,2026-01-07T02:37:38.510349+00:00,1,260092,1500,legacy_ops
opp_gen_0000720,send_payment_link,2026-01-07T04:58:23.934990+00:00,0,0,1500,legacy_ops
opp_gen_0000724,send_reminder,2026-01-07T01:41:38.409179+00:00,0,0,300,legacy_ops
opp_gen_0000725,send_payment_link,2026-01-07T22:19:52.969496+00:00,1,52324,1500,legacy_ops
opp_gen_0000726,send_payment_link,2026-01-07T04:47:25.076679+00:00,1,153688,1500,legacy_ops
opp_gen_0000734,send_reminder,2026-01-07T09:41:23.242086+00:00,0,0,300,legacy_ops
opp_gen_0000736,send_payment_link,2026-01-07T12:52:37.239817+00:00,1,157712,1500,legacy_ops
opp_gen_0000742,send_reminder,2026-01-07T10:06:15.856549+00:00,1,127952,300,legacy_ops
opp_gen_0000744,send_reminder,2026-01-07T21:30:07.512689+00:00,0,0,300,legacy_ops
opp_gen_0000746,send_payment_link,2026-01-07T11:38:55.888446+00:00,1,1629817,1500,legacy_ops
opp_gen_0000748,prompt_card_change,2026-01-07T16:46:30.881069+00:00,0,0,2000,legacy_ops
opp_gen_0000749,send_reminder,2026-01-07T22:20:38.961846+00:00,1,51914,300,legacy_ops
opp_gen_0000757,send_payment_link,2026-01-07T11:18:59.219407+00:00,1,904040,1500,legacy_ops
opp_gen_0000762,send_payment_link,2026-01-07T22:31:46.753308+00:00,1,971822,1500,legacy_ops
opp_gen_0000764,send_reminder,2026-01-07T01:43:53.493655+00:00,0,0,300,legacy_ops
opp_gen_0000770,send_payment_link,2026-01-07T16:43:49.009207+00:00,1,411494,1500,legacy_ops
opp_gen_0000775,send_payment_link,2026-01-07T13:42:46.381169+00:00,1,973021,1500,legacy_ops
opp_gen_0000779,send_reminder,2026-01-08T11:53:57.252258+00:00,0,0,300,legacy_ops
opp_gen_0000780,wait_for_native_retry,2026-01-08T03:00:07.186143+00:00,1,59007,0,legacy_ops
opp_gen_0000782,send_payment_link,2026-01-08T03:58:19.368112+00:00,0,0,1500,legacy_ops
opp_gen_0000785,send_payment_link,2026-01-08T01:46:32.687215+00:00,1,164770,1500,legacy_ops
opp_gen_0000793,send_payment_link,2026-01-08T13:29:31.658451+00:00,0,0,1500,legacy_ops
opp_gen_0000795,send_payment_link,2026-01-08T11:17:43.017191+00:00,1,566172,1500,legacy_ops
opp_gen_0000797,wait_for_native_retry,2026-01-08T09:33:37.013580+00:00,1,207932,0,legacy_ops
opp_gen_0000799,send_payment_link,2026-01-08T20:15:49.676494+00:00,1,868137,1500,legacy_ops
opp_gen_0000800,send_reminder,2026-01-08T06:18:30.878326+00:00,1,169493,300,legacy_ops
opp_gen_0000806,send_reminder,2026-01-08T02:43:27.129714+00:00,0,0,300,legacy_ops
opp_gen_0000808,send_reminder,2026-01-08T04:10:32.952710+00:00,0,0,300,legacy_ops
opp_gen_0000811,wait_for_native_retry,2026-01-08T21:28:33.564899+00:00,0,0,0,legacy_ops
opp_gen_0000818,send_payment_link,2026-01-09T00:15:29.863325+00:00,0,0,1500,legacy_ops
opp_gen_0000830,send_payment_link,2026-01-08T15:05:03.534678+00:00,0,0,1500,legacy_ops
opp_gen_0000831,send_payment_link,2026-01-08T21:21:01.502220+00:00,1,1031940,1500,legacy_ops
opp_gen_0000832,send_payment_link,2026-01-08T03:02:15.961427+00:00,1,572721,1500,legacy_ops
opp_gen_0000842,wait_for_native_retry,2026-01-08T12:47:03.419941+00:00,1,258297,0,legacy_ops
opp_gen_0000845,prompt_card_change,2026-01-08T17:44:21.981143+00:00,1,247077,2000,legacy_ops
opp_gen_0000849,send_reminder,2026-01-08T11:18:36.881028+00:00,1,99228,300,legacy_ops
opp_gen_0000850,send_payment_link,2026-01-08T03:06:46.167366+00:00,1,1439904,1500,legacy_ops
opp_gen_0000852,send_payment_link,2026-01-08T14:32:45.455153+00:00,1,47186,1500,legacy_ops
opp_gen_0000856,send_reminder,2026-01-08T07:32:05.161824+00:00,0,0,300,legacy_ops
opp_gen_0000857,send_payment_link,2026-01-08T12:12:42.905492+00:00,0,0,1500,legacy_ops
opp_gen_0000858,send_reminder,2026-01-08T11:53:12.711773+00:00,1,179296,300,legacy_ops
opp_gen_0000862,send_payment_link,2026-01-08T16:58:05.520579+00:00,0,0,1500,legacy_ops
opp_gen_0000863,send_payment_link,2026-01-08T08:54:51.360811+00:00,0,0,1500,legacy_ops
opp_gen_0000867,send_payment_link,2026-01-08T01:13:04.323474+00:00,1,108038,1500,legacy_ops
opp_gen_0000870,send_reminder,2026-01-08T04:28:24.972069+00:00,0,0,300,legacy_ops
opp_gen_0000872,send_payment_link,2026-01-08T12:20:02.861078+00:00,1,119518,1500,legacy_ops
opp_gen_0000874,prompt_card_change,2026-01-08T03:01:07.569719+00:00,1,293295,2000,legacy_ops
opp_gen_0000878,send_payment_link,2026-01-08T02:02:19.465698+00:00,1,3024810,1500,legacy_ops
opp_gen_0000879,send_payment_link,2026-01-09T22:07:17.835483+00:00,0,0,1500,legacy_ops
opp_gen_0000882,prompt_card_change,2026-01-09T13:11:07.642149+00:00,0,0,2000,legacy_ops
opp_gen_0000886,send_payment_link,2026-01-09T13:59:39.829633+00:00,0,0,1500,legacy_ops
opp_gen_0000895,send_payment_link,2026-01-09T01:27:40.989182+00:00,0,0,1500,legacy_ops
opp_gen_0000899,send_reminder,2026-01-09T07:00:25.951483+00:00,1,155535,300,legacy_ops
opp_gen_0000902,send_payment_link,2026-01-09T02:20:09.767509+00:00,0,0,1500,legacy_ops
opp_gen_0000911,send_payment_link,2026-01-10T00:22:51.560643+00:00,1,2446592,1500,legacy_ops
opp_gen_0000916,send_payment_link,2026-01-09T07:28:39.696387+00:00,1,184739,1500,legacy_ops
opp_gen_0000918,send_payment_link,2026-01-09T23:31:58.476908+00:00,1,121854,1500,legacy_ops
opp_gen_0000922,send_reminder,2026-01-09T16:34:15.714622+00:00,0,0,300,legacy_ops
opp_gen_0000925,send_reminder,2026-01-09T06:15:42.580475+00:00,1,258229,300,legacy_ops
opp_gen_0000926,send_reminder,2026-01-09T06:11:25.696574+00:00,0,0,300,legacy_ops
opp_gen_0000927,send_payment_link,2026-01-09T00:50:58.082980+00:00,0,0,1500,legacy_ops
opp_gen_0000932,send_payment_link,2026-01-09T02:29:50.166486+00:00,0,0,1500,legacy_ops
opp_gen_0000934,send_reminder,2026-01-09T07:26:52.600657+00:00,1,42562,300,legacy_ops
opp_gen_0000947,send_reminder,2026-01-09T01:51:17.743079+00:00,1,140524,300,legacy_ops
opp_gen_0000952,send_payment_link,2026-01-09T22:38:15.875325+00:00,1,4299931,1500,legacy_ops
opp_gen_0000958,send_reminder,2026-01-09T07:35:41.051344+00:00,1,97935,300,legacy_ops
opp_gen_0000960,send_payment_link,2026-01-09T13:01:04.355208+00:00,0,0,1500,legacy_ops
opp_gen_0000961,send_payment_link,2026-01-09T08:06:19.081122+00:00,0,0,1500,legacy_ops
opp_gen_0000963,send_payment_link,2026-01-09T10:24:20.130117+00:00,1,118509,1500,legacy_ops
opp_gen_0000975,wait_for_native_retry,2026-01-10T15:40:01.236079+00:00,0,0,0,legacy_ops
opp_gen_0000976,send_payment_link,2026-01-11T00:10:58.719096+00:00,0,0,1500,legacy_ops
opp_gen_0000978,send_reminder,2026-01-10T20:27:59.540269+00:00,0,0,300,legacy_ops
opp_gen_0000979,send_payment_link,2026-01-10T07:57:35.400833+00:00,1,821210,1500,legacy_ops
opp_gen_0000982,send_payment_link,2026-01-10T05:07:47.149196+00:00,0,0,1500,legacy_ops
opp_gen_0000987,send_reminder,2026-01-10T21:56:49.416543+00:00,0,0,300,legacy_ops
opp_gen_0000996,send_payment_link,2026-01-10T01:13:55.348568+00:00,1,200707,1500,legacy_ops
opp_gen_0000997,send_reminder,2026-01-10T12:14:00.075908+00:00,0,0,300,legacy_ops
opp_gen_0001001,prompt_card_change,2026-01-10T23:41:28.776323+00:00,1,253980,2000,legacy_ops
opp_gen_0001006,send_payment_link,2026-01-10T07:29:40.706486+00:00,0,0,1500,legacy_ops
opp_gen_0001007,send_payment_link,2026-01-10T16:28:39.899501+00:00,1,132108,1500,legacy_ops
opp_gen_0001008,send_payment_link,2026-01-10T20:46:40.094469+00:00,0,0,1500,legacy_ops
opp_gen_0001009,send_reminder,2026-01-10T10:37:07.702344+00:00,0,0,300,legacy_ops
opp_gen_0001010,send_payment_link,2026-01-10T01:55:36.908271+00:00,0,0,1500,legacy_ops
opp_gen_0001011,send_reminder,2026-01-10T01:09:30.293510+00:00,0,0,300,legacy_ops
opp_gen_0001017,send_payment_link,2026-01-10T01:11:34.498175+00:00,0,0,1500,legacy_ops
opp_gen_0001024,send_reminder,2026-01-10T06:16:06.012403+00:00,1,248665,300,legacy_ops
opp_gen_0001031,wait_for_native_retry,2026-01-10T11:39:30.726274+00:00,1,54756,0,legacy_ops
opp_gen_0001037,send_reminder,2026-01-10T04:41:50.807575+00:00,1,57243,300,legacy_ops
opp_gen_0001038,send_payment_link,2026-01-10T11:45:33.446467+00:00,1,727419,1500,legacy_ops
opp_gen_0001039,wait_for_native_retry,2026-01-10T21:44:56.511394+00:00,0,0,0,legacy_ops
opp_gen_0001042,send_payment_link,2026-01-10T14:17:10.976265+00:00,1,1551908,1500,legacy_ops
opp_gen_0001046,send_payment_link,2026-01-10T09:57:35.837217+00:00,1,583276,1500,legacy_ops
opp_gen_0001051,send_reminder,2026-01-10T23:10:06.782828+00:00,1,121931,300,legacy_ops
opp_gen_0001058,send_reminder,2026-01-10T14:48:40.561982+00:00,0,0,300,legacy_ops
opp_gen_0001063,send_reminder,2026-01-10T01:19:16.680060+00:00,1,126887,300,legacy_ops
opp_gen_0001072,send_reminder,2026-01-11T18:10:32.576498+00:00,0,0,300,legacy_ops
opp_gen_0001076,send_payment_link,2026-01-12T00:04:17.972330+00:00,0,0,1500,legacy_ops
opp_gen_0001082,send_reminder,2026-01-11T06:43:55.530209+00:00,1,248270,300,legacy_ops
opp_gen_0001083,send_payment_link,2026-01-11T01:21:36.355151+00:00,1,1155908,1500,legacy_ops
opp_gen_0001099,send_payment_link,2026-01-11T14:10:04.860526+00:00,1,998345,1500,legacy_ops
opp_gen_0001109,send_reminder,2026-01-11T06:50:59.755844+00:00,1,73006,300,legacy_ops
opp_gen_0001110,send_payment_link,2026-01-11T10:42:35.117655+00:00,0,0,1500,legacy_ops
opp_gen_0001113,send_payment_link,2026-01-11T10:18:57.926142+00:00,0,0,1500,legacy_ops
opp_gen_0001119,send_payment_link,2026-01-11T18:42:07.900026+00:00,1,1927413,1500,legacy_ops
opp_gen_0001120,send_payment_link,2026-01-11T01:57:13.634105+00:00,0,0,1500,legacy_ops
opp_gen_0001122,send_payment_link,2026-01-11T17:45:02.840229+00:00,1,846856,1500,legacy_ops
opp_gen_0001126,send_payment_link,2026-01-11T09:27:30.918400+00:00,1,3493089,1500,legacy_ops
opp_gen_0001129,send_payment_link,2026-01-11T11:29:06.104313+00:00,1,4365708,1500,legacy_ops
opp_gen_0001131,send_reminder,2026-01-12T00:20:09.006367+00:00,1,134169,300,legacy_ops
opp_gen_0001149,send_payment_link,2026-01-11T00:55:28.375107+00:00,0,0,1500,legacy_ops
opp_gen_0001150,send_payment_link,2026-01-11T15:21:03.860963+00:00,0,0,1500,legacy_ops
opp_gen_0001153,send_reminder,2026-01-11T03:06:44.504535+00:00,0,0,300,legacy_ops
opp_gen_0001156,send_payment_link,2026-01-11T06:00:30.662225+00:00,1,139212,1500,legacy_ops
opp_gen_0001161,send_reminder,2026-01-11T06:22:23.586244+00:00,1,293931,300,legacy_ops
opp_gen_0001163,send_payment_link,2026-01-11T20:22:49.397409+00:00,1,1967590,1500,legacy_ops
opp_gen_0001164,send_payment_link,2026-01-11T16:14:40.257799+00:00,0,0,1500,legacy_ops
opp_gen_0001167,send_payment_link,2026-01-11T20:32:48.980077+00:00,0,0,1500,legacy_ops
opp_gen_0001169,wait_for_native_retry,2026-01-11T02:02:51.071394+00:00,1,1738454,0,legacy_ops
opp_gen_0001172,send_reminder,2026-01-12T11:23:57.779016+00:00,1,250996,300,legacy_ops
opp_gen_0001174,send_payment_link,2026-01-12T02:39:30.657850+00:00,0,0,1500,legacy_ops
opp_gen_0001175,send_reminder,2026-01-12T10:14:26.228108+00:00,0,0,300,legacy_ops
opp_gen_0001179,send_payment_link,2026-01-12T11:58:45.378935+00:00,1,222410,1500,legacy_ops
opp_gen_0001181,send_reminder,2026-01-12T04:13:20.940310+00:00,0,0,300,legacy_ops
opp_gen_0001193,send_payment_link,2026-01-12T10:57:20.211208+00:00,0,0,1500,legacy_ops
opp_gen_0001198,wait_for_native_retry,2026-01-12T08:40:23.363863+00:00,0,0,0,legacy_ops
opp_gen_0001199,send_payment_link,2026-01-12T07:13:56.796949+00:00,1,858301,1500,legacy_ops
opp_gen_0001203,send_payment_link,2026-01-12T18:47:45.934119+00:00,1,940982,1500,legacy_ops
opp_gen_0001212,send_reminder,2026-01-12T17:11:39.882838+00:00,1,102910,300,legacy_ops
opp_gen_0001213,send_payment_link,2026-01-12T09:30:21.876590+00:00,1,465531,1500,legacy_ops
opp_gen_0001218,send_reminder,2026-01-12T20:35:04.237993+00:00,1,423796,300,legacy_ops
opp_gen_0001224,send_payment_link,2026-01-12T05:11:52.306033+00:00,0,0,1500,legacy_ops
opp_gen_0001225,send_payment_link,2026-01-12T08:53:45.688248+00:00,0,0,1500,legacy_ops
opp_gen_0001226,send_reminder,2026-01-12T18:41:57.318512+00:00,1,306781,300,legacy_ops
opp_gen_0001229,send_reminder,2026-01-12T01:32:01.524248+00:00,1,1005205,300,legacy_ops
opp_gen_0001230,prompt_card_change,2026-01-12T22:21:57.235075+00:00,0,0,2000,legacy_ops
opp_gen_0001231,send_payment_link,2026-01-12T07:30:23.219085+00:00,0,0,1500,legacy_ops
opp_gen_0001232,send_reminder,2026-01-12T00:17:56.314224+00:00,0,0,300,legacy_ops
opp_gen_0001245,send_reminder,2026-01-12T02:09:01.295554+00:00,0,0,300,legacy_ops
opp_gen_0001249,send_payment_link,2026-01-12T11:53:45.545598+00:00,1,91092,1500,legacy_ops
opp_gen_0001255,prompt_card_change,2026-01-12T04:40:51.378461+00:00,0,0,2000,legacy_ops
opp_gen_0001268,send_payment_link,2026-01-13T08:20:45.353066+00:00,1,49407,1500,legacy_ops
opp_gen_0001269,send_reminder,2026-01-13T01:08:31.369323+00:00,1,191047,300,legacy_ops
opp_gen_0001273,send_reminder,2026-01-13T21:04:44.496131+00:00,1,186050,300,legacy_ops
opp_gen_0001274,send_payment_link,2026-01-13T14:16:49.258742+00:00,1,259121,1500,legacy_ops
opp_gen_0001275,send_payment_link,2026-01-13T14:03:16.474085+00:00,1,944842,1500,legacy_ops
opp_gen_0001276,send_reminder,2026-01-13T01:32:09.806049+00:00,1,385090,300,legacy_ops
opp_gen_0001283,send_payment_link,2026-01-13T12:25:02.996548+00:00,1,1055873,1500,legacy_ops
opp_gen_0001285,send_payment_link,2026-01-13T04:44:47.007614+00:00,0,0,1500,legacy_ops
opp_gen_0001288,send_payment_link,2026-01-14T00:33:49.081878+00:00,0,0,1500,legacy_ops
opp_gen_0001295,send_reminder,2026-01-13T16:28:27.118053+00:00,1,93889,300,legacy_ops
opp_gen_0001296,send_reminder,2026-01-13T22:02:11.759434+00:00,1,162562,300,legacy_ops
opp_gen_0001298,send_payment_link,2026-01-13T18:39:18.388964+00:00,0,0,1500,legacy_ops
opp_gen_0001309,send_payment_link,2026-01-13T04:04:31.203082+00:00,1,401382,1500,legacy_ops
opp_gen_0001313,send_payment_link,2026-01-13T13:28:44.328629+00:00,1,833982,1500,legacy_ops
opp_gen_0001314,send_reminder,2026-01-13T07:01:23.792169+00:00,1,57366,300,legacy_ops
opp_gen_0001316,send_payment_link,2026-01-13T04:59:49.906839+00:00,0,0,1500,legacy_ops
opp_gen_0001322,send_payment_link,2026-01-13T03:20:11.317769+00:00,1,969498,1500,legacy_ops
opp_gen_0001323,send_payment_link,2026-01-13T13:29:00.783949+00:00,1,670103,1500,legacy_ops
opp_gen_0001327,send_reminder,2026-01-13T23:48:50.375560+00:00,1,75416,300,legacy_ops
opp_gen_0001329,send_payment_link,2026-01-13T09:28:40.434597+00:00,1,39671,1500,legacy_ops
opp_gen_0001334,prompt_card_change,2026-01-13T08:31:06.671278+00:00,1,587619,2000,legacy_ops
opp_gen_0001337,send_payment_link,2026-01-13T20:42:42.477294+00:00,1,239335,1500,legacy_ops
opp_gen_0001342,send_payment_link,2026-01-13T10:17:07.637682+00:00,1,157960,1500,legacy_ops
opp_gen_0001344,send_payment_link,2026-01-13T01:16:54.541715+00:00,0,0,1500,legacy_ops
opp_gen_0001349,send_reminder,2026-01-13T07:19:10.778577+00:00,0,0,300,legacy_ops
opp_gen_0001350,send_payment_link,2026-01-13T13:22:42.891589+00:00,0,0,1500,legacy_ops
opp_gen_0001353,wait_for_native_retry,2026-01-13T05:36:29.075226+00:00,1,197469,0,legacy_ops
opp_gen_0001358,send_payment_link,2026-01-13T23:48:12.986842+00:00,0,0,1500,legacy_ops
opp_gen_0001365,send_reminder,2026-01-14T01:48:38.931511+00:00,1,89827,300,legacy_ops
opp_gen_0001369,send_payment_link,2026-01-14T03:07:28.108022+00:00,0,0,1500,legacy_ops
opp_gen_0001371,send_reminder,2026-01-14T06:46:19.583343+00:00,1,42263,300,legacy_ops
opp_gen_0001378,send_payment_link,2026-01-14T06:59:30.903985+00:00,0,0,1500,legacy_ops
opp_gen_0001383,send_payment_link,2026-01-14T01:18:08.251665+00:00,1,4178744,1500,legacy_ops
opp_gen_0001391,send_reminder,2026-01-14T22:11:50.101470+00:00,1,111154,300,legacy_ops
opp_gen_0001399,send_payment_link,2026-01-14T18:18:48.822699+00:00,0,0,1500,legacy_ops
opp_gen_0001400,send_payment_link,2026-01-14T09:57:40.105855+00:00,0,0,1500,legacy_ops
opp_gen_0001402,send_payment_link,2026-01-14T18:49:15.700010+00:00,1,902824,1500,legacy_ops
opp_gen_0001404,prompt_card_change,2026-01-14T23:52:05.915196+00:00,0,0,2000,legacy_ops
opp_gen_0001408,send_reminder,2026-01-14T23:18:47.651786+00:00,0,0,300,legacy_ops
opp_gen_0001409,send_payment_link,2026-01-14T06:34:02.286776+00:00,1,1129540,1500,legacy_ops
opp_gen_0001411,send_payment_link,2026-01-14T00:37:12.677031+00:00,1,862524,1500,legacy_ops
opp_gen_0001416,wait_for_native_retry,2026-01-14T08:06:26.737443+00:00,1,474831,0,legacy_ops
opp_gen_0001417,prompt_card_change,2026-01-14T13:34:26.805473+00:00,0,0,2000,legacy_ops
opp_gen_0001424,send_payment_link,2026-01-14T13:13:18.479005+00:00,0,0,1500,legacy_ops
opp_gen_0001425,prompt_card_change,2026-01-14T23:48:08.689975+00:00,1,737826,2000,legacy_ops
opp_gen_0001427,send_payment_link,2026-01-14T04:46:25.738464+00:00,0,0,1500,legacy_ops
opp_gen_0001430,send_reminder,2026-01-14T20:29:57.488413+00:00,1,688417,300,legacy_ops
opp_gen_0001432,send_payment_link,2026-01-14T03:37:06.851573+00:00,0,0,1500,legacy_ops
opp_gen_0001433,send_reminder,2026-01-14T04:27:39.064806+00:00,0,0,300,legacy_ops
opp_gen_0001438,send_reminder,2026-01-14T09:23:45.314462+00:00,0,0,300,legacy_ops
opp_gen_0001440,send_payment_link,2026-01-15T00:07:30.953764+00:00,1,195587,1500,legacy_ops
opp_gen_0001441,send_payment_link,2026-01-14T00:25:50.984792+00:00,0,0,1500,legacy_ops
opp_gen_0001442,prompt_card_change,2026-01-14T22:25:15.074359+00:00,1,823964,2000,legacy_ops
opp_gen_0001446,send_payment_link,2026-01-14T06:11:46.194484+00:00,1,115338,1500,legacy_ops
opp_gen_0001448,send_reminder,2026-01-14T12:08:03.361052+00:00,1,177593,300,legacy_ops
opp_gen_0001461,send_payment_link,2026-01-14T21:50:22.542881+00:00,0,0,1500,legacy_ops
opp_gen_0001465,send_reminder,2026-01-15T18:58:31.177211+00:00,1,210721,300,legacy_ops
opp_gen_0001468,prompt_card_change,2026-01-15T08:25:44.959523+00:00,1,4466722,2000,legacy_ops
opp_gen_0001479,wait_for_native_retry,2026-01-15T12:04:43.572861+00:00,0,0,0,legacy_ops
opp_gen_0001485,send_reminder,2026-01-15T09:09:54.096698+00:00,0,0,300,legacy_ops
opp_gen_0001487,send_payment_link,2026-01-15T09:10:49.922581+00:00,0,0,1500,legacy_ops
opp_gen_0001489,send_reminder,2026-01-15T04:06:50.260083+00:00,0,0,300,legacy_ops
opp_gen_0001494,send_reminder,2026-01-15T22:40:42.997278+00:00,1,267886,300,legacy_ops
opp_gen_0001500,send_payment_link,2026-01-15T16:58:23.515436+00:00,0,0,1500,legacy_ops
opp_gen_0001501,send_payment_link,2026-01-15T10:21:01.077327+00:00,1,37060,1500,legacy_ops
opp_gen_0001502,send_reminder,2026-01-15T05:54:42.001058+00:00,0,0,300,legacy_ops
opp_gen_0001503,send_payment_link,2026-01-15T07:16:49.227573+00:00,0,0,1500,legacy_ops
opp_gen_0001505,send_payment_link,2026-01-15T23:11:44.120580+00:00,1,824021,1500,legacy_ops
opp_gen_0001512,wait_for_native_retry,2026-01-15T16:58:04.054696+00:00,1,35348,0,legacy_ops
opp_gen_0001519,send_reminder,2026-01-15T09:01:03.602728+00:00,0,0,300,legacy_ops
opp_gen_0001522,send_reminder,2026-01-15T12:22:16.874258+00:00,0,0,300,legacy_ops
opp_gen_0001526,send_payment_link,2026-01-15T17:47:09.037137+00:00,1,998541,1500,legacy_ops
opp_gen_0001528,send_reminder,2026-01-15T20:04:55.083988+00:00,0,0,300,legacy_ops
opp_gen_0001531,send_payment_link,2026-01-15T21:27:59.035817+00:00,1,607267,1500,legacy_ops
opp_gen_0001533,send_payment_link,2026-01-15T21:43:33.929958+00:00,0,0,1500,legacy_ops
opp_gen_0001534,send_payment_link,2026-01-15T12:29:54.728295+00:00,1,3551428,1500,legacy_ops
opp_gen_0001535,send_payment_link,2026-01-15T14:30:38.510850+00:00,0,0,1500,legacy_ops
opp_gen_0001536,send_reminder,2026-01-15T07:36:19.293709+00:00,1,142787,300,legacy_ops
opp_gen_0001539,wait_for_native_retry,2026-01-15T21:29:47.431615+00:00,0,0,0,legacy_ops
opp_gen_0001540,send_payment_link,2026-01-15T14:36:09.465446+00:00,1,214229,1500,legacy_ops
opp_gen_0001547,send_payment_link,2026-01-15T18:23:58.972023+00:00,0,0,1500,legacy_ops
opp_gen_0001550,send_reminder,2026-01-15T02:57:53.619090+00:00,0,0,300,legacy_ops
opp_gen_0001554,send_payment_link,2026-01-15T14:34:30.677814+00:00,0,0,1500,legacy_ops
opp_gen_0001558,send_payment_link,2026-01-15T15:34:17.112473+00:00,1,690842,1500,legacy_ops
opp_gen_0001559,send_payment_link,2026-01-15T02:45:24.606482+00:00,0,0,1500,legacy_ops
opp_gen_0001561,send_payment_link,2026-01-15T00:55:53.108195+00:00,0,0,1500,legacy_ops
opp_gen_0001564,send_payment_link,2026-01-15T12:35:46.055855+00:00,1,636534,1500,legacy_ops
opp_gen_0001571,prompt_card_change,2026-01-15T23:58:56.431052+00:00,1,58437,2000,legacy_ops
opp_gen_0001572,send_payment_link,2026-01-15T16:24:17.868338+00:00,1,840348,1500,legacy_ops
opp_gen_0001574,send_payment_link,2026-01-15T07:10:31.495722+00:00,1,172660,1500,legacy_ops
opp_gen_0001575,send_payment_link,2026-01-15T10:45:00.386656+00:00,0,0,1500,legacy_ops
opp_gen_0001576,send_reminder,2026-01-15T16:48:02.030368+00:00,0,0,300,legacy_ops
opp_gen_0001582,send_payment_link,2026-01-16T06:01:51.575499+00:00,0,0,1500,legacy_ops
opp_gen_0001583,send_payment_link,2026-01-16T04:33:11.854761+00:00,0,0,1500,legacy_ops
opp_gen_0001585,send_payment_link,2026-01-16T06:05:27.895565+00:00,1,1079888,1500,legacy_ops
opp_gen_0001590,send_reminder,2026-01-16T13:45:42.183937+00:00,1,53098,300,legacy_ops
opp_gen_0001596,send_reminder,2026-01-16T00:30:47.792126+00:00,0,0,300,legacy_ops
opp_gen_0001597,send_payment_link,2026-01-16T20:08:31.193548+00:00,1,45797,1500,legacy_ops
opp_gen_0001604,send_payment_link,2026-01-16T20:11:01.852385+00:00,0,0,1500,legacy_ops
opp_gen_0001605,wait_for_native_retry,2026-01-16T15:29:41.878193+00:00,0,0,0,legacy_ops
opp_gen_0001611,send_reminder,2026-01-16T05:42:52.426080+00:00,0,0,300,legacy_ops
opp_gen_0001613,send_payment_link,2026-01-16T01:32:28.329942+00:00,0,0,1500,legacy_ops
opp_gen_0001620,send_payment_link,2026-01-16T05:18:03.835510+00:00,1,1046556,1500,legacy_ops
opp_gen_0001622,send_payment_link,2026-01-16T03:03:32.093161+00:00,0,0,1500,legacy_ops
opp_gen_0001624,send_payment_link,2026-01-16T11:57:08.426840+00:00,1,1951863,1500,legacy_ops
opp_gen_0001627,send_payment_link,2026-01-16T15:23:36.104862+00:00,1,129543,1500,legacy_ops
opp_gen_0001633,send_reminder,2026-01-16T22:45:18.397839+00:00,0,0,300,legacy_ops
opp_gen_0001641,send_reminder,2026-01-16T03:24:59.955179+00:00,0,0,300,legacy_ops
opp_gen_0001644,send_payment_link,2026-01-16T05:40:34.004611+00:00,0,0,1500,legacy_ops
opp_gen_0001646,send_reminder,2026-01-16T18:26:55.003942+00:00,1,69074,300,legacy_ops
opp_gen_0001648,send_payment_link,2026-01-16T13:21:46.486702+00:00,1,778310,1500,legacy_ops
opp_gen_0001650,wait_for_native_retry,2026-01-16T05:55:16.659518+00:00,1,3585290,0,legacy_ops
opp_gen_0001652,send_payment_link,2026-01-16T14:17:34.675857+00:00,1,83258,1500,legacy_ops
opp_gen_0001653,send_payment_link,2026-01-16T08:39:41.636374+00:00,0,0,1500,legacy_ops
opp_gen_0001664,send_reminder,2026-01-16T07:22:28.756583+00:00,0,0,300,legacy_ops
opp_gen_0001666,send_payment_link,2026-01-16T14:22:43.076788+00:00,0,0,1500,legacy_ops
opp_gen_0001667,send_payment_link,2026-01-16T22:54:14.019146+00:00,1,391375,1500,legacy_ops
opp_gen_0001670,send_payment_link,2026-01-16T11:48:03.773685+00:00,1,1139361,1500,legacy_ops
opp_gen_0001672,send_reminder,2026-01-16T09:03:31.273406+00:00,1,229581,300,legacy_ops
opp_gen_0001683,send_payment_link,2026-01-17T07:54:44.738827+00:00,1,731184,1500,legacy_ops
opp_gen_0001685,send_payment_link,2026-01-17T16:10:09.861633+00:00,0,0,1500,legacy_ops
opp_gen_0001687,send_reminder,2026-01-17T05:31:41.576598+00:00,1,94736,300,legacy_ops
opp_gen_0001691,send_reminder,2026-01-17T22:28:27.871199+00:00,0,0,300,legacy_ops
opp_gen_0001695,prompt_card_change,2026-01-17T23:07:03.393036+00:00,0,0,2000,legacy_ops
opp_gen_0001696,send_payment_link,2026-01-17T09:55:56.147762+00:00,1,918701,1500,legacy_ops
opp_gen_0001697,send_reminder,2026-01-17T16:15:48.623533+00:00,1,46315,300,legacy_ops
opp_gen_0001698,send_reminder,2026-01-17T07:22:09.421056+00:00,0,0,300,legacy_ops
opp_gen_0001702,send_reminder,2026-01-17T20:57:14.146840+00:00,1,177275,300,legacy_ops
opp_gen_0001706,send_reminder,2026-01-17T19:18:05.236105+00:00,1,50425,300,legacy_ops
opp_gen_0001712,send_reminder,2026-01-17T23:19:30.582829+00:00,0,0,300,legacy_ops
opp_gen_0001719,send_payment_link,2026-01-17T15:54:51.396367+00:00,0,0,1500,legacy_ops
opp_gen_0001721,send_reminder,2026-01-17T14:31:25.700414+00:00,1,285993,300,legacy_ops
opp_gen_0001724,send_payment_link,2026-01-17T00:55:35.908947+00:00,1,3326798,1500,legacy_ops
opp_gen_0001725,send_payment_link,2026-01-17T16:52:34.007396+00:00,1,311564,1500,legacy_ops
opp_gen_0001726,send_reminder,2026-01-17T04:13:50.149086+00:00,1,364534,300,legacy_ops
opp_gen_0001727,send_payment_link,2026-01-17T18:25:30.645879+00:00,1,133012,1500,legacy_ops
opp_gen_0001732,send_payment_link,2026-01-17T10:51:51.014549+00:00,1,208739,1500,legacy_ops
opp_gen_0001733,send_reminder,2026-01-17T17:19:42.298461+00:00,1,233664,300,legacy_ops
opp_gen_0001734,send_payment_link,2026-01-17T23:56:38.858260+00:00,0,0,1500,legacy_ops
opp_gen_0001736,send_payment_link,2026-01-17T21:48:17.865631+00:00,1,564282,1500,legacy_ops
opp_gen_0001741,send_payment_link,2026-01-17T10:03:03.506360+00:00,0,0,1500,legacy_ops
opp_gen_0001746,send_payment_link,2026-01-17T09:10:21.696035+00:00,1,1748904,1500,legacy_ops
opp_gen_0001752,send_reminder,2026-01-17T21:31:51.448853+00:00,1,461404,300,legacy_ops
opp_gen_0001756,send_reminder,2026-01-17T07:44:31.908259+00:00,1,48930,300,legacy_ops
opp_gen_0001763,send_payment_link,2026-01-17T17:16:55.270824+00:00,1,551627,1500,legacy_ops
opp_gen_0001768,send_payment_link,2026-01-19T00:26:21.586167+00:00,1,59134,1500,legacy_ops
opp_gen_0001774,send_payment_link,2026-01-18T06:12:01.319538+00:00,0,0,1500,legacy_ops
opp_gen_0001777,send_reminder,2026-01-18T20:37:23.998542+00:00,1,124892,300,legacy_ops
opp_gen_0001780,send_payment_link,2026-01-18T20:56:06.301888+00:00,0,0,1500,legacy_ops
opp_gen_0001784,send_reminder,2026-01-18T18:22:04.288074+00:00,0,0,300,legacy_ops
opp_gen_0001789,send_reminder,2026-01-18T23:26:25.592863+00:00,1,127323,300,legacy_ops
opp_gen_0001792,send_reminder,2026-01-18T02:31:28.821071+00:00,1,38682,300,legacy_ops
opp_gen_0001793,send_payment_link,2026-01-18T21:59:11.379981+00:00,1,316748,1500,legacy_ops
opp_gen_0001795,send_payment_link,2026-01-18T01:17:50.041409+00:00,1,553909,1500,legacy_ops
opp_gen_0001797,send_reminder,2026-01-18T19:37:39.186997+00:00,1,62806,300,legacy_ops
opp_gen_0001803,send_payment_link,2026-01-18T11:24:56.863989+00:00,1,1095885,1500,legacy_ops
opp_gen_0001806,send_reminder,2026-01-18T06:42:16.517255+00:00,0,0,300,legacy_ops
opp_gen_0001807,send_reminder,2026-01-18T15:51:14.677026+00:00,0,0,300,legacy_ops
opp_gen_0001819,wait_for_native_retry,2026-01-18T21:32:11.894232+00:00,0,0,0,legacy_ops
opp_gen_0001827,prompt_card_change,2026-01-18T16:43:56.232526+00:00,1,200600,2000,legacy_ops
opp_gen_0001832,send_payment_link,2026-01-18T05:32:14.052783+00:00,0,0,1500,legacy_ops
opp_gen_0001833,send_reminder,2026-01-18T04:03:17.909032+00:00,1,51012,300,legacy_ops
opp_gen_0001835,send_payment_link,2026-01-18T04:32:32.747181+00:00,1,38281,1500,legacy_ops
opp_gen_0001839,send_payment_link,2026-01-18T20:20:42.006445+00:00,0,0,1500,legacy_ops
opp_gen_0001841,prompt_card_change,2026-01-18T01:58:47.784397+00:00,1,982083,2000,legacy_ops
opp_gen_0001845,send_payment_link,2026-01-18T04:21:23.789629+00:00,1,334820,1500,legacy_ops
opp_gen_0001846,send_payment_link,2026-01-18T17:29:29.335084+00:00,0,0,1500,legacy_ops
opp_gen_0001848,send_payment_link,2026-01-18T09:49:37.349923+00:00,1,1051893,1500,legacy_ops
opp_gen_0001857,send_payment_link,2026-01-18T02:38:46.310432+00:00,0,0,1500,legacy_ops
opp_gen_0001858,send_payment_link,2026-01-18T19:45:45.571421+00:00,0,0,1500,legacy_ops
opp_gen_0001859,prompt_card_change,2026-01-18T05:17:13.772938+00:00,0,0,2000,legacy_ops
opp_gen_0001865,send_reminder,2026-01-19T01:52:57.869586+00:00,0,0,300,legacy_ops
opp_gen_0001869,send_payment_link,2026-01-19T04:06:57.291421+00:00,0,0,1500,legacy_ops
opp_gen_0001877,send_payment_link,2026-01-19T14:39:44.177503+00:00,1,115281,1500,legacy_ops
opp_gen_0001881,send_reminder,2026-01-19T12:10:45.391922+00:00,0,0,300,legacy_ops
opp_gen_0001883,send_payment_link,2026-01-19T13:13:40.964699+00:00,0,0,1500,legacy_ops
opp_gen_0001892,send_payment_link,2026-01-19T07:38:56.113054+00:00,0,0,1500,legacy_ops
opp_gen_0001893,send_reminder,2026-01-19T12:18:01.372441+00:00,0,0,300,legacy_ops
opp_gen_0001901,send_payment_link,2026-01-19T07:20:29.064208+00:00,1,1053958,1500,legacy_ops
opp_gen_0001905,prompt_card_change,2026-01-19T16:11:01.790793+00:00,1,77095,2000,legacy_ops
opp_gen_0001907,send_reminder,2026-01-19T10:03:59.466888+00:00,1,430129,300,legacy_ops
opp_gen_0001909,send_payment_link,2026-01-19T07:36:00.139888+00:00,0,0,1500,legacy_ops
opp_gen_0001911,send_payment_link,2026-01-19T01:59:38.363266+00:00,1,254226,1500,legacy_ops
opp_gen_0001919,send_payment_link,2026-01-19T23:43:50.058890+00:00,1,2060595,1500,legacy_ops
opp_gen_0001929,send_payment_link,2026-01-19T07:51:23.319167+00:00,0,0,1500,legacy_ops
opp_gen_0001933,send_payment_link,2026-01-19T04:33:35.914767+00:00,0,0,1500,legacy_ops
opp_gen_0001936,wait_for_native_retry,2026-01-19T07:38:45.966026+00:00,0,0,0,legacy_ops
opp_gen_0001941,send_reminder,2026-01-20T10:41:44.314080+00:00,0,0,300,legacy_ops
opp_gen_0001944,send_payment_link,2026-01-20T09:36:37.034766+00:00,0,0,1500,legacy_ops
opp_gen_0001945,wait_for_native_retry,2026-01-20T12:29:30.563204+00:00,1,37368,0,legacy_ops
opp_gen_0001951,wait_for_native_retry,2026-01-20T17:36:03.413016+00:00,0,0,0,legacy_ops
opp_gen_0001953,send_payment_link,2026-01-20T19:14:13.004289+00:00,0,0,1500,legacy_ops
opp_gen_0001956,send_payment_link,2026-01-20T23:31:00.615682+00:00,1,479374,1500,legacy_ops
opp_gen_0001961,wait_for_native_retry,2026-01-20T02:09:53.654305+00:00,0,0,0,legacy_ops
opp_gen_0001964,send_payment_link,2026-01-20T20:59:00.972828+00:00,1,523007,1500,legacy_ops
opp_gen_0001965,wait_for_native_retry,2026-01-20T21:33:15.567266+00:00,0,0,0,legacy_ops
opp_gen_0001966,prompt_card_change,2026-01-20T12:01:10.390065+00:00,0,0,2000,legacy_ops
opp_gen_0001967,send_payment_link,2026-01-20T04:22:54.990686+00:00,0,0,1500,legacy_ops
opp_gen_0001968,send_reminder,2026-01-20T13:10:07.891759+00:00,0,0,300,legacy_ops
opp_gen_0001970,send_payment_link,2026-01-21T00:11:34.082969+00:00,0,0,1500,legacy_ops
opp_gen_0001971,send_reminder,2026-01-20T04:58:14.624383+00:00,1,380956,300,legacy_ops
opp_gen_0001974,send_payment_link,2026-01-20T06:42:37.798829+00:00,0,0,1500,legacy_ops
opp_gen_0001978,prompt_card_change,2026-01-20T16:52:32.441529+00:00,0,0,2000,legacy_ops
opp_gen_0001983,wait_for_native_retry,2026-01-20T00:56:09.897474+00:00,0,0,0,legacy_ops
opp_gen_0001986,send_payment_link,2026-01-20T21:48:37.477646+00:00,1,3075821,1500,legacy_ops
opp_gen_0001994,send_payment_link,2026-01-20T13:26:13.174904+00:00,1,3125285,1500,legacy_ops
opp_gen_0001995,send_payment_link,2026-01-20T02:06:01.906394+00:00,0,0,1500,legacy_ops
opp_gen_0001999,send_payment_link,2026-01-20T11:01:40.982666+00:00,1,1394391,1500,legacy_ops
opp_gen_0002000,wait_for_native_retry,2026-01-20T14:14:55.325553+00:00,1,3561627,0,legacy_ops
opp_gen_0002008,send_payment_link,2026-01-20T02:59:06.446273+00:00,1,188960,1500,legacy_ops
opp_gen_0002012,send_reminder,2026-01-20T02:13:46.277962+00:00,1,291424,300,legacy_ops
opp_gen_0002015,send_payment_link,2026-01-20T06:41:04.318787+00:00,1,928665,1500,legacy_ops
opp_gen_0002016,wait_for_native_retry,2026-01-20T13:43:57.357758+00:00,1,251129,0,legacy_ops
opp_gen_0002029,send_reminder,2026-01-21T02:46:13.648305+00:00,0,0,300,legacy_ops
opp_gen_0002033,send_payment_link,2026-01-21T14:35:14.639029+00:00,1,1070881,1500,legacy_ops
opp_gen_0002034,send_payment_link,2026-01-22T00:11:22.704569+00:00,1,95985,1500,legacy_ops
opp_gen_0002050,send_payment_link,2026-01-21T22:03:05.220405+00:00,0,0,1500,legacy_ops
opp_gen_0002051,send_payment_link,2026-01-21T11:08:55.034555+00:00,0,0,1500,legacy_ops
opp_gen_0002053,send_payment_link,2026-01-21T11:03:48.043608+00:00,0,0,1500,legacy_ops
opp_gen_0002058,send_payment_link,2026-01-21T04:43:57.106888+00:00,1,3152553,1500,legacy_ops
opp_gen_0002061,send_payment_link,2026-01-21T11:12:30.980120+00:00,0,0,1500,legacy_ops
opp_gen_0002063,send_payment_link,2026-01-21T23:19:00.691875+00:00,1,844994,1500,legacy_ops
opp_gen_0002072,prompt_card_change,2026-01-21T15:14:22.672115+00:00,0,0,2000,legacy_ops
opp_gen_0002073,send_payment_link,2026-01-21T00:10:49.787219+00:00,0,0,1500,legacy_ops
opp_gen_0002075,send_payment_link,2026-01-21T09:09:12.528568+00:00,1,675562,1500,legacy_ops
opp_gen_0002077,send_payment_link,2026-01-21T17:53:00.219523+00:00,1,453690,1500,legacy_ops
opp_gen_0002083,send_payment_link,2026-01-21T17:20:03.201694+00:00,1,723863,1500,legacy_ops
opp_gen_0002084,send_payment_link,2026-01-21T10:32:56.689916+00:00,1,208560,1500,legacy_ops
opp_gen_0002086,send_payment_link,2026-01-21T15:56:37.869764+00:00,0,0,1500,legacy_ops
opp_gen_0002089,send_payment_link,2026-01-21T09:33:34.159656+00:00,0,0,1500,legacy_ops
opp_gen_0002092,send_payment_link,2026-01-21T04:05:58.492019+00:00,0,0,1500,legacy_ops
opp_gen_0002098,send_payment_link,2026-01-21T05:42:08.773910+00:00,0,0,1500,legacy_ops
opp_gen_0002099,send_reminder,2026-01-21T15:17:33.640080+00:00,1,284319,300,legacy_ops
opp_gen_0002105,send_payment_link,2026-01-21T10:20:56.818031+00:00,1,429361,1500,legacy_ops
opp_gen_0002107,send_payment_link,2026-01-21T16:53:13.452035+00:00,0,0,1500,legacy_ops
opp_gen_0002108,send_payment_link,2026-01-21T23:28:26.950922+00:00,1,38643,1500,legacy_ops
opp_gen_0002121,send_reminder,2026-01-22T01:49:44.900920+00:00,1,275622,300,legacy_ops
opp_gen_0002134,prompt_card_change,2026-01-22T16:54:59.833486+00:00,1,179059,2000,legacy_ops
opp_gen_0002137,send_reminder,2026-01-22T23:12:40.039514+00:00,1,166335,300,legacy_ops
opp_gen_0002142,send_payment_link,2026-01-22T15:56:58.468733+00:00,1,263342,1500,legacy_ops
opp_gen_0002143,prompt_card_change,2026-01-22T05:22:57.078063+00:00,1,3214356,2000,legacy_ops
opp_gen_0002145,send_payment_link,2026-01-22T00:25:59.445703+00:00,1,880595,1500,legacy_ops
opp_gen_0002150,send_payment_link,2026-01-22T01:18:36.698016+00:00,1,269740,1500,legacy_ops
opp_gen_0002151,send_payment_link,2026-01-22T05:44:11.583022+00:00,0,0,1500,legacy_ops
opp_gen_0002153,send_reminder,2026-01-22T23:17:47.085739+00:00,0,0,300,legacy_ops
opp_gen_0002154,send_payment_link,2026-01-22T03:06:16.956934+00:00,1,74935,1500,legacy_ops
opp_gen_0002157,send_payment_link,2026-01-22T19:52:25.567226+00:00,1,163384,1500,legacy_ops
opp_gen_0002159,send_payment_link,2026-01-22T02:27:08.278715+00:00,0,0,1500,legacy_ops
opp_gen_0002163,prompt_card_change,2026-01-22T15:26:52.788418+00:00,1,37617,2000,legacy_ops
opp_gen_0002164,send_payment_link,2026-01-22T04:20:05.847696+00:00,1,696082,1500,legacy_ops
opp_gen_0002167,send_payment_link,2026-01-23T00:15:39.170870+00:00,0,0,1500,legacy_ops
opp_gen_0002169,send_payment_link,2026-01-22T15:19:45.654759+00:00,0,0,1500,legacy_ops
opp_gen_0002171,send_reminder,2026-01-22T03:06:14.969662+00:00,1,103401,300,legacy_ops
opp_gen_0002172,send_reminder,2026-01-22T21:35:30.972863+00:00,1,112863,300,legacy_ops
opp_gen_0002179,send_payment_link,2026-01-22T18:48:57.413408+00:00,0,0,1500,legacy_ops
opp_gen_0002186,wait_for_native_retry,2026-01-22T15:28:32.565828+00:00,0,0,0,legacy_ops
opp_gen_0002189,send_payment_link,2026-01-22T23:37:15.312023+00:00,1,453440,1500,legacy_ops
opp_gen_0002191,send_payment_link,2026-01-22T05:27:39.338814+00:00,0,0,1500,legacy_ops
opp_gen_0002205,send_payment_link,2026-01-22T05:54:04.757736+00:00,0,0,1500,legacy_ops
opp_gen_0002207,send_reminder,2026-01-22T12:05:42.029768+00:00,1,210605,300,legacy_ops
opp_gen_0002211,send_payment_link,2026-01-23T17:42:55.325635+00:00,1,1687634,1500,legacy_ops
opp_gen_0002221,send_payment_link,2026-01-23T03:58:06.839530+00:00,1,263143,1500,legacy_ops
opp_gen_0002230,prompt_card_change,2026-01-23T22:19:33.118104+00:00,0,0,2000,legacy_ops
opp_gen_0002231,send_reminder,2026-01-23T09:19:27.066823+00:00,0,0,300,legacy_ops
opp_gen_0002234,send_reminder,2026-01-23T05:14:22.272605+00:00,1,79138,300,legacy_ops
opp_gen_0002235,send_payment_link,2026-01-23T03:02:05.705960+00:00,1,822350,1500,legacy_ops
opp_gen_0002241,wait_for_native_retry,2026-01-23T15:31:58.911049+00:00,1,173865,0,legacy_ops
opp_gen_0002245,send_payment_link,2026-01-23T14:07:22.890588+00:00,0,0,1500,legacy_ops
opp_gen_0002247,send_payment_link,2026-01-23T19:35:04.439707+00:00,0,0,1500,legacy_ops
opp_gen_0002250,send_payment_link,2026-01-23T15:21:17.577111+00:00,0,0,1500,legacy_ops
opp_gen_0002263,prompt_card_change,2026-01-23T23:06:34.504461+00:00,1,804655,2000,legacy_ops
opp_gen_0002265,send_payment_link,2026-01-23T17:54:35.189839+00:00,0,0,1500,legacy_ops
opp_gen_0002268,send_payment_link,2026-01-23T02:38:48.784871+00:00,1,334942,1500,legacy_ops
opp_gen_0002269,send_reminder,2026-01-23T19:52:49.580878+00:00,0,0,300,legacy_ops
opp_gen_0002270,send_reminder,2026-01-23T23:47:08.234176+00:00,1,483084,300,legacy_ops
opp_gen_0002277,send_reminder,2026-01-23T17:43:24.312181+00:00,1,60239,300,legacy_ops
opp_gen_0002284,send_payment_link,2026-01-23T18:52:26.738157+00:00,1,166709,1500,legacy_ops
opp_gen_0002288,prompt_card_change,2026-01-23T12:44:23.806171+00:00,1,182127,2000,legacy_ops
opp_gen_0002295,send_reminder,2026-01-23T00:38:00.279832+00:00,1,194163,300,legacy_ops
opp_gen_0002298,send_payment_link,2026-01-23T07:59:52.878305+00:00,1,142091,1500,legacy_ops
opp_gen_0002299,send_payment_link,2026-01-23T21:58:28.702372+00:00,1,1091969,1500,legacy_ops
opp_gen_0002304,send_payment_link,2026-01-23T04:55:17.266934+00:00,1,41974,1500,legacy_ops
opp_gen_0002309,send_payment_link,2026-01-24T15:30:29.987390+00:00,1,897595,1500,legacy_ops
opp_gen_0002312,send_reminder,2026-01-24T14:23:50.083278+00:00,1,160222,300,legacy_ops
opp_gen_0002314,send_reminder,2026-01-24T21:32:14.908686+00:00,1,248419,300,legacy_ops
opp_gen_0002322,send_payment_link,2026-01-24T13:59:57.543799+00:00,0,0,1500,legacy_ops
opp_gen_0002328,send_payment_link,2026-01-24T03:14:33.379168+00:00,1,1163700,1500,legacy_ops
opp_gen_0002335,send_payment_link,2026-01-24T20:42:07.496873+00:00,1,1075156,1500,legacy_ops
opp_gen_0002336,send_reminder,2026-01-24T02:18:40.029243+00:00,0,0,300,legacy_ops
opp_gen_0002349,send_reminder,2026-01-24T10:19:27.210392+00:00,1,121658,300,legacy_ops
opp_gen_0002358,send_payment_link,2026-01-24T05:36:06.798824+00:00,0,0,1500,legacy_ops
opp_gen_0002375,send_reminder,2026-01-24T20:35:50.647751+00:00,1,486835,300,legacy_ops
opp_gen_0002376,send_payment_link,2026-01-24T03:41:50.568731+00:00,1,287949,1500,legacy_ops
opp_gen_0002380,send_payment_link,2026-01-24T15:08:17.069118+00:00,1,736103,1500,legacy_ops
opp_gen_0002385,send_payment_link,2026-01-24T03:06:37.030925+00:00,0,0,1500,legacy_ops
opp_gen_0002388,send_reminder,2026-01-24T14:51:20.436686+00:00,0,0,300,legacy_ops
opp_gen_0002389,wait_for_native_retry,2026-01-24T01:22:47.472566+00:00,1,2872531,0,legacy_ops
opp_gen_0002391,send_payment_link,2026-01-24T21:57:59.949860+00:00,0,0,1500,legacy_ops
opp_gen_0002393,send_payment_link,2026-01-24T02:36:29.822488+00:00,1,3911614,1500,legacy_ops
opp_gen_0002399,send_payment_link,2026-01-25T12:53:13.172586+00:00,1,652372,1500,legacy_ops
opp_gen_0002409,send_payment_link,2026-01-25T00:14:26.442374+00:00,1,200204,1500,legacy_ops
opp_gen_0002413,send_payment_link,2026-01-25T00:57:14.478008+00:00,0,0,1500,legacy_ops
opp_gen_0002422,send_reminder,2026-01-25T06:53:27.519936+00:00,1,236982,300,legacy_ops
opp_gen_0002424,send_payment_link,2026-01-25T03:33:31.066729+00:00,0,0,1500,legacy_ops
opp_gen_0002427,send_reminder,2026-01-25T11:00:39.235883+00:00,1,158607,300,legacy_ops
opp_gen_0002430,send_payment_link,2026-01-25T10:58:05.251015+00:00,0,0,1500,legacy_ops
opp_gen_0002438,send_payment_link,2026-01-25T14:20:28.922572+00:00,1,212247,1500,legacy_ops
opp_gen_0002441,wait_for_native_retry,2026-01-25T03:50:57.040037+00:00,0,0,0,legacy_ops
opp_gen_0002447,send_reminder,2026-01-25T23:54:57.749822+00:00,1,195090,300,legacy_ops
opp_gen_0002449,send_payment_link,2026-01-25T14:34:47.822174+00:00,0,0,1500,legacy_ops
opp_gen_0002458,send_payment_link,2026-01-25T04:28:56.444331+00:00,1,268446,1500,legacy_ops
opp_gen_0002463,send_payment_link,2026-01-25T12:35:30.113546+00:00,1,724597,1500,legacy_ops
opp_gen_0002469,send_payment_link,2026-01-25T23:44:30.971334+00:00,1,2562042,1500,legacy_ops
opp_gen_0002477,send_reminder,2026-01-25T07:11:16.171581+00:00,1,112304,300,legacy_ops
opp_gen_0002478,send_payment_link,2026-01-25T17:30:52.326016+00:00,0,0,1500,legacy_ops
opp_gen_0002483,send_reminder,2026-01-25T15:00:22.900499+00:00,1,103611,300,legacy_ops
opp_gen_0002484,send_payment_link,2026-01-25T07:07:57.673431+00:00,1,164547,1500,legacy_ops
opp_gen_0002487,send_reminder,2026-01-25T00:46:31.459476+00:00,1,1809834,300,legacy_ops
opp_gen_0002493,send_payment_link,2026-01-26T03:09:46.651867+00:00,0,0,1500,legacy_ops
opp_gen_0002498,send_reminder,2026-01-26T08:39:40.506728+00:00,1,1126209,300,legacy_ops
opp_gen_0002499,send_reminder,2026-01-26T10:03:44.293843+00:00,0,0,300,legacy_ops
opp_gen_0002503,send_payment_link,2026-01-26T18:59:25.878851+00:00,1,342190,1500,legacy_ops
opp_gen_0002506,send_payment_link,2026-01-26T18:09:36.892193+00:00,1,571604,1500,legacy_ops
opp_gen_0002508,send_reminder,2026-01-26T15:09:37.482908+00:00,0,0,300,legacy_ops
opp_gen_0002509,send_payment_link,2026-01-27T00:03:18.280140+00:00,1,862577,1500,legacy_ops
opp_gen_0002515,send_reminder,2026-01-26T15:10:02.028982+00:00,0,0,300,legacy_ops
opp_gen_0002518,send_payment_link,2026-01-26T22:07:02.523523+00:00,1,1152970,1500,legacy_ops
opp_gen_0002520,send_payment_link,2026-01-26T07:48:09.153989+00:00,1,139226,1500,legacy_ops
opp_gen_0002523,send_payment_link,2026-01-26T23:56:47.138083+00:00,1,92249,1500,legacy_ops
opp_gen_0002531,send_payment_link,2026-01-26T21:14:51.183476+00:00,1,627343,1500,legacy_ops
opp_gen_0002535,send_payment_link,2026-01-26T03:50:04.152783+00:00,0,0,1500,legacy_ops
opp_gen_0002539,send_payment_link,2026-01-26T16:41:06.850431+00:00,1,1031652,1500,legacy_ops
opp_gen_0002549,send_payment_link,2026-01-26T22:45:20.833859+00:00,1,1048588,1500,legacy_ops
opp_gen_0002551,send_reminder,2026-01-26T05:41:20.359951+00:00,1,129322,300,legacy_ops
opp_gen_0002554,send_reminder,2026-01-26T01:21:43.292401+00:00,1,483237,300,legacy_ops
opp_gen_0002557,send_payment_link,2026-01-26T22:05:27.647227+00:00,1,154380,1500,legacy_ops
opp_gen_0002559,send_payment_link,2026-01-26T18:47:47.584889+00:00,1,1170142,1500,legacy_ops
opp_gen_0002563,send_payment_link,2026-01-26T19:21:30.487404+00:00,1,122245,1500,legacy_ops
opp_gen_0002565,send_payment_link,2026-01-26T23:36:35.769933+00:00,1,84770,1500,legacy_ops
opp_gen_0002566,send_payment_link,2026-01-26T13:27:25.371524+00:00,1,108906,1500,legacy_ops
opp_gen_0002567,send_payment_link,2026-01-26T12:33:43.536869+00:00,1,60625,1500,legacy_ops
opp_gen_0002583,send_payment_link,2026-01-27T11:44:51.264762+00:00,1,2470659,1500,legacy_ops
opp_gen_0002586,send_payment_link,2026-01-27T09:26:04.955980+00:00,1,928648,1500,legacy_ops
opp_gen_0002593,send_payment_link,2026-01-27T06:53:39.083322+00:00,1,2731938,1500,legacy_ops
opp_gen_0002594,send_reminder,2026-01-27T11:19:38.877661+00:00,0,0,300,legacy_ops
opp_gen_0002596,send_reminder,2026-01-27T01:54:34.592506+00:00,0,0,300,legacy_ops
opp_gen_0002597,send_payment_link,2026-01-27T07:45:15.144232+00:00,1,1122796,1500,legacy_ops
opp_gen_0002600,send_payment_link,2026-01-27T22:51:15.925192+00:00,1,3281680,1500,legacy_ops
opp_gen_0002602,send_payment_link,2026-01-27T11:37:36.366237+00:00,0,0,1500,legacy_ops
opp_gen_0002606,send_payment_link,2026-01-27T03:35:01.354599+00:00,0,0,1500,legacy_ops
opp_gen_0002609,send_reminder,2026-01-27T13:35:08.164012+00:00,0,0,300,legacy_ops
opp_gen_0002611,send_payment_link,2026-01-27T07:19:12.340891+00:00,0,0,1500,legacy_ops
opp_gen_0002612,send_payment_link,2026-01-27T02:37:47.208345+00:00,0,0,1500,legacy_ops
opp_gen_0002617,send_reminder,2026-01-27T22:00:38.694075+00:00,0,0,300,legacy_ops
opp_gen_0002620,send_payment_link,2026-01-27T02:54:02.429811+00:00,0,0,1500,legacy_ops
opp_gen_0002622,wait_for_native_retry,2026-01-27T22:55:38.082839+00:00,0,0,0,legacy_ops
opp_gen_0002626,send_reminder,2026-01-27T09:39:29.608972+00:00,0,0,300,legacy_ops
opp_gen_0002628,send_payment_link,2026-01-27T03:40:19.117430+00:00,1,46069,1500,legacy_ops
opp_gen_0002637,send_payment_link,2026-01-27T11:55:39.499271+00:00,1,221355,1500,legacy_ops
opp_gen_0002641,send_reminder,2026-01-27T22:33:26.596261+00:00,0,0,300,legacy_ops
opp_gen_0002649,send_reminder,2026-01-27T16:49:24.050447+00:00,0,0,300,legacy_ops
opp_gen_0002652,send_payment_link,2026-01-27T16:33:09.802984+00:00,0,0,1500,legacy_ops
opp_gen_0002653,send_reminder,2026-01-27T15:21:04.003938+00:00,0,0,300,legacy_ops
opp_gen_0002656,send_payment_link,2026-01-27T23:58:17.605024+00:00,0,0,1500,legacy_ops
opp_gen_0002660,send_payment_link,2026-01-27T10:06:45.628903+00:00,1,125798,1500,legacy_ops
opp_gen_0002661,send_reminder,2026-01-27T10:18:07.376348+00:00,0,0,300,legacy_ops
opp_gen_0002668,send_payment_link,2026-01-27T23:56:28.095990+00:00,0,0,1500,legacy_ops
opp_gen_0002669,send_payment_link,2026-01-27T14:19:13.115783+00:00,1,170832,1500,legacy_ops
opp_gen_0002674,send_payment_link,2026-01-27T16:49:36.749970+00:00,1,174217,1500,legacy_ops
opp_gen_0002677,send_payment_link,2026-01-28T10:47:09.494463+00:00,1,92331,1500,legacy_ops
opp_gen_0002680,send_reminder,2026-01-28T14:49:28.927861+00:00,0,0,300,legacy_ops
opp_gen_0002681,send_reminder,2026-01-28T23:58:37.922465+00:00,1,53881,300,legacy_ops
opp_gen_0002682,send_payment_link,2026-01-28T03:24:04.620389+00:00,1,161743,1500,legacy_ops
opp_gen_0002684,send_payment_link,2026-01-28T14:29:16.163463+00:00,1,833980,1500,legacy_ops
opp_gen_0002689,send_payment_link,2026-01-28T04:24:52.883503+00:00,0,0,1500,legacy_ops
opp_gen_0002697,send_reminder,2026-01-28T06:55:30.230758+00:00,0,0,300,legacy_ops
opp_gen_0002710,send_payment_link,2026-01-28T15:39:23.444925+00:00,0,0,1500,legacy_ops
opp_gen_0002712,send_payment_link,2026-01-28T21:38:24.336266+00:00,1,515712,1500,legacy_ops
opp_gen_0002717,send_payment_link,2026-01-28T22:52:35.369608+00:00,1,135160,1500,legacy_ops
opp_gen_0002720,send_reminder,2026-01-28T16:55:02.500330+00:00,0,0,300,legacy_ops
opp_gen_0002726,prompt_card_change,2026-01-28T06:58:20.723792+00:00,1,407020,2000,legacy_ops
opp_gen_0002728,send_payment_link,2026-01-28T15:04:53.062393+00:00,1,3835423,1500,legacy_ops
opp_gen_0002731,send_payment_link,2026-01-28T11:58:54.210570+00:00,1,84286,1500,legacy_ops
opp_gen_0002741,send_payment_link,2026-01-28T03:01:54.087533+00:00,1,242716,1500,legacy_ops
opp_gen_0002743,send_reminder,2026-01-28T19:12:42.051197+00:00,1,82149,300,legacy_ops
opp_gen_0002749,send_payment_link,2026-01-28T19:21:48.555884+00:00,0,0,1500,legacy_ops
opp_gen_0002750,prompt_card_change,2026-01-28T20:04:55.952365+00:00,1,762384,2000,legacy_ops
opp_gen_0002753,send_reminder,2026-01-28T14:23:19.246376+00:00,1,136293,300,legacy_ops
opp_gen_0002754,wait_for_native_retry,2026-01-28T19:24:11.098832+00:00,0,0,0,legacy_ops
opp_gen_0002755,send_payment_link,2026-01-28T22:51:40.311827+00:00,1,215098,1500,legacy_ops
opp_gen_0002756,send_reminder,2026-01-28T09:22:30.819652+00:00,1,183598,300,legacy_ops
opp_gen_0002757,send_payment_link,2026-01-28T06:30:46.463171+00:00,1,128143,1500,legacy_ops
opp_gen_0002758,send_payment_link,2026-01-28T21:14:45.169588+00:00,1,560312,1500,legacy_ops
opp_gen_0002763,send_reminder,2026-01-28T17:16:02.096431+00:00,0,0,300,legacy_ops
opp_gen_0002773,send_payment_link,2026-01-28T16:40:26.685652+00:00,1,199792,1500,legacy_ops
opp_gen_0002774,prompt_card_change,2026-01-28T02:52:40.966670+00:00,0,0,2000,legacy_ops
opp_gen_0002779,send_payment_link,2026-01-28T22:37:30.526083+00:00,0,0,1500,legacy_ops
opp_gen_0002788,prompt_card_change,2026-01-29T00:27:09.590285+00:00,0,0,2000,legacy_ops
opp_gen_0002790,send_payment_link,2026-01-29T08:02:02.497190+00:00,1,137710,1500,legacy_ops
opp_gen_0002793,send_payment_link,2026-01-29T23:28:11.798736+00:00,0,0,1500,legacy_ops
opp_gen_0002798,send_payment_link,2026-01-29T03:58:53.435208+00:00,0,0,1500,legacy_ops
opp_gen_0002802,send_payment_link,2026-01-29T03:46:09.383646+00:00,1,209106,1500,legacy_ops
opp_gen_0002805,prompt_card_change,2026-01-29T19:50:40.345085+00:00,0,0,2000,legacy_ops
opp_gen_0002806,send_payment_link,2026-01-29T03:43:55.497395+00:00,1,154304,1500,legacy_ops
opp_gen_0002814,wait_for_native_retry,2026-01-29T11:56:26.157878+00:00,0,0,0,legacy_ops
opp_gen_0002816,send_payment_link,2026-01-29T20:06:51.597928+00:00,0,0,1500,legacy_ops
opp_gen_0002821,send_reminder,2026-01-29T17:59:05.903654+00:00,0,0,300,legacy_ops
opp_gen_0002825,send_payment_link,2026-01-29T10:53:42.067100+00:00,1,341778,1500,legacy_ops
opp_gen_0002827,send_payment_link,2026-01-29T03:39:09.165280+00:00,1,557147,1500,legacy_ops
opp_gen_0002831,send_payment_link,2026-01-29T01:13:46.537237+00:00,0,0,1500,legacy_ops
opp_gen_0002836,send_payment_link,2026-01-29T08:04:10.599260+00:00,1,195086,1500,legacy_ops
opp_gen_0002839,send_reminder,2026-01-29T02:22:35.815305+00:00,1,49012,300,legacy_ops
opp_gen_0002840,send_payment_link,2026-01-29T23:55:09.580115+00:00,1,581086,1500,legacy_ops
opp_gen_0002850,send_reminder,2026-01-29T23:24:45.326287+00:00,1,243803,300,legacy_ops
opp_gen_0002851,send_reminder,2026-01-29T14:48:10.238207+00:00,0,0,300,legacy_ops
opp_gen_0002852,send_payment_link,2026-01-29T06:49:44.796846+00:00,0,0,1500,legacy_ops
opp_gen_0002857,send_reminder,2026-01-29T03:09:23.821928+00:00,0,0,300,legacy_ops
opp_gen_0002860,send_reminder,2026-01-29T01:48:12.587487+00:00,1,156760,300,legacy_ops
opp_gen_0002861,send_payment_link,2026-01-29T01:02:03.407951+00:00,0,0,1500,legacy_ops
opp_gen_0002862,wait_for_native_retry,2026-01-29T06:27:44.087013+00:00,1,48985,0,legacy_ops
opp_gen_0002868,send_reminder,2026-01-29T08:18:14.147106+00:00,0,0,300,legacy_ops
opp_gen_0002874,send_payment_link,2026-01-29T00:40:23.379275+00:00,0,0,1500,legacy_ops
opp_gen_0002876,send_payment_link,2026-01-29T20:23:49.281321+00:00,0,0,1500,legacy_ops
opp_gen_0002882,wait_for_native_retry,2026-01-30T09:33:29.244536+00:00,1,183578,0,legacy_ops
opp_gen_0002885,send_payment_link,2026-01-30T06:51:23.560967+00:00,1,92101,1500,legacy_ops
opp_gen_0002890,send_payment_link,2026-01-30T21:44:03.491786+00:00,1,740856,1500,legacy_ops
opp_gen_0002892,send_payment_link,2026-01-30T13:03:32.417992+00:00,0,0,1500,legacy_ops
opp_gen_0002894,send_payment_link,2026-01-30T13:38:46.242090+00:00,0,0,1500,legacy_ops
opp_gen_0002897,send_payment_link,2026-01-30T01:54:10.973161+00:00,1,2540700,1500,legacy_ops
opp_gen_0002905,prompt_card_change,2026-01-30T06:54:37.031680+00:00,0,0,2000,legacy_ops
opp_gen_0002910,send_reminder,2026-01-30T15:08:30.338053+00:00,0,0,300,legacy_ops
opp_gen_0002936,send_reminder,2026-01-30T07:23:28.770591+00:00,0,0,300,legacy_ops
opp_gen_0002939,send_payment_link,2026-01-30T21:00:53.888543+00:00,0,0,1500,legacy_ops
opp_gen_0002946,send_payment_link,2026-01-30T10:21:31.847801+00:00,1,57206,1500,legacy_ops
opp_gen_0002947,send_reminder,2026-01-30T11:40:00.689952+00:00,1,149510,300,legacy_ops
opp_gen_0002950,send_reminder,2026-01-30T06:55:34.735574+00:00,1,477613,300,legacy_ops
opp_gen_0002953,send_payment_link,2026-01-31T00:30:52.428872+00:00,0,0,1500,legacy_ops
opp_gen_0002954,wait_for_native_retry,2026-01-30T21:49:34.572002+00:00,1,490546,0,legacy_ops
opp_gen_0002955,send_payment_link,2026-01-30T10:15:15.046733+00:00,1,65618,1500,legacy_ops
opp_gen_0002961,send_payment_link,2026-01-30T22:18:26.599509+00:00,1,253965,1500,legacy_ops
opp_gen_0002962,send_payment_link,2026-01-30T08:12:57.153186+00:00,0,0,1500,legacy_ops
opp_gen_0002970,send_reminder,2026-01-30T22:55:10.960973+00:00,1,79068,300,legacy_ops
opp_gen_0002977,prompt_card_change,2026-01-30T11:53:50.272721+00:00,1,153283,2000,legacy_ops
opp_gen_0002985,send_reminder,2026-01-30T12:36:20.804190+00:00,1,84205,300,legacy_ops
opp_gen_0002987,send_payment_link,2026-01-30T23:06:49.382044+00:00,0,0,1500,legacy_ops
opp_gen_0002990,wait_for_native_retry,2026-01-30T07:59:10.619085+00:00,0,0,0,legacy_ops
opp_gen_0002991,send_payment_link,2026-01-30T00:22:59.178101+00:00,0,0,1500,legacy_ops
opp_gen_0002995,send_reminder,2026-01-30T02:32:56.205409+00:00,0,0,300,legacy_ops
opp_gen_0003002,wait_for_native_retry,2026-01-30T00:39:04.398637+00:00,0,0,0,legacy_ops
opp_gen_0003007,send_payment_link,2026-01-30T20:17:47.964379+00:00,1,1166924,1500,legacy_ops
opp_gen_0003010,send_payment_link,2026-01-30T07:56:01.802767+00:00,0,0,1500,legacy_ops
opp_gen_0003021,send_reminder,2026-01-30T06:05:27.347830+00:00,0,0,300,legacy_ops
opp_gen_0003031,send_payment_link,2026-01-30T23:54:27.350738+00:00,0,0,1500,legacy_ops
opp_gen_0003032,wait_for_native_retry,2026-01-30T15:10:10.681751+00:00,1,2652476,0,legacy_ops
opp_gen_0003041,send_payment_link,2026-01-30T18:15:21.129021+00:00,1,2037543,1500,legacy_ops
opp_gen_0003042,send_reminder,2026-01-30T04:29:43.320365+00:00,1,101503,300,legacy_ops
opp_gen_0003052,send_reminder,2026-01-30T07:30:15.678345+00:00,1,102313,300,legacy_ops
opp_gen_0003055,send_payment_link,2026-01-30T05:50:34.484182+00:00,0,0,1500,legacy_ops
opp_gen_0003064,send_reminder,2026-01-30T17:34:12.967636+00:00,1,169478,300,legacy_ops
opp_gen_0003069,send_payment_link,2026-01-30T19:07:57.220642+00:00,1,442315,1500,legacy_ops
opp_gen_0003071,send_payment_link,2026-01-30T03:16:01.876083+00:00,1,203277,1500,legacy_ops
opp_gen_0003073,send_payment_link,2026-01-31T20:17:19.001875+00:00,1,581645,1500,legacy_ops
opp_gen_0003083,send_payment_link,2026-01-31T16:27:23.091449+00:00,1,279609,1500,legacy_ops
opp_gen_0003092,send_payment_link,2026-01-31T08:54:20.747001+00:00,1,183163,1500,legacy_ops
opp_gen_0003098,send_reminder,2026-01-31T20:40:12.262287+00:00,1,157817,300,legacy_ops
opp_gen_0003099,send_payment_link,2026-01-31T00:37:59.080958+00:00,0,0,1500,legacy_ops
opp_gen_0003112,send_payment_link,2026-01-31T02:22:04.924267+00:00,0,0,1500,legacy_ops
opp_gen_0003116,prompt_card_change,2026-01-31T06:43:23.727665+00:00,1,1090598,2000,legacy_ops
opp_gen_0003118,send_payment_link,2026-01-31T06:56:28.517092+00:00,0,0,1500,legacy_ops
opp_gen_0003119,send_payment_link,2026-01-31T23:09:42.901772+00:00,1,1078621,1500,legacy_ops
opp_gen_0003121,prompt_card_change,2026-01-31T15:30:02.642633+00:00,1,426551,2000,legacy_ops
opp_gen_0003122,send_payment_link,2026-01-31T04:51:35.080074+00:00,1,59092,1500,legacy_ops
opp_gen_0003124,wait_for_native_retry,2026-01-31T20:31:52.684241+00:00,0,0,0,legacy_ops
opp_gen_0003131,send_reminder,2026-01-31T21:42:59.925844+00:00,1,38053,300,legacy_ops
opp_gen_0003137,send_reminder,2026-01-31T08:14:08.443126+00:00,1,93459,300,legacy_ops
opp_gen_0003147,send_payment_link,2026-01-31T20:04:46.402876+00:00,1,290654,1500,legacy_ops
opp_gen_0003160,send_reminder,2026-01-31T14:06:26.618795+00:00,1,150568,300,legacy_ops
opp_gen_0003169,send_reminder,2026-01-31T03:45:18.261869+00:00,0,0,300,legacy_ops
opp_gen_0003172,send_reminder,2026-01-31T15:17:54.690169+00:00,0,0,300,legacy_ops
opp_gen_0003176,send_payment_link,2026-01-31T19:18:46.330050+00:00,0,0,1500,legacy_ops
opp_gen_0003181,send_payment_link,2026-01-31T02:10:20.513498+00:00,1,1465816,1500,legacy_ops
opp_gen_0003186,send_reminder,2026-01-31T00:13:28.387819+00:00,1,123783,300,legacy_ops
opp_gen_0003189,send_reminder,2026-01-31T19:09:56.562080+00:00,1,38866,300,legacy_ops
opp_gen_0003190,send_payment_link,2026-01-31T17:48:17.000453+00:00,1,1550899,1500,legacy_ops
opp_gen_0003195,send_reminder,2026-01-31T15:08:28.455357+00:00,0,0,300,legacy_ops
opp_gen_0003199,send_payment_link,2026-01-31T22:17:13.051955+00:00,1,119829,1500,legacy_ops
opp_gen_0003210,send_payment_link,2026-01-31T17:39:34.095587+00:00,1,290793,1500,legacy_ops
opp_gen_0003213,send_payment_link,2026-01-31T09:59:35.470260+00:00,1,501395,1500,legacy_ops
opp_gen_0003215,send_payment_link,2026-01-31T17:50:51.758907+00:00,1,2245981,1500,legacy_ops
opp_gen_0003217,send_reminder,2026-01-31T06:26:55.312548+00:00,1,384553,300,legacy_ops
opp_gen_0003223,send_payment_link,2026-01-31T08:07:34.267973+00:00,1,760549,1500,legacy_ops
opp_gen_0003234,send_reminder,2026-01-31T02:51:56.601113+00:00,1,190645,300,legacy_ops
opp_gen_0003236,send_payment_link,2026-01-31T09:48:35.273184+00:00,0,0,1500,legacy_ops
opp_gen_0003245,send_payment_link,2026-01-31T18:04:37.104958+00:00,1,191777,1500,legacy_ops
opp_gen_0003246,send_reminder,2026-01-31T03:00:41.044054+00:00,1,672672,300,legacy_ops
opp_gen_0003250,send_payment_link,2026-01-31T12:50:26.326777+00:00,0,0,1500,legacy_ops
opp_gen_0003252,send_reminder,2026-01-31T05:11:39.743973+00:00,1,433073,300,legacy_ops
opp_gen_0003254,send_payment_link,2026-01-31T06:49:08.921503+00:00,1,649260,1500,legacy_ops
opp_gen_0003257,send_reminder,2026-01-31T12:44:52.346819+00:00,0,0,300,legacy_ops
opp_gen_0003259,send_reminder,2026-01-31T11:06:09.262759+00:00,0,0,300,legacy_ops
opp_gen_0003269,send_payment_link,2026-01-31T01:38:22.383315+00:00,0,0,1500,legacy_ops
opp_gen_0003279,send_payment_link,2026-01-31T02:08:31.457692+00:00,1,881917,1500,legacy_ops
opp_gen_0003281,send_payment_link,2026-01-31T08:54:43.148780+00:00,0,0,1500,legacy_ops
opp_gen_0003283,send_reminder,2026-01-31T09:00:56.429263+00:00,1,69294,300,legacy_ops
opp_gen_0003289,send_reminder,2026-01-31T05:59:26.673653+00:00,0,0,300,legacy_ops
opp_gen_0003295,send_payment_link,2026-01-31T11:45:50.706715+00:00,0,0,1500,legacy_ops
opp_gen_0003296,send_reminder,2026-02-01T03:43:22.190696+00:00,0,0,300,legacy_ops
opp_gen_0003302,send_payment_link,2026-02-01T11:04:06.388981+00:00,0,0,1500,legacy_ops
opp_gen_0003303,send_payment_link,2026-02-01T11:33:38.033641+00:00,1,2566971,1500,legacy_ops
opp_gen_0003310,send_payment_link,2026-02-01T12:19:18.089970+00:00,1,4303537,1500,legacy_ops
opp_gen_0003313,send_reminder,2026-02-01T23:41:47.127041+00:00,1,121631,300,legacy_ops
opp_gen_0003319,send_payment_link,2026-02-01T22:19:40.017342+00:00,0,0,1500,legacy_ops
opp_gen_0003326,send_payment_link,2026-02-01T09:46:03.434296+00:00,1,1292443,1500,legacy_ops
opp_gen_0003335,send_payment_link,2026-02-01T18:36:01.918638+00:00,1,270658,1500,legacy_ops
opp_gen_0003336,send_payment_link,2026-02-01T17:42:50.290435+00:00,1,243483,1500,legacy_ops
opp_gen_0003338,send_reminder,2026-02-01T06:06:46.902094+00:00,0,0,300,legacy_ops
opp_gen_0003350,prompt_card_change,2026-02-01T04:50:54.988948+00:00,1,424149,2000,legacy_ops
opp_gen_0003361,send_payment_link,2026-02-01T14:17:40.825400+00:00,1,63618,1500,legacy_ops
opp_gen_0003362,send_payment_link,2026-02-01T11:42:36.763957+00:00,1,206498,1500,legacy_ops
opp_gen_0003363,send_payment_link,2026-02-01T19:42:33.216232+00:00,1,117914,1500,legacy_ops
opp_gen_0003367,send_payment_link,2026-02-01T21:29:11.254285+00:00,0,0,1500,legacy_ops
opp_gen_0003375,send_payment_link,2026-02-01T18:30:03.611812+00:00,0,0,1500,legacy_ops
opp_gen_0003376,send_payment_link,2026-02-01T10:19:58.585739+00:00,0,0,1500,legacy_ops
opp_gen_0003378,send_payment_link,2026-02-01T01:42:59.755406+00:00,1,3214213,1500,legacy_ops
opp_gen_0003379,send_payment_link,2026-02-01T11:25:48.922016+00:00,1,673291,1500,legacy_ops
opp_gen_0003380,send_payment_link,2026-02-01T01:48:45.083571+00:00,0,0,1500,legacy_ops
opp_gen_0003385,send_payment_link,2026-02-01T21:31:47.049084+00:00,0,0,1500,legacy_ops
opp_gen_0003388,send_payment_link,2026-02-01T12:13:41.052043+00:00,1,963805,1500,legacy_ops
opp_gen_0003394,send_payment_link,2026-02-01T04:49:30.479725+00:00,1,45344,1500,legacy_ops
opp_gen_0003395,send_reminder,2026-02-02T17:54:37.432724+00:00,0,0,300,legacy_ops
opp_gen_0003399,wait_for_native_retry,2026-02-02T08:28:17.284635+00:00,1,190283,0,legacy_ops
opp_gen_0003400,send_payment_link,2026-02-02T02:12:16.109308+00:00,1,140538,1500,legacy_ops
opp_gen_0003409,send_reminder,2026-02-02T20:43:41.279744+00:00,0,0,300,legacy_ops
opp_gen_0003410,send_payment_link,2026-02-02T21:35:41.636466+00:00,0,0,1500,legacy_ops
opp_gen_0003422,send_payment_link,2026-02-02T23:00:53.172897+00:00,0,0,1500,legacy_ops
opp_gen_0003426,send_payment_link,2026-02-02T21:17:25.319340+00:00,0,0,1500,legacy_ops
opp_gen_0003429,send_reminder,2026-02-02T06:52:32.218189+00:00,0,0,300,legacy_ops
opp_gen_0003431,send_payment_link,2026-02-02T17:36:34.659143+00:00,0,0,1500,legacy_ops
opp_gen_0003432,send_reminder,2026-02-02T15:05:56.280393+00:00,1,163846,300,legacy_ops
opp_gen_0003437,send_payment_link,2026-02-02T12:20:25.263962+00:00,0,0,1500,legacy_ops
opp_gen_0003448,send_payment_link,2026-02-02T05:40:04.491415+00:00,1,1985215,1500,legacy_ops
opp_gen_0003451,send_reminder,2026-02-02T16:37:12.260153+00:00,1,278455,300,legacy_ops
opp_gen_0003455,send_reminder,2026-02-02T20:14:38.999894+00:00,1,159459,300,legacy_ops
opp_gen_0003458,send_reminder,2026-02-02T13:22:17.888160+00:00,1,95367,300,legacy_ops
opp_gen_0003459,send_reminder,2026-02-02T04:43:32.917560+00:00,0,0,300,legacy_ops
opp_gen_0003461,send_reminder,2026-02-02T07:07:51.479198+00:00,0,0,300,legacy_ops
opp_gen_0003463,send_reminder,2026-02-02T13:01:31.467232+00:00,1,136110,300,legacy_ops
opp_gen_0003479,send_payment_link,2026-02-02T03:54:40.867200+00:00,1,643930,1500,legacy_ops
opp_gen_0003483,wait_for_native_retry,2026-02-02T03:34:45.398036+00:00,1,4478595,0,legacy_ops
opp_gen_0003485,send_payment_link,2026-02-02T00:19:26.053510+00:00,1,1032304,1500,legacy_ops
opp_gen_0003489,send_payment_link,2026-02-03T08:20:24.716850+00:00,1,629551,1500,legacy_ops
opp_gen_0003492,send_payment_link,2026-02-03T22:29:26.974854+00:00,0,0,1500,legacy_ops
opp_gen_0003493,send_reminder,2026-02-03T18:12:39.335497+00:00,1,197013,300,legacy_ops
opp_gen_0003498,wait_for_native_retry,2026-02-03T19:25:26.206034+00:00,1,1102082,0,legacy_ops
opp_gen_0003502,send_payment_link,2026-02-03T17:59:59.402412+00:00,0,0,1500,legacy_ops
opp_gen_0003506,send_payment_link,2026-02-03T00:45:01.124507+00:00,1,60715,1500,legacy_ops
opp_gen_0003508,send_payment_link,2026-02-03T03:14:23.152643+00:00,0,0,1500,legacy_ops
opp_gen_0003521,send_payment_link,2026-02-03T19:24:17.096254+00:00,1,1082307,1500,legacy_ops
opp_gen_0003527,send_payment_link,2026-02-03T16:56:28.569830+00:00,0,0,1500,legacy_ops
opp_gen_0003528,send_payment_link,2026-02-03T18:08:56.019669+00:00,0,0,1500,legacy_ops
opp_gen_0003531,send_reminder,2026-02-03T20:53:49.373545+00:00,1,108936,300,legacy_ops
opp_gen_0003538,send_payment_link,2026-02-03T13:04:06.952815+00:00,1,290036,1500,legacy_ops
opp_gen_0003540,send_payment_link,2026-02-03T05:44:45.801487+00:00,0,0,1500,legacy_ops
opp_gen_0003548,send_payment_link,2026-02-03T08:36:16.504778+00:00,0,0,1500,legacy_ops
opp_gen_0003549,wait_for_native_retry,2026-02-03T04:41:47.469167+00:00,0,0,0,legacy_ops
opp_gen_0003551,send_payment_link,2026-02-03T17:28:12.386055+00:00,0,0,1500,legacy_ops
opp_gen_0003553,send_payment_link,2026-02-03T03:29:38.352480+00:00,0,0,1500,legacy_ops
opp_gen_0003555,wait_for_native_retry,2026-02-03T00:50:25.705031+00:00,1,62700,0,legacy_ops
opp_gen_0003558,wait_for_native_retry,2026-02-03T18:37:27.675987+00:00,1,255771,0,legacy_ops
opp_gen_0003564,send_reminder,2026-02-03T00:52:00.934916+00:00,1,106120,300,legacy_ops
opp_gen_0003565,send_reminder,2026-02-03T09:42:56.005796+00:00,0,0,300,legacy_ops
opp_gen_0003568,send_payment_link,2026-02-03T01:35:57.450492+00:00,1,615831,1500,legacy_ops
opp_gen_0003571,send_payment_link,2026-02-03T20:12:42.328533+00:00,1,1564275,1500,legacy_ops
opp_gen_0003572,send_payment_link,2026-02-03T05:39:55.380178+00:00,1,417934,1500,legacy_ops
opp_gen_0003573,prompt_card_change,2026-02-03T20:55:09.063648+00:00,0,0,2000,legacy_ops
opp_gen_0003576,send_reminder,2026-02-03T19:58:35.794644+00:00,0,0,300,legacy_ops
opp_gen_0003578,send_payment_link,2026-02-03T12:56:33.553411+00:00,0,0,1500,legacy_ops
opp_gen_0003579,send_payment_link,2026-02-03T09:12:49.573108+00:00,1,908291,1500,legacy_ops
opp_gen_0003580,send_reminder,2026-02-03T11:25:02.232767+00:00,1,108319,300,legacy_ops
opp_gen_0003581,prompt_card_change,2026-02-03T13:22:34.777824+00:00,0,0,2000,legacy_ops
opp_gen_0003583,send_payment_link,2026-02-03T13:39:40.031681+00:00,0,0,1500,legacy_ops
opp_gen_0003595,send_payment_link,2026-02-03T01:05:06.307516+00:00,0,0,1500,legacy_ops
opp_gen_0003596,send_payment_link,2026-02-03T08:16:02.088598+00:00,1,153094,1500,legacy_ops
opp_gen_0003600,send_payment_link,2026-02-04T03:24:01.327519+00:00,1,230914,1500,legacy_ops
opp_gen_0003606,send_payment_link,2026-02-05T00:07:12.661393+00:00,1,99129,1500,legacy_ops
opp_gen_0003616,send_reminder,2026-02-04T13:30:04.437373+00:00,1,170354,300,legacy_ops
opp_gen_0003619,send_payment_link,2026-02-04T22:24:04.122723+00:00,0,0,1500,legacy_ops
opp_gen_0003622,send_payment_link,2026-02-04T02:35:38.648095+00:00,1,193200,1500,legacy_ops
opp_gen_0003633,send_payment_link,2026-02-04T21:53:26.613398+00:00,1,2076620,1500,legacy_ops
opp_gen_0003639,send_payment_link,2026-02-04T11:50:47.758605+00:00,1,898022,1500,legacy_ops
opp_gen_0003643,send_payment_link,2026-02-04T19:37:04.836660+00:00,1,439309,1500,legacy_ops
opp_gen_0003645,send_payment_link,2026-02-04T01:29:24.935883+00:00,1,274985,1500,legacy_ops
opp_gen_0003649,prompt_card_change,2026-02-04T04:48:03.266082+00:00,1,968894,2000,legacy_ops
opp_gen_0003656,send_payment_link,2026-02-04T02:45:34.118705+00:00,1,57981,1500,legacy_ops
opp_gen_0003659,send_payment_link,2026-02-04T09:56:40.414257+00:00,0,0,1500,legacy_ops
opp_gen_0003673,send_payment_link,2026-02-04T05:13:52.857746+00:00,1,222575,1500,legacy_ops
opp_gen_0003675,send_payment_link,2026-02-04T15:31:37.426234+00:00,1,2437650,1500,legacy_ops
opp_gen_0003676,send_reminder,2026-02-04T18:20:36.078748+00:00,0,0,300,legacy_ops
opp_gen_0003694,send_payment_link,2026-02-05T20:44:44.071899+00:00,1,3091600,1500,legacy_ops
opp_gen_0003696,send_payment_link,2026-02-05T06:19:51.906834+00:00,0,0,1500,legacy_ops
opp_gen_0003700,send_payment_link,2026-02-05T09:21:37.526325+00:00,0,0,1500,legacy_ops
opp_gen_0003701,send_payment_link,2026-02-05T21:14:18.150679+00:00,0,0,1500,legacy_ops
opp_gen_0003702,send_payment_link,2026-02-05T13:46:27.827259+00:00,1,975239,1500,legacy_ops
opp_gen_0003703,wait_for_native_retry,2026-02-05T16:35:56.803500+00:00,1,161897,0,legacy_ops
opp_gen_0003712,prompt_card_change,2026-02-05T16:45:37.449898+00:00,0,0,2000,legacy_ops
opp_gen_0003716,send_payment_link,2026-02-05T05:02:38.361354+00:00,1,589848,1500,legacy_ops
opp_gen_0003718,send_payment_link,2026-02-05T11:55:22.624712+00:00,0,0,1500,legacy_ops
opp_gen_0003725,send_payment_link,2026-02-05T00:50:15.437269+00:00,0,0,1500,legacy_ops
opp_gen_0003726,send_payment_link,2026-02-05T04:29:41.205569+00:00,1,1062899,1500,legacy_ops
opp_gen_0003734,send_payment_link,2026-02-05T03:55:28.476890+00:00,1,1147028,1500,legacy_ops
opp_gen_0003742,send_reminder,2026-02-05T14:05:14.270758+00:00,1,178021,300,legacy_ops
opp_gen_0003748,send_payment_link,2026-02-05T02:50:18.817412+00:00,1,925745,1500,legacy_ops
opp_gen_0003750,wait_for_native_retry,2026-02-05T16:28:00.135996+00:00,0,0,0,legacy_ops
opp_gen_0003754,send_reminder,2026-02-05T23:59:17.174310+00:00,1,163715,300,legacy_ops
opp_gen_0003756,send_payment_link,2026-02-05T14:11:52.099496+00:00,0,0,1500,legacy_ops
opp_gen_0003758,send_reminder,2026-02-05T18:29:21.953477+00:00,1,282085,300,legacy_ops
opp_gen_0003761,wait_for_native_retry,2026-02-05T19:42:07.372716+00:00,1,739638,0,legacy_ops
opp_gen_0003766,send_payment_link,2026-02-05T11:42:55.687591+00:00,1,1004370,1500,legacy_ops
opp_gen_0003774,send_payment_link,2026-02-05T01:15:48.485591+00:00,1,882009,1500,legacy_ops
opp_gen_0003783,send_reminder,2026-02-06T03:47:11.967625+00:00,1,196844,300,legacy_ops
opp_gen_0003788,send_payment_link,2026-02-06T17:16:15.146369+00:00,1,227823,1500,legacy_ops
opp_gen_0003795,send_reminder,2026-02-06T16:21:11.887002+00:00,1,272295,300,legacy_ops
opp_gen_0003800,send_reminder,2026-02-06T17:15:56.333438+00:00,0,0,300,legacy_ops
opp_gen_0003807,send_payment_link,2026-02-06T23:34:59.651906+00:00,1,180496,1500,legacy_ops
opp_gen_0003815,send_reminder,2026-02-06T02:16:44.201718+00:00,0,0,300,legacy_ops
opp_gen_0003817,send_payment_link,2026-02-06T08:53:42.553003+00:00,0,0,1500,legacy_ops
opp_gen_0003833,send_reminder,2026-02-06T03:00:08.793536+00:00,1,83761,300,legacy_ops
opp_gen_0003834,send_reminder,2026-02-06T10:18:22.030394+00:00,1,489086,300,legacy_ops
opp_gen_0003838,send_reminder,2026-02-06T18:00:16.181842+00:00,1,181608,300,legacy_ops
opp_gen_0003839,send_reminder,2026-02-06T22:12:57.492258+00:00,1,910371,300,legacy_ops
opp_gen_0003841,send_payment_link,2026-02-06T20:37:04.182351+00:00,1,778219,1500,legacy_ops
opp_gen_0003849,wait_for_native_retry,2026-02-06T09:55:58.987377+00:00,1,816109,0,legacy_ops
opp_gen_0003852,send_payment_link,2026-02-06T22:29:56.878776+00:00,1,850724,1500,legacy_ops
opp_gen_0003857,send_payment_link,2026-02-06T14:51:28.348430+00:00,1,159192,1500,legacy_ops
opp_gen_0003869,send_payment_link,2026-02-07T21:31:03.600657+00:00,1,115978,1500,legacy_ops
opp_gen_0003875,send_reminder,2026-02-07T11:12:21.990453+00:00,0,0,300,legacy_ops
opp_gen_0003878,send_reminder,2026-02-07T05:14:01.892974+00:00,0,0,300,legacy_ops
opp_gen_0003884,send_payment_link,2026-02-07T06:38:26.161679+00:00,1,82239,1500,legacy_ops
opp_gen_0003891,send_payment_link,2026-02-07T06:13:22.703868+00:00,1,570352,1500,legacy_ops
opp_gen_0003896,send_reminder,2026-02-07T20:44:54.223517+00:00,1,107524,300,legacy_ops
opp_gen_0003900,send_payment_link,2026-02-07T06:39:57.574799+00:00,1,491233,1500,legacy_ops
opp_gen_0003907,prompt_card_change,2026-02-07T03:46:20.063490+00:00,0,0,2000,legacy_ops
opp_gen_0003914,send_reminder,2026-02-07T05:18:16.580055+00:00,1,275070,300,legacy_ops
opp_gen_0003915,send_reminder,2026-02-07T09:11:12.560135+00:00,1,164324,300,legacy_ops
opp_gen_0003918,send_payment_link,2026-02-07T19:39:04.765574+00:00,0,0,1500,legacy_ops
opp_gen_0003919,wait_for_native_retry,2026-02-08T00:08:35.501927+00:00,1,135496,0,legacy_ops
opp_gen_0003921,send_payment_link,2026-02-07T02:21:28.252180+00:00,1,449772,1500,legacy_ops
opp_gen_0003924,send_payment_link,2026-02-07T22:11:45.200215+00:00,1,3111573,1500,legacy_ops
opp_gen_0003925,send_payment_link,2026-02-07T20:59:49.022287+00:00,0,0,1500,legacy_ops
opp_gen_0003931,wait_for_native_retry,2026-02-07T03:37:28.608586+00:00,1,245271,0,legacy_ops
opp_gen_0003933,send_payment_link,2026-02-07T14:31:47.172791+00:00,0,0,1500,legacy_ops
opp_gen_0003942,send_payment_link,2026-02-07T00:49:42.988755+00:00,0,0,1500,legacy_ops
opp_gen_0003945,send_payment_link,2026-02-07T00:26:41.616556+00:00,1,824762,1500,legacy_ops
opp_gen_0003948,send_reminder,2026-02-07T01:28:07.023026+00:00,0,0,300,legacy_ops
opp_gen_0003949,send_reminder,2026-02-07T04:50:32.075741+00:00,0,0,300,legacy_ops
opp_gen_0003952,send_payment_link,2026-02-07T22:06:12.641728+00:00,1,402506,1500,legacy_ops
opp_gen_0003953,send_payment_link,2026-02-07T06:24:16.665578+00:00,0,0,1500,legacy_ops
opp_gen_0003954,send_reminder,2026-02-07T08:58:29.925179+00:00,1,36202,300,legacy_ops
opp_gen_0003955,send_reminder,2026-02-07T21:53:11.303644+00:00,0,0,300,legacy_ops
opp_gen_0003959,send_payment_link,2026-02-07T04:42:49.340552+00:00,0,0,1500,legacy_ops
opp_gen_0003971,send_payment_link,2026-02-07T20:54:32.376799+00:00,1,882509,1500,legacy_ops
opp_gen_0003972,send_payment_link,2026-02-07T09:30:21.376479+00:00,0,0,1500,legacy_ops
opp_gen_0003975,wait_for_native_retry,2026-02-08T20:45:46.371735+00:00,0,0,0,legacy_ops
opp_gen_0003982,send_reminder,2026-02-08T08:32:55.263863+00:00,0,0,300,legacy_ops
opp_gen_0003995,send_payment_link,2026-02-08T22:21:43.711453+00:00,0,0,1500,legacy_ops
opp_gen_0004003,send_payment_link,2026-02-08T14:41:40.137879+00:00,1,1675873,1500,legacy_ops
opp_gen_0004005,send_payment_link,2026-02-08T00:47:13.413437+00:00,1,111186,1500,legacy_ops
opp_gen_0004006,send_payment_link,2026-02-08T12:38:18.964681+00:00,0,0,1500,legacy_ops
opp_gen_0004010,send_payment_link,2026-02-08T13:42:11.296732+00:00,1,280761,1500,legacy_ops
opp_gen_0004013,prompt_card_change,2026-02-08T23:08:17.065792+00:00,0,0,2000,legacy_ops
opp_gen_0004016,send_reminder,2026-02-08T18:18:03.146504+00:00,0,0,300,legacy_ops
opp_gen_0004022,send_payment_link,2026-02-08T03:32:28.187403+00:00,1,823786,1500,legacy_ops
opp_gen_0004027,send_payment_link,2026-02-08T16:40:18.214149+00:00,0,0,1500,legacy_ops
opp_gen_0004033,send_payment_link,2026-02-08T17:34:07.534406+00:00,1,203146,1500,legacy_ops
opp_gen_0004039,send_payment_link,2026-02-08T21:59:54.729310+00:00,0,0,1500,legacy_ops
opp_gen_0004043,send_payment_link,2026-02-08T05:33:43.383708+00:00,0,0,1500,legacy_ops
opp_gen_0004045,send_payment_link,2026-02-08T05:27:36.718197+00:00,0,0,1500,legacy_ops
opp_gen_0004047,send_payment_link,2026-02-08T15:49:18.802816+00:00,1,41969,1500,legacy_ops
opp_gen_0004049,send_reminder,2026-02-08T18:35:36.400538+00:00,1,141907,300,legacy_ops
opp_gen_0004069,send_payment_link,2026-02-09T20:26:32.392487+00:00,0,0,1500,legacy_ops
opp_gen_0004073,send_reminder,2026-02-09T00:30:38.377831+00:00,1,109863,300,legacy_ops
opp_gen_0004076,send_payment_link,2026-02-09T12:08:25.341638+00:00,0,0,1500,legacy_ops
opp_gen_0004080,send_payment_link,2026-02-09T20:24:17.336701+00:00,1,82350,1500,legacy_ops
opp_gen_0004088,send_payment_link,2026-02-09T12:52:56.332103+00:00,1,1322662,1500,legacy_ops
opp_gen_0004090,send_payment_link,2026-02-09T05:03:06.330247+00:00,1,41279,1500,legacy_ops
opp_gen_0004097,prompt_card_change,2026-02-09T00:31:23.906738+00:00,1,466268,2000,legacy_ops
opp_gen_0004098,send_payment_link,2026-02-09T01:13:59.701647+00:00,1,1210644,1500,legacy_ops
opp_gen_0004108,send_payment_link,2026-02-09T15:23:18.772824+00:00,1,2680587,1500,legacy_ops
opp_gen_0004110,wait_for_native_retry,2026-02-09T08:18:26.283221+00:00,0,0,0,legacy_ops
opp_gen_0004111,send_payment_link,2026-02-09T17:52:33.985541+00:00,0,0,1500,legacy_ops
opp_gen_0004114,send_payment_link,2026-02-09T10:55:03.004378+00:00,1,159085,1500,legacy_ops
opp_gen_0004115,send_payment_link,2026-02-09T12:16:51.580347+00:00,1,114859,1500,legacy_ops
opp_gen_0004116,send_payment_link,2026-02-09T01:30:42.298256+00:00,1,975052,1500,legacy_ops
opp_gen_0004119,send_reminder,2026-02-09T09:40:56.960530+00:00,1,119200,300,legacy_ops
opp_gen_0004120,send_reminder,2026-02-09T18:06:59.690534+00:00,1,80430,300,legacy_ops
opp_gen_0004123,wait_for_native_retry,2026-02-09T02:04:59.677294+00:00,1,283261,0,legacy_ops
opp_gen_0004125,send_payment_link,2026-02-09T23:51:50.820531+00:00,1,234780,1500,legacy_ops
opp_gen_0004129,send_payment_link,2026-02-09T05:08:07.413982+00:00,1,125285,1500,legacy_ops
opp_gen_0004133,send_payment_link,2026-02-09T07:47:38.825553+00:00,0,0,1500,legacy_ops
opp_gen_0004135,send_payment_link,2026-02-09T01:42:31.916137+00:00,0,0,1500,legacy_ops
opp_gen_0004137,send_reminder,2026-02-09T15:04:39.530971+00:00,1,488207,300,legacy_ops
opp_gen_0004142,send_reminder,2026-02-10T00:06:14.583724+00:00,1,202731,300,legacy_ops
opp_gen_0004149,send_payment_link,2026-02-09T20:28:56.123315+00:00,1,2015256,1500,legacy_ops
opp_gen_0004151,send_payment_link,2026-02-09T13:11:26.053006+00:00,1,4153182,1500,legacy_ops
opp_gen_0004155,send_payment_link,2026-02-09T04:24:59.750117+00:00,0,0,1500,legacy_ops
opp_gen_0004156,send_reminder,2026-02-09T13:32:48.419639+00:00,0,0,300,legacy_ops
opp_gen_0004158,send_reminder,2026-02-09T09:46:34.086563+00:00,0,0,300,legacy_ops
opp_gen_0004174,send_reminder,2026-02-10T14:28:13.914260+00:00,1,227422,300,legacy_ops
opp_gen_0004176,send_payment_link,2026-02-10T21:00:31.732276+00:00,0,0,1500,legacy_ops
opp_gen_0004180,send_payment_link,2026-02-10T15:25:20.759626+00:00,0,0,1500,legacy_ops
opp_gen_0004182,send_payment_link,2026-02-10T08:13:51.666570+00:00,1,1078233,1500,legacy_ops
opp_gen_0004186,send_payment_link,2026-02-10T17:10:19.515910+00:00,1,1434946,1500,legacy_ops
opp_gen_0004188,send_payment_link,2026-02-10T08:08:16.306235+00:00,0,0,1500,legacy_ops
opp_gen_0004191,send_payment_link,2026-02-10T10:35:01.327766+00:00,1,621258,1500,legacy_ops
opp_gen_0004199,send_payment_link,2026-02-10T05:17:05.638787+00:00,1,2333127,1500,legacy_ops
opp_gen_0004200,send_reminder,2026-02-10T10:17:58.203514+00:00,1,57287,300,legacy_ops
opp_gen_0004201,send_reminder,2026-02-10T03:59:55.407343+00:00,0,0,300,legacy_ops
opp_gen_0004202,prompt_card_change,2026-02-10T23:03:35.315423+00:00,0,0,2000,legacy_ops
opp_gen_0004206,send_payment_link,2026-02-10T08:29:55.615736+00:00,1,125252,1500,legacy_ops
opp_gen_0004207,send_payment_link,2026-02-10T03:55:42.489906+00:00,0,0,1500,legacy_ops
opp_gen_0004213,send_reminder,2026-02-11T00:20:28.421135+00:00,0,0,300,legacy_ops
opp_gen_0004216,send_reminder,2026-02-10T00:37:39.498055+00:00,1,91279,300,legacy_ops
opp_gen_0004218,send_reminder,2026-02-10T04:25:59.336854+00:00,0,0,300,legacy_ops
opp_gen_0004219,send_payment_link,2026-02-10T04:53:16.796027+00:00,1,349062,1500,legacy_ops
opp_gen_0004221,send_payment_link,2026-02-10T18:01:02.811906+00:00,1,258233,1500,legacy_ops
opp_gen_0004228,send_reminder,2026-02-10T03:31:33.939926+00:00,0,0,300,legacy_ops
opp_gen_0004229,wait_for_native_retry,2026-02-10T12:03:50.726648+00:00,1,171833,0,legacy_ops
opp_gen_0004232,send_payment_link,2026-02-10T10:33:02.358577+00:00,1,680470,1500,legacy_ops
opp_gen_0004238,send_payment_link,2026-02-10T16:21:55.732979+00:00,0,0,1500,legacy_ops
opp_gen_0004245,prompt_card_change,2026-02-10T15:14:10.197017+00:00,0,0,2000,legacy_ops
opp_gen_0004248,send_payment_link,2026-02-10T09:01:15.328382+00:00,0,0,1500,legacy_ops
opp_gen_0004251,send_reminder,2026-02-10T13:25:54.926182+00:00,0,0,300,legacy_ops
opp_gen_0004252,send_payment_link,2026-02-10T05:53:35.547206+00:00,0,0,1500,legacy_ops
opp_gen_0004253,send_payment_link,2026-02-10T20:03:02.410036+00:00,1,2667837,1500,legacy_ops
opp_gen_0004254,send_reminder,2026-02-10T07:16:49.829345+00:00,1,152192,300,legacy_ops
opp_gen_0004261,send_payment_link,2026-02-10T04:52:21.590328+00:00,1,1963363,1500,legacy_ops
opp_gen_0004263,send_payment_link,2026-02-10T13:32:47.305546+00:00,1,281770,1500,legacy_ops
opp_gen_0004266,send_payment_link,2026-02-10T19:08:28.299950+00:00,1,39492,1500,legacy_ops
opp_gen_0004270,send_payment_link,2026-02-11T16:04:46.382287+00:00,0,0,1500,legacy_ops
opp_gen_0004281,send_payment_link,2026-02-11T06:07:51.318688+00:00,0,0,1500,legacy_ops
opp_gen_0004286,send_reminder,2026-02-11T05:47:27.015098+00:00,0,0,300,legacy_ops
opp_gen_0004290,send_reminder,2026-02-11T19:27:11.114545+00:00,1,166502,300,legacy_ops
opp_gen_0004291,send_payment_link,2026-02-11T06:43:25.387460+00:00,0,0,1500,legacy_ops
opp_gen_0004297,send_payment_link,2026-02-11T14:18:22.129849+00:00,1,151473,1500,legacy_ops
opp_gen_0004310,send_reminder,2026-02-11T08:52:34.081536+00:00,0,0,300,legacy_ops
opp_gen_0004319,send_reminder,2026-02-11T08:19:06.291245+00:00,0,0,300,legacy_ops
opp_gen_0004324,send_payment_link,2026-02-11T23:02:57.138705+00:00,0,0,1500,legacy_ops
opp_gen_0004325,send_reminder,2026-02-11T12:26:12.642327+00:00,1,111812,300,legacy_ops
opp_gen_0004328,send_reminder,2026-02-11T08:00:03.355295+00:00,1,190753,300,legacy_ops
opp_gen_0004331,send_payment_link,2026-02-11T15:01:23.959843+00:00,1,378070,1500,legacy_ops
opp_gen_0004332,send_payment_link,2026-02-11T03:30:49.699766+00:00,1,906705,1500,legacy_ops
opp_gen_0004333,send_reminder,2026-02-11T19:48:40.774703+00:00,0,0,300,legacy_ops
opp_gen_0004338,send_payment_link,2026-02-11T11:33:16.799030+00:00,1,1301965,1500,legacy_ops
opp_gen_0004341,send_payment_link,2026-02-11T08:44:23.701673+00:00,0,0,1500,legacy_ops
opp_gen_0004346,send_payment_link,2026-02-11T11:45:02.931011+00:00,1,2559690,1500,legacy_ops
opp_gen_0004349,wait_for_native_retry,2026-02-11T08:34:58.827523+00:00,0,0,0,legacy_ops
opp_gen_0004359,send_payment_link,2026-02-11T18:02:02.854478+00:00,0,0,1500,legacy_ops
opp_gen_0004363,send_payment_link,2026-02-11T03:32:59.813350+00:00,1,1810169,1500,legacy_ops
opp_gen_0004364,send_payment_link,2026-02-11T08:21:31.865352+00:00,0,0,1500,legacy_ops
opp_gen_0004365,send_reminder,2026-02-11T23:06:24.971145+00:00,0,0,300,legacy_ops
opp_gen_0004366,send_reminder,2026-02-11T07:17:40.150264+00:00,0,0,300,legacy_ops
opp_gen_0004371,wait_for_native_retry,2026-02-12T21:17:51.883099+00:00,1,1403569,0,legacy_ops
opp_gen_0004373,send_payment_link,2026-02-12T17:11:50.599416+00:00,1,2347902,1500,legacy_ops
opp_gen_0004374,send_payment_link,2026-02-12T03:28:14.638757+00:00,0,0,1500,legacy_ops
opp_gen_0004375,send_payment_link,2026-02-12T18:24:23.926460+00:00,0,0,1500,legacy_ops
opp_gen_0004381,send_payment_link,2026-02-12T14:48:32.891864+00:00,1,127608,1500,legacy_ops
opp_gen_0004382,send_reminder,2026-02-12T08:17:34.048567+00:00,0,0,300,legacy_ops
opp_gen_0004387,send_reminder,2026-02-12T17:10:22.210025+00:00,1,137833,300,legacy_ops
opp_gen_0004389,send_reminder,2026-02-12T01:57:04.055546+00:00,1,476039,300,legacy_ops
opp_gen_0004390,send_reminder,2026-02-12T15:28:33.787006+00:00,0,0,300,legacy_ops
opp_gen_0004391,send_payment_link,2026-02-12T08:50:00.767002+00:00,1,2987227,1500,legacy_ops
opp_gen_0004395,send_payment_link,2026-02-12T05:00:19.418231+00:00,0,0,1500,legacy_ops
opp_gen_0004399,send_payment_link,2026-02-12T09:26:34.391231+00:00,0,0,1500,legacy_ops
opp_gen_0004400,send_payment_link,2026-02-12T19:38:46.212617+00:00,0,0,1500,legacy_ops
opp_gen_0004411,send_payment_link,2026-02-12T15:44:49.678471+00:00,0,0,1500,legacy_ops
opp_gen_0004412,send_reminder,2026-02-12T11:24:14.333754+00:00,1,229371,300,legacy_ops
opp_gen_0004415,send_payment_link,2026-02-12T02:57:20.878631+00:00,1,235440,1500,legacy_ops
opp_gen_0004416,send_payment_link,2026-02-12T02:46:59.359573+00:00,0,0,1500,legacy_ops
opp_gen_0004417,send_payment_link,2026-02-12T13:51:11.266058+00:00,0,0,1500,legacy_ops
opp_gen_0004421,send_payment_link,2026-02-12T12:30:25.750717+00:00,1,41678,1500,legacy_ops
opp_gen_0004423,send_payment_link,2026-02-12T07:09:56.763144+00:00,1,251341,1500,legacy_ops
opp_gen_0004424,send_reminder,2026-02-12T12:42:11.464108+00:00,1,174662,300,legacy_ops
opp_gen_0004434,send_reminder,2026-02-12T08:49:45.368871+00:00,0,0,300,legacy_ops
opp_gen_0004441,send_reminder,2026-02-12T18:57:02.398480+00:00,0,0,300,legacy_ops
opp_gen_0004442,send_payment_link,2026-02-12T07:20:46.486235+00:00,1,2048297,1500,legacy_ops
opp_gen_0004443,wait_for_native_retry,2026-02-12T12:58:57.201980+00:00,1,382077,0,legacy_ops
opp_gen_0004444,send_payment_link,2026-02-12T16:12:58.673016+00:00,1,229345,1500,legacy_ops
opp_gen_0004446,send_reminder,2026-02-12T07:12:30.541801+00:00,1,40228,300,legacy_ops
opp_gen_0004451,prompt_card_change,2026-02-12T14:13:30.585860+00:00,1,734053,2000,legacy_ops
opp_gen_0004456,send_reminder,2026-02-12T00:58:59.392137+00:00,1,36408,300,legacy_ops
opp_gen_0004457,send_reminder,2026-02-12T18:08:06.175849+00:00,0,0,300,legacy_ops
opp_gen_0004461,send_reminder,2026-02-12T19:57:36.186385+00:00,0,0,300,legacy_ops
opp_gen_0004463,prompt_card_change,2026-02-12T14:24:35.184220+00:00,0,0,2000,legacy_ops
opp_gen_0004478,send_payment_link,2026-02-12T14:43:15.543874+00:00,1,66633,1500,legacy_ops
opp_gen_0004480,send_reminder,2026-02-13T15:37:44.555600+00:00,1,124804,300,legacy_ops
opp_gen_0004482,send_reminder,2026-02-13T13:49:42.667973+00:00,1,616470,300,legacy_ops
opp_gen_0004490,send_payment_link,2026-02-13T13:20:50.900050+00:00,1,312502,1500,legacy_ops
opp_gen_0004494,send_reminder,2026-02-13T09:09:08.199413+00:00,1,44331,300,legacy_ops
opp_gen_0004499,send_reminder,2026-02-13T07:17:08.393100+00:00,1,126297,300,legacy_ops
opp_gen_0004500,send_reminder,2026-02-13T11:08:11.002514+00:00,1,120704,300,legacy_ops
opp_gen_0004503,send_payment_link,2026-02-14T00:06:04.168273+00:00,1,38366,1500,legacy_ops
opp_gen_0004507,send_reminder,2026-02-13T16:32:12.399261+00:00,0,0,300,legacy_ops
opp_gen_0004508,send_reminder,2026-02-13T10:51:48.956991+00:00,0,0,300,legacy_ops
opp_gen_0004511,send_payment_link,2026-02-13T06:47:48.417284+00:00,1,2598925,1500,legacy_ops
opp_gen_0004513,send_payment_link,2026-02-13T11:25:12.388419+00:00,1,604043,1500,legacy_ops
opp_gen_0004514,send_reminder,2026-02-13T07:32:29.010797+00:00,1,216510,300,legacy_ops
opp_gen_0004517,send_reminder,2026-02-13T05:42:09.079263+00:00,0,0,300,legacy_ops
opp_gen_0004521,send_reminder,2026-02-13T02:33:30.008124+00:00,1,190961,300,legacy_ops
opp_gen_0004524,send_payment_link,2026-02-13T10:46:46.701688+00:00,1,50843,1500,legacy_ops
opp_gen_0004531,send_payment_link,2026-02-13T19:40:41.948159+00:00,1,1521502,1500,legacy_ops
opp_gen_0004532,wait_for_native_retry,2026-02-13T11:09:25.177657+00:00,0,0,0,legacy_ops
opp_gen_0004537,send_payment_link,2026-02-13T18:18:20.630450+00:00,1,4323978,1500,legacy_ops
opp_gen_0004544,send_reminder,2026-02-13T06:11:42.640947+00:00,0,0,300,legacy_ops
opp_gen_0004547,send_payment_link,2026-02-13T13:49:19.511980+00:00,0,0,1500,legacy_ops
opp_gen_0004549,prompt_card_change,2026-02-13T06:55:00.584238+00:00,1,198728,2000,legacy_ops
opp_gen_0004552,send_reminder,2026-02-13T07:37:58.032835+00:00,0,0,300,legacy_ops
opp_gen_0004555,send_payment_link,2026-02-13T09:21:13.535211+00:00,1,908216,1500,legacy_ops
opp_gen_0004556,send_payment_link,2026-02-13T19:46:53.652532+00:00,1,331426,1500,legacy_ops
opp_gen_0004560,send_payment_link,2026-02-13T06:01:26.536083+00:00,0,0,1500,legacy_ops
opp_gen_0004572,send_reminder,2026-02-13T14:05:34.870452+00:00,1,164516,300,legacy_ops
opp_gen_0004577,send_reminder,2026-02-13T13:38:05.740600+00:00,1,222625,300,legacy_ops
opp_gen_0004578,wait_for_native_retry,2026-02-14T23:48:54.383299+00:00,1,63671,0,legacy_ops
opp_gen_0004586,send_payment_link,2026-02-14T00:31:09.326072+00:00,1,213765,1500,legacy_ops
opp_gen_0004587,send_reminder,2026-02-14T19:37:21.622405+00:00,1,489259,300,legacy_ops
opp_gen_0004588,send_payment_link,2026-02-14T09:03:32.030803+00:00,1,648274,1500,legacy_ops
opp_gen_0004592,send_payment_link,2026-02-14T02:08:37.887233+00:00,0,0,1500,legacy_ops
opp_gen_0004594,send_payment_link,2026-02-14T04:28:59.049891+00:00,0,0,1500,legacy_ops
opp_gen_0004601,send_payment_link,2026-02-14T23:19:32.363409+00:00,1,290097,1500,legacy_ops
opp_gen_0004603,send_payment_link,2026-02-14T04:48:42.753272+00:00,1,793848,1500,legacy_ops
opp_gen_0004609,send_payment_link,2026-02-14T15:40:55.014940+00:00,1,260290,1500,legacy_ops
opp_gen_0004616,send_payment_link,2026-02-14T22:00:29.669435+00:00,1,199561,1500,legacy_ops
opp_gen_0004617,send_payment_link,2026-02-14T14:07:11.334966+00:00,1,124388,1500,legacy_ops
opp_gen_0004622,send_payment_link,2026-02-14T17:39:34.142975+00:00,1,1102734,1500,legacy_ops
opp_gen_0004624,send_payment_link,2026-02-14T00:53:58.288533+00:00,1,1054239,1500,legacy_ops
opp_gen_0004625,send_reminder,2026-02-14T05:35:23.927996+00:00,1,602549,300,legacy_ops
opp_gen_0004628,send_payment_link,2026-02-14T11:11:36.441935+00:00,0,0,1500,legacy_ops
opp_gen_0004631,send_payment_link,2026-02-14T17:45:32.543932+00:00,0,0,1500,legacy_ops
opp_gen_0004633,send_payment_link,2026-02-14T04:36:38.207706+00:00,0,0,1500,legacy_ops
opp_gen_0004635,send_reminder,2026-02-14T08:40:11.064233+00:00,0,0,300,legacy_ops
opp_gen_0004637,send_payment_link,2026-02-14T23:32:35.599953+00:00,1,95166,1500,legacy_ops
opp_gen_0004638,send_payment_link,2026-02-14T14:56:38.500423+00:00,0,0,1500,legacy_ops
opp_gen_0004639,send_payment_link,2026-02-14T01:02:36.692107+00:00,1,299234,1500,legacy_ops
opp_gen_0004640,wait_for_native_retry,2026-02-14T10:23:06.117138+00:00,1,132219,0,legacy_ops
opp_gen_0004641,send_payment_link,2026-02-14T11:51:28.068608+00:00,0,0,1500,legacy_ops
opp_gen_0004645,send_payment_link,2026-02-14T02:42:31.362489+00:00,1,1759599,1500,legacy_ops
opp_gen_0004646,send_payment_link,2026-02-14T11:54:28.803423+00:00,1,2704497,1500,legacy_ops
opp_gen_0004667,send_payment_link,2026-02-14T08:04:30.362311+00:00,1,293970,1500,legacy_ops
opp_gen_0004670,wait_for_native_retry,2026-02-15T04:14:52.039514+00:00,0,0,0,legacy_ops
opp_gen_0004671,send_reminder,2026-02-15T19:17:48.699730+00:00,1,42398,300,legacy_ops
opp_gen_0004672,send_payment_link,2026-02-15T03:34:49.963114+00:00,0,0,1500,legacy_ops
opp_gen_0004679,prompt_card_change,2026-02-15T08:28:28.238286+00:00,1,157727,2000,legacy_ops
opp_gen_0004681,send_payment_link,2026-02-15T17:56:48.792342+00:00,1,684186,1500,legacy_ops
opp_gen_0004683,send_payment_link,2026-02-15T07:13:47.744160+00:00,1,1118589,1500,legacy_ops
opp_gen_0004685,send_payment_link,2026-02-15T03:58:23.918932+00:00,1,90054,1500,legacy_ops
opp_gen_0004689,send_payment_link,2026-02-15T17:17:36.186960+00:00,1,188655,1500,legacy_ops
opp_gen_0004690,send_payment_link,2026-02-15T09:46:19.543729+00:00,1,561633,1500,legacy_ops
opp_gen_0004692,send_payment_link,2026-02-15T13:19:08.216838+00:00,1,39708,1500,legacy_ops
opp_gen_0004695,prompt_card_change,2026-02-15T02:44:51.564911+00:00,0,0,2000,legacy_ops
opp_gen_0004698,send_reminder,2026-02-15T23:32:01.195131+00:00,0,0,300,legacy_ops
opp_gen_0004699,wait_for_native_retry,2026-02-15T08:16:22.087576+00:00,0,0,0,legacy_ops
opp_gen_0004703,send_payment_link,2026-02-15T12:56:11.406558+00:00,1,640396,1500,legacy_ops
opp_gen_0004704,send_payment_link,2026-02-15T06:11:47.427357+00:00,1,130525,1500,legacy_ops
opp_gen_0004719,send_reminder,2026-02-15T23:08:57.237187+00:00,0,0,300,legacy_ops
opp_gen_0004720,send_reminder,2026-02-15T01:30:56.474793+00:00,1,142511,300,legacy_ops
opp_gen_0004721,send_payment_link,2026-02-15T04:05:40.964353+00:00,0,0,1500,legacy_ops
opp_gen_0004723,send_reminder,2026-02-15T00:40:47.664615+00:00,0,0,300,legacy_ops
opp_gen_0004725,send_payment_link,2026-02-15T06:04:08.516792+00:00,1,3596715,1500,legacy_ops
opp_gen_0004731,send_payment_link,2026-02-16T00:28:00.628781+00:00,1,1190815,1500,legacy_ops
opp_gen_0004733,send_payment_link,2026-02-15T13:57:02.697295+00:00,0,0,1500,legacy_ops
opp_gen_0004734,send_payment_link,2026-02-15T03:49:06.987024+00:00,0,0,1500,legacy_ops
opp_gen_0004735,send_reminder,2026-02-15T13:27:40.676992+00:00,1,68713,300,legacy_ops
opp_gen_0004738,send_reminder,2026-02-15T19:13:46.387547+00:00,0,0,300,legacy_ops
opp_gen_0004741,send_reminder,2026-02-15T17:37:43.829447+00:00,1,52129,300,legacy_ops
opp_gen_0004742,send_payment_link,2026-02-15T04:32:50.965558+00:00,1,1313889,1500,legacy_ops
opp_gen_0004747,wait_for_native_retry,2026-02-15T11:15:02.010299+00:00,0,0,0,legacy_ops
opp_gen_0004751,send_payment_link,2026-02-15T09:04:15.055436+00:00,1,1454876,1500,legacy_ops
opp_gen_0004752,send_reminder,2026-02-15T16:33:27.902907+00:00,1,107006,300,legacy_ops
opp_gen_0004754,send_payment_link,2026-02-15T12:05:26.517369+00:00,1,70223,1500,legacy_ops
opp_gen_0004756,send_payment_link,2026-02-15T20:52:30.518048+00:00,0,0,1500,legacy_ops
opp_gen_0004757,prompt_card_change,2026-02-15T14:17:36.320020+00:00,1,108344,2000,legacy_ops
opp_gen_0004761,send_payment_link,2026-02-15T03:04:12.306752+00:00,1,866660,1500,legacy_ops
opp_gen_0004767,send_payment_link,2026-02-15T10:31:47.373314+00:00,1,132037,1500,legacy_ops
opp_gen_0004769,send_payment_link,2026-02-15T01:48:49.297829+00:00,0,0,1500,legacy_ops
opp_gen_0004771,send_payment_link,2026-02-15T02:23:10.400055+00:00,1,210364,1500,legacy_ops
opp_gen_0004772,send_payment_link,2026-02-15T07:09:37.911160+00:00,0,0,1500,legacy_ops
opp_gen_0004773,send_payment_link,2026-02-15T14:22:18.564958+00:00,0,0,1500,legacy_ops
opp_gen_0004787,send_payment_link,2026-02-15T08:52:44.499767+00:00,1,910866,1500,legacy_ops
opp_gen_0004795,send_payment_link,2026-02-15T10:41:06.012308+00:00,1,1108203,1500,legacy_ops
opp_gen_0004796,send_reminder,2026-02-15T03:42:06.794219+00:00,1,442774,300,legacy_ops
opp_gen_0004815,send_payment_link,2026-02-15T04:17:30.114927+00:00,1,593468,1500,legacy_ops
opp_gen_0004816,send_payment_link,2026-02-15T04:58:21.772611+00:00,1,761704,1500,legacy_ops
opp_gen_0004818,send_reminder,2026-02-15T21:13:12.361513+00:00,0,0,300,legacy_ops
opp_gen_0004819,send_payment_link,2026-02-15T01:06:41.210700+00:00,0,0,1500,legacy_ops
opp_gen_0004827,send_payment_link,2026-02-15T01:33:05.349540+00:00,1,60144,1500,legacy_ops
opp_gen_0004828,send_payment_link,2026-02-15T10:36:55.396429+00:00,1,402480,1500,legacy_ops
opp_gen_0004831,send_payment_link,2026-02-15T17:50:04.704444+00:00,1,206837,1500,legacy_ops
opp_gen_0004839,send_payment_link,2026-02-15T02:24:07.756592+00:00,0,0,1500,legacy_ops
opp_gen_0004841,send_payment_link,2026-02-15T10:09:03.188348+00:00,0,0,1500,legacy_ops
opp_gen_0004845,send_reminder,2026-02-16T20:28:39.585981+00:00,0,0,300,legacy_ops
opp_gen_0004847,send_payment_link,2026-02-16T19:30:33.391425+00:00,1,81826,1500,legacy_ops
opp_gen_0004848,send_payment_link,2026-02-16T14:59:30.432325+00:00,1,190800,1500,legacy_ops
opp_gen_0004851,send_reminder,2026-02-16T21:26:46.746214+00:00,0,0,300,legacy_ops
opp_gen_0004855,send_payment_link,2026-02-16T07:56:01.250603+00:00,0,0,1500,legacy_ops
opp_gen_0004856,send_reminder,2026-02-16T15:47:03.859476+00:00,1,142646,300,legacy_ops
opp_gen_0004862,send_payment_link,2026-02-16T12:08:32.907174+00:00,0,0,1500,legacy_ops
opp_gen_0004865,send_reminder,2026-02-16T12:23:52.833213+00:00,0,0,300,legacy_ops
opp_gen_0004877,send_payment_link,2026-02-16T02:41:25.292272+00:00,0,0,1500,legacy_ops
opp_gen_0004882,wait_for_native_retry,2026-02-16T08:56:12.509943+00:00,1,261636,0,legacy_ops
opp_gen_0004886,send_payment_link,2026-02-16T04:58:12.256857+00:00,0,0,1500,legacy_ops
opp_gen_0004887,send_reminder,2026-02-16T01:26:48.947671+00:00,0,0,300,legacy_ops
opp_gen_0004897,send_reminder,2026-02-16T21:08:04.838063+00:00,1,359342,300,legacy_ops
opp_gen_0004900,send_reminder,2026-02-16T20:47:19.520430+00:00,1,179320,300,legacy_ops
opp_gen_0004908,send_payment_link,2026-02-16T22:23:15.478372+00:00,1,648065,1500,legacy_ops
opp_gen_0004913,send_payment_link,2026-02-16T11:57:10.057376+00:00,1,196063,1500,legacy_ops
opp_gen_0004919,send_payment_link,2026-02-16T09:00:04.401168+00:00,1,906436,1500,legacy_ops
opp_gen_0004921,send_reminder,2026-02-16T02:24:22.524300+00:00,1,71990,300,legacy_ops
opp_gen_0004922,wait_for_native_retry,2026-02-16T02:29:18.354025+00:00,0,0,0,legacy_ops
opp_gen_0004924,send_reminder,2026-02-16T21:49:34.695260+00:00,0,0,300,legacy_ops
opp_gen_0004931,send_reminder,2026-02-16T12:55:20.109299+00:00,1,236189,300,legacy_ops
opp_gen_0004935,send_payment_link,2026-02-16T08:27:20.426943+00:00,1,1037420,1500,legacy_ops
opp_gen_0004937,send_payment_link,2026-02-16T15:18:49.529083+00:00,1,1125549,1500,legacy_ops
opp_gen_0004943,send_payment_link,2026-02-16T16:51:24.967102+00:00,0,0,1500,legacy_ops
opp_gen_0004944,send_reminder,2026-02-16T04:00:20.765803+00:00,1,203971,300,legacy_ops
opp_gen_0004946,send_payment_link,2026-02-16T04:17:36.436599+00:00,1,3662581,1500,legacy_ops
opp_gen_0004947,send_payment_link,2026-02-16T18:37:40.657095+00:00,0,0,1500,legacy_ops
opp_gen_0004948,send_payment_link,2026-02-16T22:17:10.441285+00:00,0,0,1500,legacy_ops
opp_gen_0004949,prompt_card_change,2026-02-16T23:28:11.319826+00:00,0,0,2000,legacy_ops
opp_gen_0004958,send_reminder,2026-02-16T09:27:30.572158+00:00,0,0,300,legacy_ops
opp_gen_0004959,send_payment_link,2026-02-16T07:46:34.799822+00:00,1,278578,1500,legacy_ops
opp_gen_0004960,send_payment_link,2026-02-16T12:22:54.571687+00:00,0,0,1500,legacy_ops
opp_gen_0004964,send_reminder,2026-02-16T20:55:51.126434+00:00,1,73699,300,legacy_ops
opp_gen_0004967,send_payment_link,2026-02-16T15:50:59.063000+00:00,1,289949,1500,legacy_ops
opp_gen_0004969,send_reminder,2026-02-16T03:44:12.049174+00:00,0,0,300,legacy_ops
opp_gen_0004970,send_reminder,2026-02-16T07:11:26.413668+00:00,1,258110,300,legacy_ops
opp_gen_0004972,prompt_card_change,2026-02-16T17:22:29.715261+00:00,1,474974,2000,legacy_ops
opp_gen_0004989,send_reminder,2026-02-16T12:49:28.740710+00:00,1,58723,300,legacy_ops
opp_gen_0004995,send_reminder,2026-02-16T04:02:17.243838+00:00,0,0,300,legacy_ops
opp_gen_0004998,send_payment_link,2026-02-16T19:11:14.796498+00:00,0,0,1500,legacy_ops
opp_gen_0005002,send_payment_link,2026-02-16T23:20:07.825895+00:00,0,0,1500,legacy_ops
opp_gen_0005006,send_payment_link,2026-02-16T12:24:11.311323+00:00,0,0,1500,legacy_ops
opp_gen_0005010,send_payment_link,2026-02-16T22:36:57.108802+00:00,1,644427,1500,legacy_ops
opp_gen_0005012,send_reminder,2026-02-16T13:30:27.924279+00:00,1,333767,300,legacy_ops
opp_gen_0005013,send_payment_link,2026-02-16T19:38:16.063353+00:00,1,217288,1500,legacy_ops
opp_gen_0005016,send_payment_link,2026-02-16T08:47:32.259422+00:00,0,0,1500,legacy_ops
opp_gen_0005017,send_reminder,2026-02-16T11:04:44.895068+00:00,1,180989,300,legacy_ops
opp_gen_0005018,send_payment_link,2026-02-16T22:54:17.344567+00:00,1,2245296,1500,legacy_ops
opp_gen_0005020,send_reminder,2026-02-16T14:21:47.544172+00:00,1,2676757,300,legacy_ops
opp_gen_0005021,send_payment_link,2026-02-16T03:52:33.438668+00:00,1,547317,1500,legacy_ops
opp_gen_0005022,send_payment_link,2026-02-16T23:30:44.723753+00:00,1,914349,1500,legacy_ops
opp_gen_0005034,send_payment_link,2026-02-16T14:23:42.931382+00:00,1,296074,1500,legacy_ops
opp_gen_0005048,send_payment_link,2026-02-17T22:40:11.172508+00:00,0,0,1500,legacy_ops
opp_gen_0005053,wait_for_native_retry,2026-02-17T02:36:05.901602+00:00,0,0,0,legacy_ops
opp_gen_0005056,send_payment_link,2026-02-17T20:10:57.846605+00:00,0,0,1500,legacy_ops
opp_gen_0005058,send_payment_link,2026-02-17T12:06:16.639881+00:00,0,0,1500,legacy_ops
opp_gen_0005059,send_reminder,2026-02-17T03:54:34.395578+00:00,1,178662,300,legacy_ops
opp_gen_0005065,wait_for_native_retry,2026-02-17T10:30:42.204367+00:00,0,0,0,legacy_ops
opp_gen_0005068,send_payment_link,2026-02-17T14:06:05.182507+00:00,0,0,1500,legacy_ops
opp_gen_0005069,send_payment_link,2026-02-17T14:29:30.100516+00:00,1,581836,1500,legacy_ops
opp_gen_0005077,send_reminder,2026-02-17T05:03:14.074995+00:00,1,323190,300,legacy_ops
opp_gen_0005080,send_payment_link,2026-02-17T05:01:59.483906+00:00,1,44445,1500,legacy_ops
opp_gen_0005081,send_reminder,2026-02-17T13:47:50.741055+00:00,0,0,300,legacy_ops
opp_gen_0005090,send_payment_link,2026-02-17T01:26:43.767684+00:00,1,53344,1500,legacy_ops
opp_gen_0005095,prompt_card_change,2026-02-17T12:45:52.258002+00:00,0,0,2000,legacy_ops
opp_gen_0005097,send_reminder,2026-02-17T21:31:25.886033+00:00,1,293057,300,legacy_ops
opp_gen_0005099,send_reminder,2026-02-17T04:06:38.251569+00:00,0,0,300,legacy_ops
opp_gen_0005100,send_payment_link,2026-02-17T17:26:59.534457+00:00,0,0,1500,legacy_ops
opp_gen_0005106,send_reminder,2026-02-17T11:41:36.026041+00:00,1,216738,300,legacy_ops
opp_gen_0005107,send_payment_link,2026-02-17T15:27:55.468912+00:00,1,307948,1500,legacy_ops
opp_gen_0005113,send_payment_link,2026-02-17T03:46:50.062877+00:00,1,1045339,1500,legacy_ops
opp_gen_0005114,send_payment_link,2026-02-17T23:45:49.670009+00:00,1,68793,1500,legacy_ops
opp_gen_0005115,prompt_card_change,2026-02-17T09:47:20.794472+00:00,1,528933,2000,legacy_ops
opp_gen_0005119,wait_for_native_retry,2026-02-17T02:37:56.695562+00:00,0,0,0,legacy_ops
opp_gen_0005121,send_payment_link,2026-02-17T19:35:59.869512+00:00,1,3455712,1500,legacy_ops
opp_gen_0005122,send_reminder,2026-02-17T04:45:49.204523+00:00,0,0,300,legacy_ops
opp_gen_0005131,send_payment_link,2026-02-17T16:36:12.084116+00:00,1,70077,1500,legacy_ops
opp_gen_0005136,send_payment_link,2026-02-17T13:46:48.900121+00:00,1,139598,1500,legacy_ops
opp_gen_0005157,send_reminder,2026-02-17T23:29:19.379367+00:00,1,94125,300,legacy_ops
opp_gen_0005159,wait_for_native_retry,2026-02-17T05:34:48.954284+00:00,0,0,0,legacy_ops
opp_gen_0005162,send_payment_link,2026-02-17T16:19:12.500732+00:00,1,119889,1500,legacy_ops
opp_gen_0005168,send_reminder,2026-02-17T06:24:51.036242+00:00,1,36879,300,legacy_ops
opp_gen_0005169,send_payment_link,2026-02-17T12:21:01.079193+00:00,1,207408,1500,legacy_ops
opp_gen_0005170,send_reminder,2026-02-17T21:46:04.070393+00:00,1,94030,300,legacy_ops
opp_gen_0005175,send_payment_link,2026-02-17T07:41:00.421177+00:00,1,3029885,1500,legacy_ops
opp_gen_0005176,send_payment_link,2026-02-17T13:43:16.231399+00:00,1,700454,1500,legacy_ops
opp_gen_0005182,send_payment_link,2026-02-17T05:26:28.875907+00:00,0,0,1500,legacy_ops
opp_gen_0005188,send_payment_link,2026-02-17T14:53:29.572547+00:00,0,0,1500,legacy_ops
opp_gen_0005189,prompt_card_change,2026-02-17T13:00:14.072728+00:00,1,141912,2000,legacy_ops
opp_gen_0005194,wait_for_native_retry,2026-02-17T16:26:02.683223+00:00,1,689355,0,legacy_ops
opp_gen_0005195,send_reminder,2026-02-17T06:23:33.085372+00:00,0,0,300,legacy_ops
opp_gen_0005200,send_payment_link,2026-02-17T08:50:03.442776+00:00,1,873162,1500,legacy_ops
opp_gen_0005203,send_payment_link,2026-02-17T07:00:20.856750+00:00,1,485554,1500,legacy_ops
opp_gen_0005206,send_payment_link,2026-02-17T16:34:44.887681+00:00,0,0,1500,legacy_ops
opp_gen_0005208,send_payment_link,2026-02-17T18:25:37.333048+00:00,1,1319529,1500,legacy_ops
opp_gen_0005214,prompt_card_change,2026-02-17T04:18:44.442358+00:00,1,42317,2000,legacy_ops
opp_gen_0005216,send_payment_link,2026-02-17T12:29:13.025186+00:00,1,52972,1500,legacy_ops
opp_gen_0005219,send_payment_link,2026-02-17T02:42:56.320211+00:00,1,81301,1500,legacy_ops
opp_gen_0005221,send_payment_link,2026-02-17T16:03:49.732109+00:00,1,234238,1500,legacy_ops
opp_gen_0005223,wait_for_native_retry,2026-02-17T15:16:35.839356+00:00,0,0,0,legacy_ops
opp_gen_0005225,send_payment_link,2026-02-17T09:28:11.213018+00:00,1,2753593,1500,legacy_ops
opp_gen_0005230,send_reminder,2026-02-17T10:58:01.546243+00:00,0,0,300,legacy_ops
opp_gen_0005238,send_payment_link,2026-02-17T23:51:25.410086+00:00,1,192857,1500,legacy_ops
opp_gen_0005244,send_payment_link,2026-02-17T21:19:09.577372+00:00,1,225151,1500,legacy_ops
opp_gen_0005246,send_reminder,2026-02-17T22:40:14.363539+00:00,1,145577,300,legacy_ops
opp_gen_0005257,send_reminder,2026-02-18T15:00:27.950420+00:00,1,238862,300,legacy_ops
opp_gen_0005260,send_payment_link,2026-02-18T17:53:18.368034+00:00,1,2149629,1500,legacy_ops
opp_gen_0005271,send_payment_link,2026-02-18T12:46:19.816418+00:00,1,1237644,1500,legacy_ops
opp_gen_0005273,send_payment_link,2026-02-18T18:43:50.781465+00:00,1,1955097,1500,legacy_ops
opp_gen_0005275,send_payment_link,2026-02-18T15:03:45.257166+00:00,0,0,1500,legacy_ops
opp_gen_0005279,send_reminder,2026-02-18T18:02:41.503921+00:00,1,128236,300,legacy_ops
opp_gen_0005284,send_payment_link,2026-02-18T09:28:20.132533+00:00,1,284194,1500,legacy_ops
opp_gen_0005289,send_payment_link,2026-02-18T15:08:18.703077+00:00,0,0,1500,legacy_ops
opp_gen_0005293,send_payment_link,2026-02-18T07:14:52.415423+00:00,1,2585870,1500,legacy_ops
opp_gen_0005299,send_reminder,2026-02-18T18:54:23.352990+00:00,0,0,300,legacy_ops
opp_gen_0005301,send_payment_link,2026-02-18T23:34:45.402295+00:00,0,0,1500,legacy_ops
opp_gen_0005303,send_reminder,2026-02-18T11:08:28.223319+00:00,1,84657,300,legacy_ops
opp_gen_0005305,send_payment_link,2026-02-18T04:22:27.161719+00:00,1,159282,1500,legacy_ops
opp_gen_0005312,send_reminder,2026-02-18T12:17:27.574697+00:00,1,352211,300,legacy_ops
opp_gen_0005313,send_payment_link,2026-02-18T23:32:03.140837+00:00,1,588857,1500,legacy_ops
opp_gen_0005315,send_reminder,2026-02-18T06:58:13.214171+00:00,0,0,300,legacy_ops
opp_gen_0005318,send_reminder,2026-02-19T00:09:50.205635+00:00,0,0,300,legacy_ops
opp_gen_0005324,send_payment_link,2026-02-18T11:52:19.993585+00:00,1,209055,1500,legacy_ops
opp_gen_0005328,prompt_card_change,2026-02-18T18:18:09.615070+00:00,1,995313,2000,legacy_ops
opp_gen_0005329,send_payment_link,2026-02-18T06:32:16.482045+00:00,1,463309,1500,legacy_ops
opp_gen_0005337,send_payment_link,2026-02-18T17:37:06.998349+00:00,1,634834,1500,legacy_ops
opp_gen_0005342,send_payment_link,2026-02-18T02:39:32.819183+00:00,0,0,1500,legacy_ops
opp_gen_0005346,send_payment_link,2026-02-18T10:14:27.640401+00:00,1,506275,1500,legacy_ops
opp_gen_0005350,send_payment_link,2026-02-18T09:59:33.476332+00:00,1,228702,1500,legacy_ops
opp_gen_0005356,send_payment_link,2026-02-18T06:38:32.281007+00:00,0,0,1500,legacy_ops
opp_gen_0005361,send_payment_link,2026-02-18T23:03:00.825211+00:00,0,0,1500,legacy_ops
opp_gen_0005362,prompt_card_change,2026-02-18T06:02:56.060316+00:00,1,547879,2000,legacy_ops
opp_gen_0005368,send_reminder,2026-02-18T04:50:42.746915+00:00,0,0,300,legacy_ops
opp_gen_0005372,send_payment_link,2026-02-18T07:00:57.487307+00:00,1,816381,1500,legacy_ops
opp_gen_0005374,send_payment_link,2026-02-18T08:19:06.175902+00:00,0,0,1500,legacy_ops
opp_gen_0005376,send_payment_link,2026-02-18T12:01:23.238835+00:00,1,139485,1500,legacy_ops
opp_gen_0005393,prompt_card_change,2026-02-18T22:07:48.917297+00:00,1,4355189,2000,legacy_ops
opp_gen_0005395,send_payment_link,2026-02-18T23:05:40.464312+00:00,1,165661,1500,legacy_ops
opp_gen_0005396,send_reminder,2026-02-18T09:12:40.003766+00:00,0,0,300,legacy_ops
opp_gen_0005400,wait_for_native_retry,2026-02-18T18:04:14.222942+00:00,1,43335,0,legacy_ops
opp_gen_0005405,send_payment_link,2026-02-18T23:26:46.197391+00:00,1,823762,1500,legacy_ops
opp_gen_0005406,send_payment_link,2026-02-18T19:01:53.126809+00:00,1,221932,1500,legacy_ops
opp_gen_0005409,send_reminder,2026-02-18T20:25:22.772944+00:00,0,0,300,legacy_ops
opp_gen_0005415,send_payment_link,2026-02-18T06:58:33.845730+00:00,0,0,1500,legacy_ops
opp_gen_0005418,send_payment_link,2026-02-18T05:43:11.423911+00:00,0,0,1500,legacy_ops
opp_gen_0005420,send_payment_link,2026-02-18T00:46:13.813026+00:00,1,282083,1500,legacy_ops
opp_gen_0005423,send_payment_link,2026-02-18T12:03:38.275972+00:00,1,392653,1500,legacy_ops
opp_gen_0005425,send_reminder,2026-02-18T14:15:52.660222+00:00,1,125652,300,legacy_ops
opp_gen_0005426,send_payment_link,2026-02-18T08:19:14.841815+00:00,1,95711,1500,legacy_ops
opp_gen_0005428,send_payment_link,2026-02-18T06:10:07.719397+00:00,1,395365,1500,legacy_ops
opp_gen_0005429,send_payment_link,2026-02-18T03:22:45.750551+00:00,1,4448369,1500,legacy_ops
opp_gen_0005433,send_payment_link,2026-02-18T16:45:37.338017+00:00,1,3731785,1500,legacy_ops
opp_gen_0005437,send_payment_link,2026-02-18T19:06:01.272512+00:00,1,2268677,1500,legacy_ops
opp_gen_0005441,send_payment_link,2026-02-18T22:17:37.948693+00:00,1,170839,1500,legacy_ops
opp_gen_0005453,send_reminder,2026-02-19T06:40:32.703233+00:00,0,0,300,legacy_ops
opp_gen_0005458,send_payment_link,2026-02-19T15:43:18.696834+00:00,0,0,1500,legacy_ops
opp_gen_0005459,send_payment_link,2026-02-19T03:29:12.013951+00:00,1,1112832,1500,legacy_ops
opp_gen_0005461,send_reminder,2026-02-19T07:47:42.552665+00:00,0,0,300,legacy_ops
opp_gen_0005463,send_payment_link,2026-02-19T15:52:35.905278+00:00,1,1539629,1500,legacy_ops
opp_gen_0005465,send_payment_link,2026-02-19T07:04:16.266090+00:00,1,856546,1500,legacy_ops
opp_gen_0005466,wait_for_native_retry,2026-02-19T04:06:52.650481+00:00,0,0,0,legacy_ops
opp_gen_0005467,send_payment_link,2026-02-19T21:45:37.026396+00:00,1,1057394,1500,legacy_ops
opp_gen_0005479,send_payment_link,2026-02-19T09:17:30.257110+00:00,0,0,1500,legacy_ops
opp_gen_0005493,send_payment_link,2026-02-19T04:08:19.299846+00:00,1,977488,1500,legacy_ops
opp_gen_0005495,send_payment_link,2026-02-19T20:19:11.799690+00:00,1,560618,1500,legacy_ops
opp_gen_0005504,send_reminder,2026-02-19T22:55:18.465643+00:00,0,0,300,legacy_ops
opp_gen_0005519,send_reminder,2026-02-19T12:59:27.134765+00:00,1,494095,300,legacy_ops
opp_gen_0005523,send_reminder,2026-02-19T17:17:44.195659+00:00,0,0,300,legacy_ops
opp_gen_0005533,send_reminder,2026-02-19T09:42:52.806925+00:00,1,226640,300,legacy_ops
opp_gen_0005536,prompt_card_change,2026-02-20T15:30:36.654445+00:00,0,0,2000,legacy_ops
opp_gen_0005537,send_reminder,2026-02-20T14:08:09.902395+00:00,1,125431,300,legacy_ops
opp_gen_0005538,send_reminder,2026-02-20T06:33:22.022431+00:00,1,177477,300,legacy_ops
opp_gen_0005546,send_payment_link,2026-02-20T16:57:53.055112+00:00,0,0,1500,legacy_ops
opp_gen_0005550,send_payment_link,2026-02-20T20:29:25.680285+00:00,0,0,1500,legacy_ops
opp_gen_0005552,send_payment_link,2026-02-20T21:24:05.360950+00:00,1,496056,1500,legacy_ops
opp_gen_0005556,send_reminder,2026-02-20T20:52:08.899310+00:00,0,0,300,legacy_ops
opp_gen_0005566,send_reminder,2026-02-20T11:33:32.271188+00:00,0,0,300,legacy_ops
opp_gen_0005570,send_payment_link,2026-02-20T15:01:45.061825+00:00,1,559794,1500,legacy_ops
opp_gen_0005578,send_payment_link,2026-02-20T15:29:33.249786+00:00,0,0,1500,legacy_ops
opp_gen_0005583,send_payment_link,2026-02-20T11:17:08.064420+00:00,1,345312,1500,legacy_ops
opp_gen_0005587,send_payment_link,2026-02-20T02:30:33.299245+00:00,1,142853,1500,legacy_ops
opp_gen_0005594,send_payment_link,2026-02-20T14:16:08.231085+00:00,1,1692232,1500,legacy_ops
opp_gen_0005597,send_payment_link,2026-02-20T19:58:08.298863+00:00,1,50483,1500,legacy_ops
opp_gen_0005599,wait_for_native_retry,2026-02-20T11:45:47.158393+00:00,0,0,0,legacy_ops
opp_gen_0005600,send_reminder,2026-02-20T12:53:20.284116+00:00,0,0,300,legacy_ops
opp_gen_0005601,send_reminder,2026-02-20T06:27:54.197207+00:00,1,303446,300,legacy_ops
opp_gen_0005604,send_payment_link,2026-02-20T17:02:47.356403+00:00,1,840354,1500,legacy_ops
opp_gen_0005607,send_reminder,2026-02-20T15:43:34.376097+00:00,1,46696,300,legacy_ops
opp_gen_0005616,send_payment_link,2026-02-20T18:23:31.309479+00:00,1,56426,1500,legacy_ops
opp_gen_0005622,send_reminder,2026-02-20T23:35:11.268617+00:00,0,0,300,legacy_ops
opp_gen_0005631,send_payment_link,2026-02-21T05:04:38.196425+00:00,0,0,1500,legacy_ops
opp_gen_0005632,wait_for_native_retry,2026-02-21T19:17:46.709675+00:00,1,189869,0,legacy_ops
opp_gen_0005635,send_payment_link,2026-02-21T03:41:15.080891+00:00,1,624533,1500,legacy_ops
opp_gen_0005637,send_reminder,2026-02-21T11:25:10.288018+00:00,1,177073,300,legacy_ops
opp_gen_0005638,send_payment_link,2026-02-21T12:03:07.779136+00:00,1,689630,1500,legacy_ops
opp_gen_0005646,wait_for_native_retry,2026-02-21T17:07:36.179767+00:00,1,186665,0,legacy_ops
opp_gen_0005653,send_reminder,2026-02-21T18:32:23.526960+00:00,1,407480,300,legacy_ops
opp_gen_0005662,send_reminder,2026-02-21T22:13:13.491402+00:00,0,0,300,legacy_ops
opp_gen_0005667,send_reminder,2026-02-21T05:25:46.147627+00:00,0,0,300,legacy_ops
opp_gen_0005670,send_reminder,2026-02-21T14:07:09.782571+00:00,1,232413,300,legacy_ops
opp_gen_0005673,send_payment_link,2026-02-21T01:22:48.988805+00:00,1,86884,1500,legacy_ops
opp_gen_0005687,send_reminder,2026-02-21T22:25:26.584424+00:00,1,180186,300,legacy_ops
opp_gen_0005688,send_payment_link,2026-02-21T22:25:22.796048+00:00,1,626677,1500,legacy_ops
opp_gen_0005698,send_payment_link,2026-02-21T00:19:06.740418+00:00,1,74300,1500,legacy_ops
opp_gen_0005702,send_payment_link,2026-02-21T17:38:31.312102+00:00,0,0,1500,legacy_ops
opp_gen_0005703,send_reminder,2026-02-21T04:06:22.964608+00:00,0,0,300,legacy_ops
opp_gen_0005705,send_payment_link,2026-02-21T23:35:14.730103+00:00,1,601442,1500,legacy_ops
opp_gen_0005706,send_payment_link,2026-02-21T02:13:38.833421+00:00,0,0,1500,legacy_ops
opp_gen_0005707,send_reminder,2026-02-21T22:11:55.643928+00:00,1,232365,300,legacy_ops
opp_gen_0005709,wait_for_native_retry,2026-02-21T18:26:52.165086+00:00,0,0,0,legacy_ops
opp_gen_0005716,send_reminder,2026-02-21T12:40:31.887971+00:00,1,1003433,300,legacy_ops
opp_gen_0005718,send_payment_link,2026-02-22T23:47:10.074231+00:00,1,269192,1500,legacy_ops
opp_gen_0005725,send_payment_link,2026-02-22T03:07:52.027172+00:00,1,1818736,1500,legacy_ops
opp_gen_0005727,send_payment_link,2026-02-22T17:01:57.163571+00:00,0,0,1500,legacy_ops
opp_gen_0005729,send_payment_link,2026-02-22T02:43:28.353781+00:00,0,0,1500,legacy_ops
opp_gen_0005730,send_payment_link,2026-02-22T03:21:30.189899+00:00,0,0,1500,legacy_ops
opp_gen_0005735,prompt_card_change,2026-02-22T10:48:37.111697+00:00,0,0,2000,legacy_ops
opp_gen_0005747,send_payment_link,2026-02-22T14:04:50.652581+00:00,1,135354,1500,legacy_ops
opp_gen_0005750,send_reminder,2026-02-22T09:59:41.218312+00:00,0,0,300,legacy_ops
opp_gen_0005757,send_reminder,2026-02-22T08:47:54.333236+00:00,1,245967,300,legacy_ops
opp_gen_0005763,send_payment_link,2026-02-22T14:34:26.739169+00:00,0,0,1500,legacy_ops
opp_gen_0005765,send_payment_link,2026-02-22T08:10:53.025384+00:00,1,3243923,1500,legacy_ops
opp_gen_0005778,send_payment_link,2026-02-22T21:25:15.763042+00:00,1,1247366,1500,legacy_ops
opp_gen_0005779,prompt_card_change,2026-02-22T06:39:20.695108+00:00,0,0,2000,legacy_ops
opp_gen_0005785,wait_for_native_retry,2026-02-22T23:47:00.699064+00:00,0,0,0,legacy_ops
opp_gen_0005794,send_reminder,2026-02-22T07:01:07.191337+00:00,1,38871,300,legacy_ops
opp_gen_0005800,send_payment_link,2026-02-22T06:31:54.248184+00:00,1,869404,1500,legacy_ops
opp_gen_0005807,send_payment_link,2026-02-22T14:39:14.613247+00:00,0,0,1500,legacy_ops
opp_gen_0005810,send_reminder,2026-02-22T08:31:47.328175+00:00,1,93529,300,legacy_ops
opp_gen_0005813,send_payment_link,2026-02-22T23:02:29.303307+00:00,1,156469,1500,legacy_ops
opp_gen_0005815,send_payment_link,2026-02-22T01:27:41.990774+00:00,0,0,1500,legacy_ops
opp_gen_0005821,send_reminder,2026-02-23T21:43:17.903817+00:00,1,263562,300,legacy_ops
opp_gen_0005826,send_reminder,2026-02-23T14:12:03.816354+00:00,1,165055,300,legacy_ops
opp_gen_0005831,wait_for_native_retry,2026-02-23T14:23:49.871572+00:00,0,0,0,legacy_ops
opp_gen_0005833,send_reminder,2026-02-23T17:51:51.004776+00:00,0,0,300,legacy_ops
opp_gen_0005834,send_reminder,2026-02-23T06:23:40.038776+00:00,0,0,300,legacy_ops
opp_gen_0005837,send_payment_link,2026-02-23T10:18:51.017015+00:00,0,0,1500,legacy_ops
opp_gen_0005848,send_reminder,2026-02-23T21:03:03.442180+00:00,1,176541,300,legacy_ops
opp_gen_0005851,send_payment_link,2026-02-23T15:34:33.339829+00:00,1,631434,1500,legacy_ops
opp_gen_0005853,send_payment_link,2026-02-23T03:05:33.040823+00:00,0,0,1500,legacy_ops
opp_gen_0005873,send_payment_link,2026-02-23T22:28:37.362466+00:00,0,0,1500,legacy_ops
opp_gen_0005875,prompt_card_change,2026-02-23T01:52:54.830935+00:00,1,1922982,2000,legacy_ops
opp_gen_0005887,send_payment_link,2026-02-23T04:09:12.980769+00:00,0,0,1500,legacy_ops
opp_gen_0005888,wait_for_native_retry,2026-02-23T01:18:47.822395+00:00,0,0,0,legacy_ops
opp_gen_0005892,send_payment_link,2026-02-23T14:24:21.179548+00:00,1,2140552,1500,legacy_ops
opp_gen_0005898,wait_for_native_retry,2026-02-23T22:33:32.830830+00:00,0,0,0,legacy_ops
opp_gen_0005899,send_reminder,2026-02-23T03:21:16.803593+00:00,0,0,300,legacy_ops
opp_gen_0005901,send_payment_link,2026-02-23T09:28:31.044214+00:00,0,0,1500,legacy_ops
opp_gen_0005910,send_payment_link,2026-02-23T15:58:51.730461+00:00,1,198052,1500,legacy_ops
opp_gen_0005911,send_payment_link,2026-02-23T18:34:38.312178+00:00,0,0,1500,legacy_ops
opp_gen_0005915,send_reminder,2026-02-23T20:20:27.537532+00:00,0,0,300,legacy_ops
opp_gen_0005916,send_payment_link,2026-02-23T07:23:55.838509+00:00,0,0,1500,legacy_ops
opp_gen_0005920,send_payment_link,2026-02-24T17:33:43.790549+00:00,1,1598455,1500,legacy_ops
opp_gen_0005924,send_reminder,2026-02-24T21:06:53.610501+00:00,1,101440,300,legacy_ops
opp_gen_0005925,wait_for_native_retry,2026-02-24T01:29:33.918314+00:00,1,89408,0,legacy_ops
opp_gen_0005927,send_reminder,2026-02-24T22:58:51.166603+00:00,0,0,300,legacy_ops
opp_gen_0005933,send_payment_link,2026-02-24T08:26:05.947525+00:00,0,0,1500,legacy_ops
opp_gen_0005937,send_payment_link,2026-02-24T16:42:44.322204+00:00,1,792507,1500,legacy_ops
opp_gen_0005941,send_payment_link,2026-02-24T00:52:36.083743+00:00,1,501693,1500,legacy_ops
opp_gen_0005942,send_payment_link,2026-02-24T22:53:17.040118+00:00,1,1095786,1500,legacy_ops
opp_gen_0005947,send_reminder,2026-02-24T13:26:19.661029+00:00,1,417928,300,legacy_ops
opp_gen_0005951,send_reminder,2026-02-24T01:36:04.009695+00:00,0,0,300,legacy_ops
opp_gen_0005955,send_reminder,2026-02-24T00:41:12.058416+00:00,0,0,300,legacy_ops
opp_gen_0005962,send_reminder,2026-02-24T12:18:28.825354+00:00,0,0,300,legacy_ops
opp_gen_0005963,send_payment_link,2026-02-24T16:39:04.109559+00:00,1,848240,1500,legacy_ops
opp_gen_0005965,send_payment_link,2026-02-24T05:19:07.080294+00:00,0,0,1500,legacy_ops
opp_gen_0005974,send_payment_link,2026-02-24T14:27:28.549407+00:00,0,0,1500,legacy_ops
opp_gen_0005975,send_reminder,2026-02-24T18:36:25.297725+00:00,1,266820,300,legacy_ops
opp_gen_0005978,send_payment_link,2026-02-24T23:10:19.632455+00:00,1,481631,1500,legacy_ops
opp_gen_0005980,send_payment_link,2026-02-24T18:01:50.612415+00:00,0,0,1500,legacy_ops
opp_gen_0005989,send_reminder,2026-02-24T15:47:11.842219+00:00,1,195342,300,legacy_ops
opp_gen_0005990,send_reminder,2026-02-24T08:09:13.218721+00:00,0,0,300,legacy_ops
opp_gen_0005994,send_payment_link,2026-02-24T12:37:43.573370+00:00,0,0,1500,legacy_ops
opp_gen_0006006,send_payment_link,2026-02-24T09:22:37.215177+00:00,0,0,1500,legacy_ops
opp_gen_0006014,send_reminder,2026-02-25T17:09:24.731315+00:00,1,480223,300,legacy_ops
opp_gen_0006018,send_payment_link,2026-02-25T00:51:27.325512+00:00,0,0,1500,legacy_ops
opp_gen_0006019,send_payment_link,2026-02-25T01:50:50.452726+00:00,0,0,1500,legacy_ops
opp_gen_0006020,wait_for_native_retry,2026-02-25T10:50:28.492905+00:00,0,0,0,legacy_ops
opp_gen_0006024,send_payment_link,2026-02-25T18:39:28.403489+00:00,0,0,1500,legacy_ops
opp_gen_0006031,send_payment_link,2026-02-25T10:29:09.282443+00:00,1,910929,1500,legacy_ops
opp_gen_0006032,send_payment_link,2026-02-25T15:55:32.044156+00:00,1,261201,1500,legacy_ops
opp_gen_0006035,send_reminder,2026-02-25T07:26:28.217304+00:00,1,49502,300,legacy_ops
opp_gen_0006039,send_reminder,2026-02-25T02:03:54.152747+00:00,1,410761,300,legacy_ops
opp_gen_0006046,send_payment_link,2026-02-25T13:50:08.204189+00:00,1,260200,1500,legacy_ops
opp_gen_0006047,send_payment_link,2026-02-25T01:00:39.701867+00:00,0,0,1500,legacy_ops
opp_gen_0006048,send_payment_link,2026-02-25T15:04:49.743099+00:00,1,193654,1500,legacy_ops
opp_gen_0006053,send_reminder,2026-02-25T12:07:51.841780+00:00,0,0,300,legacy_ops
opp_gen_0006056,send_payment_link,2026-02-25T02:30:01.950776+00:00,0,0,1500,legacy_ops
opp_gen_0006059,send_payment_link,2026-02-25T15:45:12.427381+00:00,1,4139592,1500,legacy_ops
opp_gen_0006066,send_payment_link,2026-02-25T01:49:32.043204+00:00,0,0,1500,legacy_ops
opp_gen_0006071,send_payment_link,2026-02-25T08:53:16.137474+00:00,0,0,1500,legacy_ops
opp_gen_0006073,send_payment_link,2026-02-25T10:53:56.143325+00:00,1,407291,1500,legacy_ops
opp_gen_0006075,send_payment_link,2026-02-25T02:52:00.693531+00:00,0,0,1500,legacy_ops
opp_gen_0006077,send_reminder,2026-02-25T03:41:27.289595+00:00,0,0,300,legacy_ops
opp_gen_0006078,send_payment_link,2026-02-25T18:54:05.742572+00:00,1,42115,1500,legacy_ops
opp_gen_0006084,send_payment_link,2026-02-25T08:07:55.801376+00:00,1,106637,1500,legacy_ops
opp_gen_0006089,send_reminder,2026-02-25T05:57:20.561269+00:00,1,60957,300,legacy_ops
opp_gen_0006095,send_reminder,2026-02-25T10:17:40.121763+00:00,0,0,300,legacy_ops
opp_gen_0006097,send_reminder,2026-02-25T02:41:33.376651+00:00,0,0,300,legacy_ops
opp_gen_0006098,send_payment_link,2026-02-25T19:34:32.511653+00:00,0,0,1500,legacy_ops
opp_gen_0006102,send_payment_link,2026-02-26T07:37:53.189071+00:00,1,918173,1500,legacy_ops
opp_gen_0006103,send_payment_link,2026-02-26T13:00:46.733128+00:00,0,0,1500,legacy_ops
opp_gen_0006107,send_reminder,2026-02-26T08:47:21.602604+00:00,1,207563,300,legacy_ops
opp_gen_0006113,send_payment_link,2026-02-26T07:25:38.046360+00:00,0,0,1500,legacy_ops
opp_gen_0006114,send_payment_link,2026-02-26T16:53:24.194910+00:00,1,300972,1500,legacy_ops
opp_gen_0006115,send_payment_link,2026-02-26T07:55:19.949905+00:00,1,752025,1500,legacy_ops
opp_gen_0006122,send_payment_link,2026-02-26T21:29:17.797285+00:00,0,0,1500,legacy_ops
opp_gen_0006126,send_payment_link,2026-02-26T15:27:44.892655+00:00,0,0,1500,legacy_ops
opp_gen_0006132,send_payment_link,2026-02-26T20:19:08.268608+00:00,0,0,1500,legacy_ops
opp_gen_0006136,send_reminder,2026-02-26T05:21:44.569384+00:00,1,253212,300,legacy_ops
opp_gen_0006140,send_reminder,2026-02-26T14:43:25.730235+00:00,1,476322,300,legacy_ops
opp_gen_0006141,send_payment_link,2026-02-26T08:36:21.075052+00:00,0,0,1500,legacy_ops
opp_gen_0006147,send_payment_link,2026-02-26T06:50:43.466185+00:00,0,0,1500,legacy_ops
opp_gen_0006149,send_payment_link,2026-02-26T11:27:29.863495+00:00,0,0,1500,legacy_ops
opp_gen_0006150,prompt_card_change,2026-02-26T20:05:37.915771+00:00,1,736302,2000,legacy_ops
opp_gen_0006160,send_payment_link,2026-02-26T06:32:14.311123+00:00,0,0,1500,legacy_ops
opp_gen_0006173,send_payment_link,2026-02-26T15:08:46.532863+00:00,1,926161,1500,legacy_ops
opp_gen_0006179,send_payment_link,2026-02-26T16:53:54.894592+00:00,0,0,1500,legacy_ops
opp_gen_0006180,send_reminder,2026-02-26T23:06:38.054611+00:00,0,0,300,legacy_ops
opp_gen_0006185,send_reminder,2026-02-26T15:29:36.585870+00:00,0,0,300,legacy_ops
opp_gen_0006190,send_reminder,2026-02-26T20:06:50.959785+00:00,1,448514,300,legacy_ops
opp_gen_0006191,send_payment_link,2026-02-27T08:00:22.528221+00:00,1,1556292,1500,legacy_ops
opp_gen_0006195,send_reminder,2026-02-27T07:57:18.933872+00:00,0,0,300,legacy_ops
opp_gen_0006198,send_payment_link,2026-02-27T15:23:52.074419+00:00,1,673199,1500,legacy_ops
opp_gen_0006199,send_payment_link,2026-02-27T20:22:58.176813+00:00,1,173084,1500,legacy_ops
opp_gen_0006208,send_reminder,2026-02-27T21:31:17.473676+00:00,1,160339,300,legacy_ops
opp_gen_0006212,send_reminder,2026-02-27T19:39:18.616180+00:00,0,0,300,legacy_ops
opp_gen_0006218,wait_for_native_retry,2026-02-27T03:43:02.230174+00:00,0,0,0,legacy_ops
opp_gen_0006221,send_payment_link,2026-02-27T19:19:49.460608+00:00,0,0,1500,legacy_ops
opp_gen_0006223,send_payment_link,2026-02-27T06:15:52.630795+00:00,1,37764,1500,legacy_ops
opp_gen_0006224,send_reminder,2026-02-27T17:47:47.262449+00:00,1,88902,300,legacy_ops
opp_gen_0006228,send_payment_link,2026-02-27T18:15:39.009444+00:00,1,334430,1500,legacy_ops
opp_gen_0006229,send_payment_link,2026-02-27T02:03:34.965681+00:00,0,0,1500,legacy_ops
opp_gen_0006231,send_reminder,2026-02-27T07:05:40.665334+00:00,1,293894,300,legacy_ops
opp_gen_0006240,send_payment_link,2026-02-27T13:51:14.715159+00:00,1,2060110,1500,legacy_ops
opp_gen_0006245,send_payment_link,2026-02-27T21:19:31.200345+00:00,1,960670,1500,legacy_ops
opp_gen_0006249,send_payment_link,2026-02-27T00:29:23.615653+00:00,0,0,1500,legacy_ops
opp_gen_0006251,send_payment_link,2026-02-27T11:36:17.289830+00:00,1,2873954,1500,legacy_ops
opp_gen_0006255,send_reminder,2026-02-27T05:41:05.418791+00:00,0,0,300,legacy_ops
opp_gen_0006262,send_payment_link,2026-02-27T20:13:43.803638+00:00,1,262926,1500,legacy_ops
opp_gen_0006272,send_payment_link,2026-02-27T08:03:56.350316+00:00,1,4098572,1500,legacy_ops
opp_gen_0006283,send_reminder,2026-02-27T14:22:45.815812+00:00,1,93409,300,legacy_ops
opp_gen_0006285,send_payment_link,2026-02-27T05:08:33.201764+00:00,1,551254,1500,legacy_ops
opp_gen_0006292,send_payment_link,2026-02-27T02:23:55.849703+00:00,0,0,1500,legacy_ops
opp_gen_0006295,send_reminder,2026-02-27T09:26:51.984488+00:00,1,182781,300,legacy_ops
opp_gen_0006300,send_payment_link,2026-02-27T01:59:17.281163+00:00,1,1016134,1500,legacy_ops
opp_gen_0006301,send_payment_link,2026-02-27T11:50:49.627021+00:00,1,3771182,1500,legacy_ops
opp_gen_0006303,send_payment_link,2026-02-28T10:55:21.509323+00:00,1,1496438,1500,legacy_ops
opp_gen_0006306,send_payment_link,2026-02-28T17:48:54.185729+00:00,1,872974,1500,legacy_ops
opp_gen_0006307,send_payment_link,2026-02-28T02:03:59.986243+00:00,1,721968,1500,legacy_ops
opp_gen_0006311,send_payment_link,2026-02-28T19:24:13.768803+00:00,0,0,1500,legacy_ops
opp_gen_0006321,send_payment_link,2026-02-28T03:12:49.280772+00:00,0,0,1500,legacy_ops
opp_gen_0006326,send_payment_link,2026-02-28T09:24:19.663160+00:00,0,0,1500,legacy_ops
opp_gen_0006334,send_reminder,2026-02-28T10:01:59.612747+00:00,0,0,300,legacy_ops
opp_gen_0006336,send_payment_link,2026-02-28T19:54:54.190865+00:00,0,0,1500,legacy_ops
opp_gen_0006341,send_payment_link,2026-02-28T08:53:00.993023+00:00,1,837785,1500,legacy_ops
opp_gen_0006344,send_reminder,2026-02-28T18:42:09.501491+00:00,1,159660,300,legacy_ops
opp_gen_0006345,send_reminder,2026-02-28T13:28:34.188556+00:00,1,138142,300,legacy_ops
opp_gen_0006346,send_payment_link,2026-02-28T15:44:00.744078+00:00,0,0,1500,legacy_ops
opp_gen_0006348,send_reminder,2026-02-28T17:13:05.534543+00:00,1,37842,300,legacy_ops
opp_gen_0006349,send_payment_link,2026-02-28T19:48:52.765127+00:00,1,1026870,1500,legacy_ops
opp_gen_0006360,wait_for_native_retry,2026-02-28T04:50:40.296826+00:00,0,0,0,legacy_ops
opp_gen_0006371,send_payment_link,2026-02-28T14:20:08.879944+00:00,1,235439,1500,legacy_ops
opp_gen_0006372,send_payment_link,2026-02-28T04:38:25.809331+00:00,1,180450,1500,legacy_ops
opp_gen_0006388,send_payment_link,2026-02-28T17:43:38.235956+00:00,1,872005,1500,legacy_ops
opp_gen_0006402,send_reminder,2026-03-01T06:32:01.971603+00:00,1,228079,300,legacy_ops
opp_gen_0006412,wait_for_native_retry,2026-03-01T17:30:06.579399+00:00,1,168554,0,legacy_ops
opp_gen_0006415,wait_for_native_retry,2026-03-01T10:21:31.845693+00:00,0,0,0,legacy_ops
opp_gen_0006420,send_payment_link,2026-03-01T07:31:29.762364+00:00,0,0,1500,legacy_ops
opp_gen_0006421,send_reminder,2026-03-01T03:46:42.965407+00:00,1,35817,300,legacy_ops
opp_gen_0006423,send_reminder,2026-03-01T22:54:46.283390+00:00,1,381332,300,legacy_ops
opp_gen_0006437,send_payment_link,2026-03-01T03:19:08.360588+00:00,1,83008,1500,legacy_ops
opp_gen_0006446,send_payment_link,2026-03-01T01:46:34.240760+00:00,0,0,1500,legacy_ops
opp_gen_0006458,send_reminder,2026-03-01T03:33:56.326883+00:00,0,0,300,legacy_ops
opp_gen_0006460,send_reminder,2026-03-01T10:31:43.205487+00:00,1,358744,300,legacy_ops
opp_gen_0006462,send_payment_link,2026-03-01T12:22:51.313718+00:00,1,1867026,1500,legacy_ops
opp_gen_0006466,send_payment_link,2026-03-01T05:37:05.186197+00:00,0,0,1500,legacy_ops
opp_gen_0006478,send_reminder,2026-03-01T14:32:25.996566+00:00,1,264322,300,legacy_ops
opp_gen_0006482,send_payment_link,2026-03-02T23:36:39.038705+00:00,0,0,1500,legacy_ops
opp_gen_0006483,send_reminder,2026-03-02T09:52:02.215001+00:00,1,118004,300,legacy_ops
opp_gen_0006484,send_payment_link,2026-03-02T01:07:40.868746+00:00,0,0,1500,legacy_ops
opp_gen_0006492,send_payment_link,2026-03-02T15:00:45.870189+00:00,1,846883,1500,legacy_ops
opp_gen_0006494,send_payment_link,2026-03-02T18:47:06.237886+00:00,0,0,1500,legacy_ops
opp_gen_0006501,send_payment_link,2026-03-02T21:45:29.478537+00:00,0,0,1500,legacy_ops
opp_gen_0006505,send_payment_link,2026-03-02T15:17:34.949723+00:00,1,364419,1500,legacy_ops
opp_gen_0006508,send_reminder,2026-03-02T09:44:15.476061+00:00,1,284031,300,legacy_ops
opp_gen_0006509,wait_for_native_retry,2026-03-02T05:35:32.125582+00:00,0,0,0,legacy_ops
opp_gen_0006510,send_payment_link,2026-03-02T22:43:40.414462+00:00,1,374791,1500,legacy_ops
opp_gen_0006517,send_payment_link,2026-03-02T22:36:34.397138+00:00,1,3170716,1500,legacy_ops
opp_gen_0006519,send_payment_link,2026-03-02T04:52:06.858624+00:00,0,0,1500,legacy_ops
opp_gen_0006526,send_reminder,2026-03-02T02:26:11.295837+00:00,1,77350,300,legacy_ops
opp_gen_0006540,send_reminder,2026-03-02T09:41:07.290302+00:00,1,276811,300,legacy_ops
opp_gen_0006541,send_reminder,2026-03-02T02:09:25.074594+00:00,0,0,300,legacy_ops
opp_gen_0006543,send_reminder,2026-03-02T16:58:39.727699+00:00,0,0,300,legacy_ops
opp_gen_0006548,send_payment_link,2026-03-02T08:51:19.615133+00:00,1,257819,1500,legacy_ops
opp_gen_0006549,send_payment_link,2026-03-02T19:17:47.919805+00:00,1,235097,1500,legacy_ops
opp_gen_0006559,send_payment_link,2026-03-02T17:32:30.445162+00:00,0,0,1500,legacy_ops
opp_gen_0006561,send_payment_link,2026-03-02T06:13:38.338237+00:00,1,625675,1500,legacy_ops
opp_gen_0006563,send_reminder,2026-03-02T07:40:15.729924+00:00,1,490336,300,legacy_ops
opp_gen_0006575,prompt_card_change,2026-03-03T20:52:04.671382+00:00,1,286817,2000,legacy_ops
opp_gen_0006584,send_reminder,2026-03-03T08:48:49.159119+00:00,1,88488,300,legacy_ops
opp_gen_0006598,send_payment_link,2026-03-03T22:52:32.196587+00:00,1,529426,1500,legacy_ops
opp_gen_0006602,send_payment_link,2026-03-03T12:09:39.113156+00:00,0,0,1500,legacy_ops
opp_gen_0006605,wait_for_native_retry,2026-03-03T17:24:01.353567+00:00,1,894571,0,legacy_ops
opp_gen_0006613,send_reminder,2026-03-03T01:57:49.329148+00:00,0,0,300,legacy_ops
opp_gen_0006615,send_payment_link,2026-03-03T03:34:15.611003+00:00,1,1035557,1500,legacy_ops
opp_gen_0006616,send_reminder,2026-03-03T09:20:44.261747+00:00,1,154255,300,legacy_ops
opp_gen_0006618,send_payment_link,2026-03-03T06:21:23.135807+00:00,0,0,1500,legacy_ops
opp_gen_0006620,send_reminder,2026-03-03T16:13:12.987208+00:00,0,0,300,legacy_ops
opp_gen_0006630,prompt_card_change,2026-03-03T01:25:54.984708+00:00,0,0,2000,legacy_ops
opp_gen_0006635,send_payment_link,2026-03-03T13:14:27.397623+00:00,0,0,1500,legacy_ops
opp_gen_0006636,prompt_card_change,2026-03-03T03:43:58.209099+00:00,0,0,2000,legacy_ops
opp_gen_0006644,send_payment_link,2026-03-03T19:59:25.813954+00:00,1,770584,1500,legacy_ops
opp_gen_0006650,send_payment_link,2026-03-03T17:27:51.886377+00:00,1,2241538,1500,legacy_ops
opp_gen_0006652,send_payment_link,2026-03-03T10:10:24.339233+00:00,1,161285,1500,legacy_ops
opp_gen_0006653,send_payment_link,2026-03-03T07:20:19.704153+00:00,1,2079318,1500,legacy_ops
opp_gen_0006659,send_payment_link,2026-03-04T22:37:04.874094+00:00,1,168100,1500,legacy_ops
opp_gen_0006665,send_payment_link,2026-03-04T11:46:58.341592+00:00,1,254013,1500,legacy_ops
opp_gen_0006667,send_reminder,2026-03-04T04:04:58.976784+00:00,1,141615,300,legacy_ops
opp_gen_0006668,send_reminder,2026-03-04T09:20:04.382489+00:00,0,0,300,legacy_ops
opp_gen_0006672,send_reminder,2026-03-04T07:19:18.543581+00:00,1,86701,300,legacy_ops
opp_gen_0006673,send_payment_link,2026-03-04T16:48:17.288671+00:00,0,0,1500,legacy_ops
opp_gen_0006680,send_payment_link,2026-03-04T17:47:19.358508+00:00,1,1152310,1500,legacy_ops
opp_gen_0006681,send_payment_link,2026-03-04T20:52:40.907797+00:00,1,740375,1500,legacy_ops
opp_gen_0006695,send_reminder,2026-03-04T16:32:30.097056+00:00,1,147775,300,legacy_ops
opp_gen_0006698,send_reminder,2026-03-04T01:44:52.135289+00:00,0,0,300,legacy_ops
opp_gen_0006702,send_reminder,2026-03-04T21:39:41.323617+00:00,0,0,300,legacy_ops
opp_gen_0006704,send_payment_link,2026-03-04T13:19:42.781135+00:00,1,2536246,1500,legacy_ops
opp_gen_0006705,send_payment_link,2026-03-04T20:05:36.854535+00:00,1,2438730,1500,legacy_ops
opp_gen_0006706,prompt_card_change,2026-03-04T14:20:45.540567+00:00,1,91030,2000,legacy_ops
opp_gen_0006707,send_payment_link,2026-03-04T05:51:20.480481+00:00,1,2923484,1500,legacy_ops
opp_gen_0006709,send_payment_link,2026-03-04T13:49:30.870294+00:00,1,3397515,1500,legacy_ops
opp_gen_0006712,send_payment_link,2026-03-04T06:35:50.881592+00:00,0,0,1500,legacy_ops
opp_gen_0006714,send_reminder,2026-03-04T01:37:02.352905+00:00,1,60564,300,legacy_ops
opp_gen_0006716,send_payment_link,2026-03-04T02:13:51.767361+00:00,0,0,1500,legacy_ops
opp_gen_0006719,send_payment_link,2026-03-04T21:11:41.288691+00:00,1,211376,1500,legacy_ops
opp_gen_0006730,wait_for_native_retry,2026-03-04T09:32:20.722434+00:00,1,86166,0,legacy_ops
opp_gen_0006731,send_reminder,2026-03-04T13:09:00.771295+00:00,1,277334,300,legacy_ops
opp_gen_0006734,send_payment_link,2026-03-04T22:32:45.860350+00:00,0,0,1500,legacy_ops
opp_gen_0006738,send_payment_link,2026-03-04T06:33:33.756205+00:00,1,242663,1500,legacy_ops
opp_gen_0006740,send_payment_link,2026-03-04T15:01:21.536946+00:00,0,0,1500,legacy_ops
opp_gen_0006742,prompt_card_change,2026-03-04T19:08:28.553423+00:00,1,453356,2000,legacy_ops
opp_gen_0006743,send_payment_link,2026-03-04T17:04:33.199817+00:00,0,0,1500,legacy_ops
opp_gen_0006751,send_reminder,2026-03-04T13:26:10.112398+00:00,1,402357,300,legacy_ops
opp_gen_0006754,send_reminder,2026-03-04T23:04:10.332322+00:00,1,961506,300,legacy_ops
opp_gen_0006755,send_payment_link,2026-03-04T00:16:08.258844+00:00,0,0,1500,legacy_ops
opp_gen_0006761,send_payment_link,2026-03-05T13:33:35.662506+00:00,1,1345742,1500,legacy_ops
opp_gen_0006765,send_payment_link,2026-03-05T21:22:55.205517+00:00,1,322199,1500,legacy_ops
opp_gen_0006779,send_payment_link,2026-03-05T13:54:12.059602+00:00,0,0,1500,legacy_ops
opp_gen_0006782,send_reminder,2026-03-05T00:38:15.069397+00:00,1,194410,300,legacy_ops
opp_gen_0006785,send_payment_link,2026-03-05T00:18:54.057699+00:00,1,641021,1500,legacy_ops
opp_gen_0006790,send_reminder,2026-03-05T19:28:40.435157+00:00,1,274303,300,legacy_ops
opp_gen_0006806,send_payment_link,2026-03-05T04:04:29.504621+00:00,1,1093177,1500,legacy_ops
opp_gen_0006814,send_payment_link,2026-03-05T12:45:17.912298+00:00,1,155962,1500,legacy_ops
opp_gen_0006822,send_reminder,2026-03-05T09:55:53.578141+00:00,1,160376,300,legacy_ops
opp_gen_0006829,send_payment_link,2026-03-05T08:40:30.991066+00:00,1,214139,1500,legacy_ops
opp_gen_0006833,send_reminder,2026-03-05T19:44:25.758769+00:00,1,270942,300,legacy_ops
opp_gen_0006840,send_reminder,2026-03-05T16:13:28.955695+00:00,1,84969,300,legacy_ops
opp_gen_0006844,prompt_card_change,2026-03-05T06:21:32.017406+00:00,1,1247971,2000,legacy_ops
opp_gen_0006845,send_reminder,2026-03-05T09:17:58.092537+00:00,1,530681,300,legacy_ops
opp_gen_0006847,prompt_card_change,2026-03-05T23:27:56.819430+00:00,1,260883,2000,legacy_ops
opp_gen_0006851,send_reminder,2026-03-05T23:47:33.886253+00:00,0,0,300,legacy_ops
opp_gen_0006852,send_reminder,2026-03-05T22:18:51.562329+00:00,1,236976,300,legacy_ops
opp_gen_0006857,send_payment_link,2026-03-06T22:39:56.907121+00:00,1,124519,1500,legacy_ops
opp_gen_0006860,send_payment_link,2026-03-06T15:39:32.377254+00:00,0,0,1500,legacy_ops
opp_gen_0006865,send_payment_link,2026-03-06T08:49:51.965831+00:00,1,130802,1500,legacy_ops
opp_gen_0006866,send_payment_link,2026-03-06T11:00:55.813618+00:00,1,2141939,1500,legacy_ops
opp_gen_0006867,send_payment_link,2026-03-06T20:37:33.299871+00:00,0,0,1500,legacy_ops
opp_gen_0006874,send_payment_link,2026-03-06T02:42:09.874907+00:00,1,783804,1500,legacy_ops
opp_gen_0006875,send_payment_link,2026-03-06T07:20:01.721182+00:00,0,0,1500,legacy_ops
opp_gen_0006876,send_reminder,2026-03-06T04:16:43.185143+00:00,0,0,300,legacy_ops
opp_gen_0006877,send_payment_link,2026-03-06T02:32:31.914717+00:00,0,0,1500,legacy_ops
opp_gen_0006890,prompt_card_change,2026-03-06T18:53:00.283086+00:00,0,0,2000,legacy_ops
opp_gen_0006893,prompt_card_change,2026-03-06T23:22:02.879798+00:00,0,0,2000,legacy_ops
opp_gen_0006900,send_payment_link,2026-03-06T04:04:32.852383+00:00,0,0,1500,legacy_ops
opp_gen_0006901,send_payment_link,2026-03-06T19:16:49.465244+00:00,1,737414,1500,legacy_ops
opp_gen_0006904,send_payment_link,2026-03-06T16:56:16.663249+00:00,0,0,1500,legacy_ops
opp_gen_0006906,send_reminder,2026-03-06T17:34:32.488559+00:00,1,161011,300,legacy_ops
opp_gen_0006908,send_payment_link,2026-03-06T23:23:36.158844+00:00,0,0,1500,legacy_ops
opp_gen_0006909,send_payment_link,2026-03-06T12:48:59.439406+00:00,1,1550429,1500,legacy_ops
opp_gen_0006910,send_reminder,2026-03-06T16:21:01.159924+00:00,0,0,300,legacy_ops
opp_gen_0006915,prompt_card_change,2026-03-06T17:01:53.595383+00:00,1,630298,2000,legacy_ops
opp_gen_0006919,send_payment_link,2026-03-06T11:39:31.206301+00:00,1,1323399,1500,legacy_ops
opp_gen_0006920,send_payment_link,2026-03-06T03:59:06.695839+00:00,0,0,1500,legacy_ops
opp_gen_0006923,send_payment_link,2026-03-06T13:12:27.264899+00:00,1,147977,1500,legacy_ops
opp_gen_0006927,send_payment_link,2026-03-06T05:13:58.544113+00:00,1,79022,1500,legacy_ops
opp_gen_0006928,wait_for_native_retry,2026-03-06T07:31:05.860799+00:00,1,278383,0,legacy_ops
opp_gen_0006929,prompt_card_change,2026-03-06T02:13:34.691068+00:00,1,2493996,2000,legacy_ops
opp_gen_0006937,send_payment_link,2026-03-06T23:37:42.485778+00:00,1,50398,1500,legacy_ops
opp_gen_0006938,prompt_card_change,2026-03-06T17:19:52.889416+00:00,1,846190,2000,legacy_ops
opp_gen_0006940,send_reminder,2026-03-06T04:40:41.491995+00:00,1,40809,300,legacy_ops
opp_gen_0006952,send_payment_link,2026-03-06T20:01:56.089286+00:00,1,1009457,1500,legacy_ops
opp_gen_0006953,send_payment_link,2026-03-07T11:32:26.282243+00:00,1,160957,1500,legacy_ops
opp_gen_0006962,send_reminder,2026-03-07T03:50:13.246721+00:00,1,579832,300,legacy_ops
opp_gen_0006963,send_payment_link,2026-03-07T21:23:35.088532+00:00,0,0,1500,legacy_ops
opp_gen_0006965,send_payment_link,2026-03-07T09:03:08.722409+00:00,1,992283,1500,legacy_ops
opp_gen_0006975,send_payment_link,2026-03-07T14:38:02.302752+00:00,1,86566,1500,legacy_ops
opp_gen_0006986,send_reminder,2026-03-07T15:13:24.535995+00:00,1,45031,300,legacy_ops
opp_gen_0006991,wait_for_native_retry,2026-03-07T17:56:38.888649+00:00,1,328656,0,legacy_ops
opp_gen_0007001,send_payment_link,2026-03-07T11:36:15.396684+00:00,0,0,1500,legacy_ops
opp_gen_0007003,send_reminder,2026-03-07T04:09:16.931160+00:00,1,202922,300,legacy_ops
opp_gen_0007006,send_payment_link,2026-03-07T04:21:22.685134+00:00,1,553834,1500,legacy_ops
opp_gen_0007016,prompt_card_change,2026-03-07T02:57:53.987621+00:00,0,0,2000,legacy_ops
opp_gen_0007022,send_reminder,2026-03-07T01:21:15.705833+00:00,1,217277,300,legacy_ops
opp_gen_0007027,send_reminder,2026-03-07T11:41:21.352960+00:00,1,61267,300,legacy_ops
opp_gen_0007036,send_payment_link,2026-03-07T10:38:25.135206+00:00,1,954517,1500,legacy_ops
opp_gen_0007041,send_payment_link,2026-03-07T09:17:32.418135+00:00,0,0,1500,legacy_ops
opp_gen_0007047,send_reminder,2026-03-07T05:57:26.310991+00:00,1,209165,300,legacy_ops
opp_gen_0007051,send_payment_link,2026-03-08T11:58:48.360667+00:00,0,0,1500,legacy_ops
opp_gen_0007054,send_payment_link,2026-03-08T12:38:21.913031+00:00,1,194157,1500,legacy_ops
opp_gen_0007055,send_payment_link,2026-03-08T19:26:32.191500+00:00,0,0,1500,legacy_ops
opp_gen_0007056,send_reminder,2026-03-08T20:58:30.482718+00:00,0,0,300,legacy_ops
opp_gen_0007058,wait_for_native_retry,2026-03-08T22:02:53.400199+00:00,0,0,0,legacy_ops
opp_gen_0007066,send_payment_link,2026-03-08T20:50:59.984458+00:00,1,3673034,1500,legacy_ops
opp_gen_0007069,send_reminder,2026-03-08T14:00:48.090115+00:00,0,0,300,legacy_ops
opp_gen_0007072,send_reminder,2026-03-08T21:39:37.614958+00:00,1,496241,300,legacy_ops
opp_gen_0007079,send_payment_link,2026-03-08T19:09:23.329061+00:00,1,2231457,1500,legacy_ops
opp_gen_0007081,send_payment_link,2026-03-08T13:48:45.115638+00:00,1,929779,1500,legacy_ops
opp_gen_0007084,send_reminder,2026-03-08T22:51:28.668460+00:00,1,156194,300,legacy_ops
opp_gen_0007088,send_payment_link,2026-03-08T23:53:55.599980+00:00,1,253293,1500,legacy_ops
opp_gen_0007089,send_payment_link,2026-03-08T09:59:38.493366+00:00,0,0,1500,legacy_ops
opp_gen_0007090,send_payment_link,2026-03-08T04:06:18.277119+00:00,0,0,1500,legacy_ops
opp_gen_0007092,send_payment_link,2026-03-08T12:53:44.205284+00:00,1,513757,1500,legacy_ops
opp_gen_0007097,send_payment_link,2026-03-08T03:00:03.702890+00:00,0,0,1500,legacy_ops
opp_gen_0007106,send_payment_link,2026-03-08T05:39:02.068547+00:00,1,43356,1500,legacy_ops
opp_gen_0007112,send_payment_link,2026-03-08T03:05:24.644249+00:00,0,0,1500,legacy_ops
opp_gen_0007117,send_payment_link,2026-03-08T04:29:28.984191+00:00,1,257355,1500,legacy_ops
opp_gen_0007118,send_payment_link,2026-03-08T12:46:16.194420+00:00,1,646599,1500,legacy_ops
opp_gen_0007129,send_reminder,2026-03-08T04:55:07.787352+00:00,0,0,300,legacy_ops
opp_gen_0007151,send_payment_link,2026-03-09T02:41:16.687835+00:00,1,276847,1500,legacy_ops
opp_gen_0007154,send_payment_link,2026-03-09T01:05:41.553212+00:00,0,0,1500,legacy_ops
opp_gen_0007165,prompt_card_change,2026-03-09T13:50:35.658036+00:00,0,0,2000,legacy_ops
opp_gen_0007168,send_payment_link,2026-03-09T09:43:51.558270+00:00,1,528761,1500,legacy_ops
opp_gen_0007171,send_payment_link,2026-03-09T10:41:53.711606+00:00,1,4103941,1500,legacy_ops
opp_gen_0007175,send_reminder,2026-03-09T17:10:02.339122+00:00,1,192916,300,legacy_ops
opp_gen_0007180,wait_for_native_retry,2026-03-09T00:34:33.578609+00:00,0,0,0,legacy_ops
opp_gen_0007190,send_reminder,2026-03-09T18:01:46.717004+00:00,1,438072,300,legacy_ops
opp_gen_0007193,prompt_card_change,2026-03-09T02:45:23.449588+00:00,0,0,2000,legacy_ops
opp_gen_0007196,send_reminder,2026-03-09T05:39:52.224939+00:00,0,0,300,legacy_ops
opp_gen_0007200,send_payment_link,2026-03-09T17:32:01.011950+00:00,1,584494,1500,legacy_ops
opp_gen_0007207,send_payment_link,2026-03-09T04:47:20.757457+00:00,0,0,1500,legacy_ops
opp_gen_0007221,send_payment_link,2026-03-09T07:48:38.415241+00:00,0,0,1500,legacy_ops
opp_gen_0007229,send_reminder,2026-03-09T13:49:03.653837+00:00,1,185627,300,legacy_ops
opp_gen_0007232,send_payment_link,2026-03-09T18:10:31.281708+00:00,0,0,1500,legacy_ops
opp_gen_0007233,send_payment_link,2026-03-09T04:21:43.203029+00:00,1,3844892,1500,legacy_ops
opp_gen_0007234,send_payment_link,2026-03-09T04:50:05.679506+00:00,0,0,1500,legacy_ops
opp_gen_0007236,send_payment_link,2026-03-09T05:27:58.979758+00:00,1,363346,1500,legacy_ops
opp_gen_0007237,send_payment_link,2026-03-10T05:42:45.228385+00:00,1,72292,1500,legacy_ops
opp_gen_0007243,send_reminder,2026-03-10T13:26:44.922442+00:00,1,209582,300,legacy_ops
opp_gen_0007250,send_reminder,2026-03-10T07:28:18.807287+00:00,1,65018,300,legacy_ops
opp_gen_0007253,send_reminder,2026-03-10T12:34:07.955018+00:00,1,61922,300,legacy_ops
opp_gen_0007258,send_payment_link,2026-03-10T02:47:38.780692+00:00,0,0,1500,legacy_ops
opp_gen_0007264,send_reminder,2026-03-10T08:14:40.215315+00:00,1,343010,300,legacy_ops
opp_gen_0007265,wait_for_native_retry,2026-03-10T01:27:46.239797+00:00,0,0,0,legacy_ops
opp_gen_0007267,send_reminder,2026-03-10T03:11:24.297688+00:00,1,118915,300,legacy_ops
opp_gen_0007269,send_payment_link,2026-03-10T14:48:07.130421+00:00,1,482423,1500,legacy_ops
opp_gen_0007270,send_payment_link,2026-03-10T00:38:37.372163+00:00,1,122966,1500,legacy_ops
opp_gen_0007271,send_reminder,2026-03-10T19:44:22.303321+00:00,1,295848,300,legacy_ops
opp_gen_0007272,send_payment_link,2026-03-10T13:09:18.076312+00:00,1,1474344,1500,legacy_ops
opp_gen_0007273,send_reminder,2026-03-10T13:21:42.344266+00:00,1,184020,300,legacy_ops
opp_gen_0007283,send_reminder,2026-03-10T17:28:13.540490+00:00,1,538275,300,legacy_ops
opp_gen_0007286,send_reminder,2026-03-10T20:24:54.110048+00:00,0,0,300,legacy_ops
opp_gen_0007288,send_reminder,2026-03-10T15:45:04.797886+00:00,1,226003,300,legacy_ops
opp_gen_0007293,send_payment_link,2026-03-10T05:31:33.053989+00:00,0,0,1500,legacy_ops
opp_gen_0007298,prompt_card_change,2026-03-10T09:48:30.062551+00:00,1,1288990,2000,legacy_ops
opp_gen_0007299,send_payment_link,2026-03-10T23:48:52.452432+00:00,1,179414,1500,legacy_ops
opp_gen_0007307,send_reminder,2026-03-10T05:08:52.026131+00:00,1,248338,300,legacy_ops
opp_gen_0007311,send_payment_link,2026-03-10T05:25:42.504808+00:00,1,45394,1500,legacy_ops
opp_gen_0007315,send_reminder,2026-03-10T19:03:08.843655+00:00,1,493042,300,legacy_ops
opp_gen_0007316,send_payment_link,2026-03-10T15:54:14.823178+00:00,1,48870,1500,legacy_ops
opp_gen_0007331,send_payment_link,2026-03-10T13:50:05.236430+00:00,1,2342502,1500,legacy_ops
opp_gen_0007336,wait_for_native_retry,2026-03-11T05:37:49.171852+00:00,1,1756880,0,legacy_ops
opp_gen_0007339,send_payment_link,2026-03-11T23:32:30.645700+00:00,0,0,1500,legacy_ops
opp_gen_0007342,send_payment_link,2026-03-11T14:30:48.462033+00:00,1,1081555,1500,legacy_ops
opp_gen_0007350,wait_for_native_retry,2026-03-11T01:16:53.591642+00:00,0,0,0,legacy_ops
opp_gen_0007353,send_payment_link,2026-03-11T16:39:50.317354+00:00,0,0,1500,legacy_ops
opp_gen_0007360,wait_for_native_retry,2026-03-11T15:22:12.022242+00:00,0,0,0,legacy_ops
opp_gen_0007366,send_payment_link,2026-03-11T03:06:40.551362+00:00,1,50011,1500,legacy_ops
opp_gen_0007369,send_payment_link,2026-03-11T09:24:49.937660+00:00,1,60328,1500,legacy_ops
opp_gen_0007373,send_payment_link,2026-03-11T14:37:03.795955+00:00,1,525806,1500,legacy_ops
opp_gen_0007384,send_reminder,2026-03-11T21:52:55.845268+00:00,1,255818,300,legacy_ops
opp_gen_0007393,send_payment_link,2026-03-11T13:45:26.554886+00:00,0,0,1500,legacy_ops
opp_gen_0007395,send_reminder,2026-03-11T02:40:14.999518+00:00,1,156455,300,legacy_ops
opp_gen_0007396,send_payment_link,2026-03-11T07:21:25.945835+00:00,1,2603567,1500,legacy_ops
opp_gen_0007397,send_payment_link,2026-03-12T00:34:41.117092+00:00,1,90634,1500,legacy_ops
opp_gen_0007403,send_reminder,2026-03-11T19:50:35.258622+00:00,1,270886,300,legacy_ops
opp_gen_0007406,send_payment_link,2026-03-11T16:12:11.210124+00:00,1,1717816,1500,legacy_ops
opp_gen_0007407,send_payment_link,2026-03-11T20:19:13.445407+00:00,0,0,1500,legacy_ops
opp_gen_0007408,send_payment_link,2026-03-11T11:50:12.166552+00:00,0,0,1500,legacy_ops
opp_gen_0007411,wait_for_native_retry,2026-03-11T01:20:19.202123+00:00,1,255980,0,legacy_ops
opp_gen_0007416,send_reminder,2026-03-12T00:02:32.123958+00:00,0,0,300,legacy_ops
opp_gen_0007417,send_payment_link,2026-03-11T04:34:00.367669+00:00,0,0,1500,legacy_ops
opp_gen_0007419,send_reminder,2026-03-12T09:00:25.986370+00:00,1,85966,300,legacy_ops
opp_gen_0007421,send_payment_link,2026-03-12T03:44:35.293151+00:00,1,247419,1500,legacy_ops
opp_gen_0007423,send_payment_link,2026-03-12T23:40:25.737842+00:00,1,72782,1500,legacy_ops
opp_gen_0007435,send_payment_link,2026-03-12T20:43:30.592088+00:00,0,0,1500,legacy_ops
opp_gen_0007439,send_payment_link,2026-03-12T08:31:34.692434+00:00,1,104560,1500,legacy_ops
opp_gen_0007440,send_payment_link,2026-03-12T00:23:14.029107+00:00,1,699935,1500,legacy_ops
opp_gen_0007441,send_reminder,2026-03-12T01:32:04.165224+00:00,0,0,300,legacy_ops
opp_gen_0007460,send_reminder,2026-03-12T20:38:25.088182+00:00,0,0,300,legacy_ops
opp_gen_0007462,send_reminder,2026-03-12T02:05:17.031526+00:00,1,43158,300,legacy_ops
opp_gen_0007463,send_reminder,2026-03-12T16:36:35.630173+00:00,1,203944,300,legacy_ops
opp_gen_0007464,send_payment_link,2026-03-12T21:06:26.943208+00:00,0,0,1500,legacy_ops
opp_gen_0007466,send_payment_link,2026-03-12T04:23:44.374332+00:00,1,1956389,1500,legacy_ops
opp_gen_0007470,send_reminder,2026-03-12T19:38:04.549795+00:00,1,102064,300,legacy_ops
opp_gen_0007476,send_payment_link,2026-03-12T06:56:41.770951+00:00,1,3806157,1500,legacy_ops
opp_gen_0007481,send_payment_link,2026-03-12T22:32:26.484193+00:00,1,2663420,1500,legacy_ops
opp_gen_0007482,send_reminder,2026-03-12T16:56:06.155606+00:00,1,44038,300,legacy_ops
opp_gen_0007485,send_reminder,2026-03-12T06:19:10.657704+00:00,0,0,300,legacy_ops
opp_gen_0007495,send_payment_link,2026-03-12T09:37:32.395247+00:00,1,1228972,1500,legacy_ops
opp_gen_0007497,send_reminder,2026-03-12T05:00:18.797371+00:00,0,0,300,legacy_ops
opp_gen_0007500,send_payment_link,2026-03-12T08:20:06.322643+00:00,0,0,1500,legacy_ops
opp_gen_0007504,send_reminder,2026-03-12T20:23:10.716239+00:00,1,190418,300,legacy_ops
opp_gen_0007505,send_payment_link,2026-03-12T12:08:03.950726+00:00,1,3275026,1500,legacy_ops
opp_gen_0007510,send_payment_link,2026-03-12T18:16:23.071444+00:00,1,182676,1500,legacy_ops
opp_gen_0007512,send_reminder,2026-03-12T11:39:16.626164+00:00,1,209994,300,legacy_ops
opp_gen_0007515,send_payment_link,2026-03-12T03:39:45.774079+00:00,1,561406,1500,legacy_ops
opp_gen_0007516,send_payment_link,2026-03-12T21:00:54.608904+00:00,1,652931,1500,legacy_ops
opp_gen_0007520,prompt_card_change,2026-03-12T06:54:52.373085+00:00,0,0,2000,legacy_ops
opp_gen_0007526,send_reminder,2026-03-12T15:52:27.253943+00:00,1,106141,300,legacy_ops
opp_gen_0007529,send_reminder,2026-03-12T13:02:24.548389+00:00,1,203858,300,legacy_ops
opp_gen_0007541,send_reminder,2026-03-12T04:56:50.330270+00:00,1,175482,300,legacy_ops
opp_gen_0007548,send_payment_link,2026-03-12T17:01:54.568002+00:00,1,1087993,1500,legacy_ops
opp_gen_0007554,send_payment_link,2026-03-12T17:00:08.418453+00:00,1,943190,1500,legacy_ops
opp_gen_0007557,send_reminder,2026-03-12T09:28:45.345989+00:00,1,157862,300,legacy_ops
opp_gen_0007566,send_reminder,2026-03-12T09:31:08.238929+00:00,0,0,300,legacy_ops
opp_gen_0007567,send_payment_link,2026-03-12T19:11:59.895137+00:00,1,244531,1500,legacy_ops
opp_gen_0007572,send_payment_link,2026-03-13T00:08:08.928556+00:00,0,0,1500,legacy_ops
opp_gen_0007577,send_payment_link,2026-03-12T13:28:26.958934+00:00,1,361463,1500,legacy_ops
opp_gen_0007580,send_payment_link,2026-03-12T01:03:10.455197+00:00,0,0,1500,legacy_ops
opp_gen_0007583,send_payment_link,2026-03-12T02:04:25.405466+00:00,1,260095,1500,legacy_ops
opp_gen_0007587,send_payment_link,2026-03-12T06:55:38.511400+00:00,1,55272,1500,legacy_ops
opp_gen_0007589,send_payment_link,2026-03-12T00:43:31.184328+00:00,0,0,1500,legacy_ops
opp_gen_0007598,send_reminder,2026-03-12T20:24:21.139630+00:00,1,137982,300,legacy_ops
opp_gen_0007605,send_payment_link,2026-03-12T19:31:04.584744+00:00,0,0,1500,legacy_ops
opp_gen_0007607,send_payment_link,2026-03-12T19:22:09.491090+00:00,1,1946497,1500,legacy_ops
opp_gen_0007615,send_payment_link,2026-03-13T19:44:15.279287+00:00,0,0,1500,legacy_ops
opp_gen_0007617,send_payment_link,2026-03-13T19:38:25.423402+00:00,1,183114,1500,legacy_ops
opp_gen_0007620,send_payment_link,2026-03-13T19:40:54.473352+00:00,1,836736,1500,legacy_ops
opp_gen_0007625,send_reminder,2026-03-13T13:33:17.864295+00:00,1,86425,300,legacy_ops
opp_gen_0007626,prompt_card_change,2026-03-13T00:52:35.872169+00:00,0,0,2000,legacy_ops
opp_gen_0007627,send_payment_link,2026-03-14T00:02:45.863048+00:00,0,0,1500,legacy_ops
opp_gen_0007632,send_payment_link,2026-03-13T03:43:01.530501+00:00,0,0,1500,legacy_ops
opp_gen_0007634,send_payment_link,2026-03-13T16:54:14.360957+00:00,1,185483,1500,legacy_ops
opp_gen_0007635,send_payment_link,2026-03-13T18:36:20.650998+00:00,1,702890,1500,legacy_ops
opp_gen_0007639,send_payment_link,2026-03-13T20:23:14.359978+00:00,1,1114828,1500,legacy_ops
opp_gen_0007642,send_reminder,2026-03-14T00:13:39.351607+00:00,0,0,300,legacy_ops
opp_gen_0007643,send_reminder,2026-03-13T14:34:31.958084+00:00,1,83767,300,legacy_ops
opp_gen_0007651,send_payment_link,2026-03-13T04:56:18.184068+00:00,1,2229220,1500,legacy_ops
opp_gen_0007654,send_payment_link,2026-03-13T05:21:08.704364+00:00,1,745118,1500,legacy_ops
opp_gen_0007655,wait_for_native_retry,2026-03-14T00:10:45.988757+00:00,0,0,0,legacy_ops
opp_gen_0007658,send_payment_link,2026-03-13T11:22:52.725987+00:00,1,272100,1500,legacy_ops
opp_gen_0007661,prompt_card_change,2026-03-13T21:50:28.174741+00:00,1,187017,2000,legacy_ops
opp_gen_0007664,send_payment_link,2026-03-13T23:17:56.580303+00:00,1,878072,1500,legacy_ops
opp_gen_0007667,send_reminder,2026-03-13T04:51:34.821573+00:00,1,38123,300,legacy_ops
opp_gen_0007668,send_payment_link,2026-03-13T22:23:10.559640+00:00,1,704789,1500,legacy_ops
opp_gen_0007671,send_payment_link,2026-03-13T21:33:59.394033+00:00,1,63625,1500,legacy_ops
opp_gen_0007672,send_payment_link,2026-03-13T00:19:19.862783+00:00,1,878791,1500,legacy_ops
opp_gen_0007680,wait_for_native_retry,2026-03-13T06:09:57.054391+00:00,1,514013,0,legacy_ops
opp_gen_0007690,send_payment_link,2026-03-13T02:22:02.594395+00:00,0,0,1500,legacy_ops
opp_gen_0007700,send_payment_link,2026-03-13T17:46:20.451905+00:00,1,1173526,1500,legacy_ops
opp_gen_0007704,send_payment_link,2026-03-13T11:07:19.261784+00:00,1,1310966,1500,legacy_ops
opp_gen_0007707,send_payment_link,2026-03-13T02:54:04.765739+00:00,0,0,1500,legacy_ops
opp_gen_0007715,send_reminder,2026-03-14T21:58:37.965433+00:00,1,141947,300,legacy_ops
opp_gen_0007716,send_payment_link,2026-03-14T14:10:27.240039+00:00,0,0,1500,legacy_ops
opp_gen_0007719,send_reminder,2026-03-14T19:59:29.899867+00:00,0,0,300,legacy_ops
opp_gen_0007720,send_payment_link,2026-03-14T01:21:11.420218+00:00,1,716797,1500,legacy_ops
opp_gen_0007732,send_payment_link,2026-03-14T04:36:53.043327+00:00,1,107631,1500,legacy_ops
opp_gen_0007737,send_payment_link,2026-03-14T10:50:45.688121+00:00,1,669177,1500,legacy_ops
opp_gen_0007747,send_reminder,2026-03-14T02:07:22.872683+00:00,0,0,300,legacy_ops
opp_gen_0007748,send_reminder,2026-03-14T16:40:03.423770+00:00,0,0,300,legacy_ops
opp_gen_0007751,send_payment_link,2026-03-14T11:34:57.743951+00:00,1,69549,1500,legacy_ops
opp_gen_0007753,send_payment_link,2026-03-14T08:03:49.321408+00:00,1,903801,1500,legacy_ops
opp_gen_0007755,send_payment_link,2026-03-14T18:07:00.173353+00:00,1,199750,1500,legacy_ops
opp_gen_0007758,send_payment_link,2026-03-14T06:20:07.879746+00:00,1,254278,1500,legacy_ops
opp_gen_0007760,prompt_card_change,2026-03-14T21:44:18.818986+00:00,1,159749,2000,legacy_ops
opp_gen_0007762,send_payment_link,2026-03-14T01:12:08.709417+00:00,0,0,1500,legacy_ops
opp_gen_0007772,send_reminder,2026-03-14T14:50:53.982684+00:00,1,175930,300,legacy_ops
opp_gen_0007775,send_reminder,2026-03-14T14:49:26.368328+00:00,1,145683,300,legacy_ops
opp_gen_0007778,send_payment_link,2026-03-14T15:23:05.435607+00:00,0,0,1500,legacy_ops
opp_gen_0007779,send_payment_link,2026-03-14T06:49:40.300690+00:00,1,714007,1500,legacy_ops
opp_gen_0007782,send_payment_link,2026-03-14T19:47:42.257115+00:00,1,84013,1500,legacy_ops
opp_gen_0007794,send_payment_link,2026-03-14T16:02:05.524477+00:00,1,206099,1500,legacy_ops
opp_gen_0007795,send_reminder,2026-03-14T22:36:59.768156+00:00,1,221548,300,legacy_ops
opp_gen_0007804,send_payment_link,2026-03-15T21:53:27.829993+00:00,1,103596,1500,legacy_ops
opp_gen_0007809,send_payment_link,2026-03-15T23:02:19.524917+00:00,1,798372,1500,legacy_ops
opp_gen_0007810,send_reminder,2026-03-15T10:10:42.288516+00:00,0,0,300,legacy_ops
opp_gen_0007812,send_payment_link,2026-03-15T23:09:32.199275+00:00,1,295019,1500,legacy_ops
opp_gen_0007816,send_payment_link,2026-03-15T05:05:13.400883+00:00,1,649548,1500,legacy_ops
opp_gen_0007822,send_payment_link,2026-03-15T04:53:04.572372+00:00,0,0,1500,legacy_ops
opp_gen_0007823,prompt_card_change,2026-03-15T18:35:47.204478+00:00,1,211251,2000,legacy_ops
opp_gen_0007825,send_payment_link,2026-03-15T18:19:00.476958+00:00,1,213471,1500,legacy_ops
opp_gen_0007826,prompt_card_change,2026-03-15T15:26:52.067912+00:00,1,114170,2000,legacy_ops
opp_gen_0007827,send_payment_link,2026-03-15T11:16:57.002101+00:00,1,83033,1500,legacy_ops
opp_gen_0007836,send_payment_link,2026-03-15T19:27:14.425009+00:00,1,69919,1500,legacy_ops
opp_gen_0007843,send_payment_link,2026-03-15T08:35:50.057762+00:00,0,0,1500,legacy_ops
opp_gen_0007845,send_payment_link,2026-03-15T21:38:50.123469+00:00,1,118732,1500,legacy_ops
opp_gen_0007851,send_reminder,2026-03-15T13:50:58.587572+00:00,1,164132,300,legacy_ops
opp_gen_0007854,send_reminder,2026-03-15T13:03:08.018541+00:00,1,235575,300,legacy_ops
opp_gen_0007858,send_payment_link,2026-03-15T12:37:36.451927+00:00,1,549577,1500,legacy_ops
opp_gen_0007861,send_payment_link,2026-03-15T05:18:00.924661+00:00,0,0,1500,legacy_ops
opp_gen_0007864,send_payment_link,2026-03-15T14:58:51.041119+00:00,1,1906101,1500,legacy_ops
opp_gen_0007867,send_reminder,2026-03-15T19:28:51.082308+00:00,1,44142,300,legacy_ops
opp_gen_0007872,send_payment_link,2026-03-15T15:34:57.956349+00:00,1,228553,1500,legacy_ops
opp_gen_0007875,send_reminder,2026-03-15T13:30:42.988027+00:00,1,81060,300,legacy_ops
opp_gen_0007877,send_reminder,2026-03-15T04:54:42.438214+00:00,1,101124,300,legacy_ops
opp_gen_0007880,prompt_card_change,2026-03-15T02:27:04.805889+00:00,0,0,2000,legacy_ops
opp_gen_0007883,send_payment_link,2026-03-15T12:17:41.643877+00:00,0,0,1500,legacy_ops
opp_gen_0007890,send_reminder,2026-03-16T08:01:57.953040+00:00,1,40779,300,legacy_ops
opp_gen_0007900,send_reminder,2026-03-16T15:50:38.336231+00:00,1,315662,300,legacy_ops
opp_gen_0007901,send_payment_link,2026-03-16T19:59:34.839721+00:00,1,93430,1500,legacy_ops
opp_gen_0007906,send_reminder,2026-03-16T23:30:16.146182+00:00,1,251275,300,legacy_ops
opp_gen_0007917,send_reminder,2026-03-16T23:23:57.135111+00:00,0,0,300,legacy_ops
opp_gen_0007918,send_reminder,2026-03-16T07:57:36.632215+00:00,0,0,300,legacy_ops
opp_gen_0007919,send_payment_link,2026-03-16T10:00:56.013382+00:00,1,232460,1500,legacy_ops
opp_gen_0007928,send_reminder,2026-03-16T16:00:04.509859+00:00,0,0,300,legacy_ops
opp_gen_0007932,send_payment_link,2026-03-16T08:43:20.614062+00:00,0,0,1500,legacy_ops
opp_gen_0007933,send_reminder,2026-03-16T13:43:41.288396+00:00,1,197611,300,legacy_ops
opp_gen_0007938,send_payment_link,2026-03-16T14:10:48.521568+00:00,1,950677,1500,legacy_ops
opp_gen_0007945,send_reminder,2026-03-16T05:37:17.255939+00:00,1,125028,300,legacy_ops
opp_gen_0007947,send_payment_link,2026-03-16T09:39:15.596914+00:00,1,261126,1500,legacy_ops
opp_gen_0007949,send_reminder,2026-03-16T18:04:33.709054+00:00,1,179766,300,legacy_ops
opp_gen_0007952,send_payment_link,2026-03-16T05:25:10.323579+00:00,1,741153,1500,legacy_ops
opp_gen_0007953,send_reminder,2026-03-16T14:34:10.027162+00:00,0,0,300,legacy_ops
opp_gen_0007956,send_payment_link,2026-03-16T16:46:31.294492+00:00,1,2173034,1500,legacy_ops
opp_gen_0007967,prompt_card_change,2026-03-16T22:47:54.627179+00:00,1,622563,2000,legacy_ops
opp_gen_0007971,wait_for_native_retry,2026-03-16T10:31:02.156592+00:00,1,4058923,0,legacy_ops
opp_gen_0007972,send_payment_link,2026-03-16T08:50:07.608636+00:00,0,0,1500,legacy_ops
opp_gen_0007984,send_payment_link,2026-03-16T22:57:33.398857+00:00,1,646569,1500,legacy_ops
opp_gen_0007985,send_reminder,2026-03-16T05:19:47.613859+00:00,1,289798,300,legacy_ops
opp_gen_0007987,send_payment_link,2026-03-16T12:04:18.863195+00:00,0,0,1500,legacy_ops
opp_gen_0007990,send_payment_link,2026-03-16T16:37:47.770554+00:00,1,1766912,1500,legacy_ops
opp_gen_0007993,send_reminder,2026-03-16T03:06:37.211842+00:00,0,0,300,legacy_ops
opp_gen_0007995,send_reminder,2026-03-16T07:26:55.161419+00:00,0,0,300,legacy_ops
opp_gen_0007996,send_payment_link,2026-03-17T18:28:05.039593+00:00,0,0,1500,legacy_ops
opp_gen_0007999,send_reminder,2026-03-17T12:29:11.447505+00:00,1,78251,300,legacy_ops
opp_gen_0008001,send_payment_link,2026-03-17T03:12:26.933628+00:00,0,0,1500,legacy_ops
opp_gen_0008007,prompt_card_change,2026-03-17T22:33:13.493649+00:00,0,0,2000,legacy_ops
opp_gen_0008016,send_payment_link,2026-03-17T02:15:04.912734+00:00,1,138545,1500,legacy_ops
opp_gen_0008017,send_payment_link,2026-03-17T22:28:44.907592+00:00,1,899033,1500,legacy_ops
opp_gen_0008018,prompt_card_change,2026-03-17T07:00:07.463471+00:00,1,307509,2000,legacy_ops
opp_gen_0008033,prompt_card_change,2026-03-17T18:12:48.430305+00:00,0,0,2000,legacy_ops
opp_gen_0008034,send_payment_link,2026-03-17T04:31:59.326105+00:00,1,1088922,1500,legacy_ops
opp_gen_0008035,send_payment_link,2026-03-17T17:25:34.180622+00:00,1,1043610,1500,legacy_ops
opp_gen_0008040,send_payment_link,2026-03-17T18:37:26.189409+00:00,1,42045,1500,legacy_ops
opp_gen_0008045,send_payment_link,2026-03-17T12:39:59.359965+00:00,0,0,1500,legacy_ops
opp_gen_0008050,send_payment_link,2026-03-17T02:13:03.073660+00:00,1,734425,1500,legacy_ops
opp_gen_0008051,send_payment_link,2026-03-17T07:02:25.209173+00:00,0,0,1500,legacy_ops
opp_gen_0008052,send_reminder,2026-03-17T09:11:16.949004+00:00,1,186646,300,legacy_ops
opp_gen_0008053,send_payment_link,2026-03-17T11:35:35.952313+00:00,1,656765,1500,legacy_ops
opp_gen_0008054,send_reminder,2026-03-17T23:45:03.515435+00:00,1,39854,300,legacy_ops
opp_gen_0008061,prompt_card_change,2026-03-17T19:22:11.445535+00:00,1,1026847,2000,legacy_ops
opp_gen_0008062,send_reminder,2026-03-17T06:51:55.377534+00:00,0,0,300,legacy_ops
opp_gen_0008065,send_reminder,2026-03-17T00:46:16.531263+00:00,1,82377,300,legacy_ops
opp_gen_0008071,send_payment_link,2026-03-17T01:44:54.352479+00:00,0,0,1500,legacy_ops
opp_gen_0008081,send_payment_link,2026-03-17T08:36:51.007255+00:00,1,127706,1500,legacy_ops
opp_gen_0008087,send_payment_link,2026-03-18T04:13:17.567141+00:00,1,521645,1500,legacy_ops
opp_gen_0008091,send_payment_link,2026-03-18T08:26:43.043659+00:00,1,75153,1500,legacy_ops
opp_gen_0008094,send_payment_link,2026-03-18T08:31:42.874732+00:00,1,118920,1500,legacy_ops
opp_gen_0008096,send_payment_link,2026-03-18T05:00:51.484631+00:00,0,0,1500,legacy_ops
opp_gen_0008100,send_payment_link,2026-03-18T13:43:05.687379+00:00,1,140912,1500,legacy_ops
opp_gen_0008101,send_reminder,2026-03-18T02:18:48.200773+00:00,0,0,300,legacy_ops
opp_gen_0008102,send_reminder,2026-03-18T22:04:07.230869+00:00,1,109029,300,legacy_ops
opp_gen_0008108,send_payment_link,2026-03-18T14:23:45.050741+00:00,1,369489,1500,legacy_ops
opp_gen_0008111,prompt_card_change,2026-03-18T10:02:07.861973+00:00,1,91671,2000,legacy_ops
opp_gen_0008112,send_payment_link,2026-03-18T13:05:31.546008+00:00,0,0,1500,legacy_ops
opp_gen_0008115,send_payment_link,2026-03-18T18:05:49.201757+00:00,0,0,1500,legacy_ops
opp_gen_0008118,send_payment_link,2026-03-18T12:55:07.559787+00:00,1,3226821,1500,legacy_ops
opp_gen_0008124,prompt_card_change,2026-03-18T15:44:30.028421+00:00,1,1683883,2000,legacy_ops
opp_gen_0008127,send_payment_link,2026-03-18T17:19:56.790799+00:00,1,349739,1500,legacy_ops
opp_gen_0008128,send_reminder,2026-03-18T23:38:10.503928+00:00,1,54289,300,legacy_ops
opp_gen_0008131,send_payment_link,2026-03-18T03:59:04.476508+00:00,1,42599,1500,legacy_ops
opp_gen_0008141,send_reminder,2026-03-18T18:30:48.953935+00:00,1,122478,300,legacy_ops
opp_gen_0008145,send_payment_link,2026-03-18T19:27:56.218611+00:00,0,0,1500,legacy_ops
opp_gen_0008152,send_payment_link,2026-03-18T04:22:34.399223+00:00,0,0,1500,legacy_ops
opp_gen_0008155,send_payment_link,2026-03-18T21:12:10.020037+00:00,1,432785,1500,legacy_ops
opp_gen_0008157,send_reminder,2026-03-18T07:26:30.428817+00:00,1,122254,300,legacy_ops
opp_gen_0008162,send_reminder,2026-03-18T15:44:25.582416+00:00,0,0,300,legacy_ops
opp_gen_0008163,send_payment_link,2026-03-18T08:24:30.954792+00:00,1,1660268,1500,legacy_ops
opp_gen_0008165,wait_for_native_retry,2026-03-18T00:52:59.845507+00:00,0,0,0,legacy_ops
opp_gen_0008166,send_reminder,2026-03-18T16:42:12.375859+00:00,0,0,300,legacy_ops
opp_gen_0008173,send_payment_link,2026-03-18T07:59:21.148726+00:00,1,631142,1500,legacy_ops
opp_gen_0008178,send_payment_link,2026-03-18T19:01:54.886021+00:00,1,249343,1500,legacy_ops
opp_gen_0008183,send_payment_link,2026-03-19T10:20:53.582091+00:00,1,1019136,1500,legacy_ops
opp_gen_0008189,send_reminder,2026-03-19T16:20:45.006054+00:00,1,288140,300,legacy_ops
opp_gen_0008195,send_reminder,2026-03-19T18:53:31.279666+00:00,1,106360,300,legacy_ops
opp_gen_0008201,send_payment_link,2026-03-19T00:51:09.254336+00:00,1,1074039,1500,legacy_ops
opp_gen_0008207,send_reminder,2026-03-19T17:08:15.589044+00:00,1,175900,300,legacy_ops
opp_gen_0008214,send_payment_link,2026-03-19T01:27:12.190618+00:00,1,183579,1500,legacy_ops
opp_gen_0008220,send_payment_link,2026-03-19T18:07:46.272981+00:00,1,1090586,1500,legacy_ops
opp_gen_0008221,send_payment_link,2026-03-19T06:23:54.540023+00:00,1,139097,1500,legacy_ops
opp_gen_0008222,send_payment_link,2026-03-19T14:18:10.046314+00:00,1,1575186,1500,legacy_ops
opp_gen_0008229,wait_for_native_retry,2026-03-19T20:37:18.095094+00:00,1,183472,0,legacy_ops
opp_gen_0008233,send_payment_link,2026-03-19T08:59:08.261995+00:00,0,0,1500,legacy_ops
opp_gen_0008237,send_payment_link,2026-03-19T12:06:23.579180+00:00,0,0,1500,legacy_ops
opp_gen_0008242,send_reminder,2026-03-19T16:03:50.460128+00:00,1,190823,300,legacy_ops
opp_gen_0008269,send_payment_link,2026-03-19T20:01:34.603317+00:00,0,0,1500,legacy_ops
opp_gen_0008270,prompt_card_change,2026-03-19T23:15:04.216502+00:00,1,216696,2000,legacy_ops
opp_gen_0008271,send_payment_link,2026-03-19T08:53:48.393437+00:00,0,0,1500,legacy_ops
opp_gen_0008272,send_payment_link,2026-03-19T05:47:08.610976+00:00,1,3416913,1500,legacy_ops
opp_gen_0008273,send_reminder,2026-03-19T05:28:34.687873+00:00,1,1417792,300,legacy_ops
opp_gen_0008275,send_payment_link,2026-03-19T12:58:17.737026+00:00,1,264776,1500,legacy_ops
opp_gen_0008276,send_reminder,2026-03-19T01:06:24.937540+00:00,1,155114,300,legacy_ops
opp_gen_0008277,send_payment_link,2026-03-19T16:39:19.168244+00:00,1,980654,1500,legacy_ops
opp_gen_0008281,send_reminder,2026-03-19T03:06:36.663434+00:00,1,913564,300,legacy_ops
opp_gen_0008290,send_payment_link,2026-03-20T14:53:28.678047+00:00,0,0,1500,legacy_ops
opp_gen_0008291,send_reminder,2026-03-20T03:28:13.093796+00:00,1,118570,300,legacy_ops
opp_gen_0008295,send_payment_link,2026-03-20T14:14:41.120441+00:00,0,0,1500,legacy_ops
opp_gen_0008302,send_payment_link,2026-03-20T21:53:37.554385+00:00,0,0,1500,legacy_ops
opp_gen_0008303,send_payment_link,2026-03-20T02:01:25.041858+00:00,1,46990,1500,legacy_ops
opp_gen_0008306,send_payment_link,2026-03-20T20:42:59.411311+00:00,1,176956,1500,legacy_ops
opp_gen_0008319,send_reminder,2026-03-20T04:20:34.812313+00:00,1,116127,300,legacy_ops
opp_gen_0008324,send_reminder,2026-03-20T22:07:04.576247+00:00,1,1166706,300,legacy_ops
opp_gen_0008325,send_reminder,2026-03-20T22:18:15.757730+00:00,1,45354,300,legacy_ops
opp_gen_0008327,send_payment_link,2026-03-20T00:35:50.327417+00:00,0,0,1500,legacy_ops
opp_gen_0008347,send_payment_link,2026-03-20T02:31:26.605888+00:00,0,0,1500,legacy_ops
opp_gen_0008351,prompt_card_change,2026-03-20T04:51:04.996783+00:00,1,474719,2000,legacy_ops
opp_gen_0008352,send_payment_link,2026-03-20T10:47:33.837020+00:00,0,0,1500,legacy_ops
opp_gen_0008356,send_reminder,2026-03-20T15:52:00.614154+00:00,1,238972,300,legacy_ops
opp_gen_0008365,send_payment_link,2026-03-20T18:05:52.723469+00:00,1,918458,1500,legacy_ops
opp_gen_0008367,send_reminder,2026-03-20T11:28:09.824970+00:00,1,238039,300,legacy_ops
opp_gen_0008368,send_reminder,2026-03-20T17:06:27.355939+00:00,0,0,300,legacy_ops
opp_gen_0008383,send_payment_link,2026-03-20T06:27:54.164664+00:00,1,92023,1500,legacy_ops
opp_gen_0008388,send_payment_link,2026-03-20T03:48:07.195835+00:00,1,234441,1500,legacy_ops
opp_gen_0008394,send_payment_link,2026-03-20T19:38:34.595935+00:00,1,1210061,1500,legacy_ops
opp_gen_0008400,send_payment_link,2026-03-21T11:32:28.996907+00:00,0,0,1500,legacy_ops
opp_gen_0008404,send_payment_link,2026-03-21T04:49:08.098601+00:00,1,146944,1500,legacy_ops
opp_gen_0008406,send_payment_link,2026-03-21T20:43:03.052467+00:00,1,942168,1500,legacy_ops
opp_gen_0008408,send_reminder,2026-03-21T11:00:54.041106+00:00,1,208041,300,legacy_ops
opp_gen_0008409,send_reminder,2026-03-21T02:09:31.561325+00:00,0,0,300,legacy_ops
opp_gen_0008410,wait_for_native_retry,2026-03-21T10:30:36.889974+00:00,1,938569,0,legacy_ops
opp_gen_0008411,wait_for_native_retry,2026-03-21T18:30:57.100791+00:00,0,0,0,legacy_ops
opp_gen_0008412,send_reminder,2026-03-21T04:57:05.555845+00:00,1,45635,300,legacy_ops
opp_gen_0008421,prompt_card_change,2026-03-21T12:37:42.103345+00:00,1,406569,2000,legacy_ops
opp_gen_0008424,send_reminder,2026-03-22T00:07:16.945094+00:00,1,87631,300,legacy_ops
opp_gen_0008425,send_payment_link,2026-03-21T06:17:10.429456+00:00,0,0,1500,legacy_ops
opp_gen_0008429,send_payment_link,2026-03-21T21:37:37.519880+00:00,1,712725,1500,legacy_ops
opp_gen_0008440,send_payment_link,2026-03-21T21:57:54.354070+00:00,0,0,1500,legacy_ops
opp_gen_0008441,send_reminder,2026-03-21T18:42:25.372575+00:00,1,108675,300,legacy_ops
opp_gen_0008445,send_payment_link,2026-03-21T14:39:10.037228+00:00,0,0,1500,legacy_ops
opp_gen_0008448,send_payment_link,2026-03-21T01:55:58.571524+00:00,0,0,1500,legacy_ops
opp_gen_0008452,send_payment_link,2026-03-21T21:40:57.055777+00:00,0,0,1500,legacy_ops
opp_gen_0008457,send_payment_link,2026-03-21T22:57:42.020874+00:00,0,0,1500,legacy_ops
opp_gen_0008459,send_payment_link,2026-03-21T12:42:57.083366+00:00,1,174507,1500,legacy_ops
opp_gen_0008460,wait_for_native_retry,2026-03-21T03:21:54.206292+00:00,0,0,0,legacy_ops
opp_gen_0008461,send_payment_link,2026-03-21T20:34:28.565783+00:00,1,483013,1500,legacy_ops
opp_gen_0008463,send_reminder,2026-03-21T11:01:33.288525+00:00,1,199284,300,legacy_ops
opp_gen_0008466,send_reminder,2026-03-21T19:34:07.554396+00:00,1,172518,300,legacy_ops
opp_gen_0008468,send_reminder,2026-03-21T07:08:34.512805+00:00,0,0,300,legacy_ops
opp_gen_0008469,send_payment_link,2026-03-21T05:54:25.754382+00:00,1,232948,1500,legacy_ops
opp_gen_0008473,send_payment_link,2026-03-21T12:27:34.312190+00:00,1,273185,1500,legacy_ops
opp_gen_0008474,send_payment_link,2026-03-21T06:49:17.073822+00:00,0,0,1500,legacy_ops
opp_gen_0008475,send_reminder,2026-03-21T12:39:59.988291+00:00,1,829456,300,legacy_ops
opp_gen_0008478,send_payment_link,2026-03-21T15:28:17.244518+00:00,0,0,1500,legacy_ops
opp_gen_0008480,send_reminder,2026-03-21T04:15:47.719804+00:00,0,0,300,legacy_ops
opp_gen_0008494,wait_for_native_retry,2026-03-22T08:27:07.691791+00:00,1,592248,0,legacy_ops
opp_gen_0008495,send_payment_link,2026-03-22T13:30:32.393425+00:00,1,198650,1500,legacy_ops
opp_gen_0008498,send_payment_link,2026-03-22T02:26:05.050811+00:00,0,0,1500,legacy_ops
opp_gen_0008503,send_payment_link,2026-03-22T09:24:19.107470+00:00,0,0,1500,legacy_ops
opp_gen_0008509,send_reminder,2026-03-22T21:42:13.065175+00:00,1,88262,300,legacy_ops
opp_gen_0008518,send_payment_link,2026-03-22T05:22:01.227082+00:00,1,159170,1500,legacy_ops
opp_gen_0008522,send_reminder,2026-03-22T20:54:58.946710+00:00,0,0,300,legacy_ops
opp_gen_0008527,send_payment_link,2026-03-23T00:10:17.118713+00:00,1,2033393,1500,legacy_ops
opp_gen_0008529,send_reminder,2026-03-22T10:38:23.331214+00:00,1,188514,300,legacy_ops
opp_gen_0008536,wait_for_native_retry,2026-03-22T17:47:49.854440+00:00,0,0,0,legacy_ops
opp_gen_0008542,send_payment_link,2026-03-22T08:14:57.121288+00:00,1,4387743,1500,legacy_ops
opp_gen_0008549,send_reminder,2026-03-22T12:35:32.122209+00:00,1,97086,300,legacy_ops
opp_gen_0008554,send_reminder,2026-03-22T14:34:18.795269+00:00,0,0,300,legacy_ops
opp_gen_0008563,send_payment_link,2026-03-22T04:08:18.257246+00:00,0,0,1500,legacy_ops
opp_gen_0008566,send_payment_link,2026-03-22T10:11:08.627019+00:00,1,858890,1500,legacy_ops
opp_gen_0008567,send_reminder,2026-03-22T13:57:18.697400+00:00,1,199913,300,legacy_ops
opp_gen_0008571,send_payment_link,2026-03-22T12:13:42.493753+00:00,1,2493618,1500,legacy_ops
opp_gen_0008573,send_payment_link,2026-03-22T09:33:38.579344+00:00,1,506445,1500,legacy_ops
opp_gen_0008574,send_payment_link,2026-03-22T09:58:50.669772+00:00,0,0,1500,legacy_ops
opp_gen_0008576,send_payment_link,2026-03-22T01:26:26.642431+00:00,0,0,1500,legacy_ops
opp_gen_0008585,send_reminder,2026-03-22T16:13:52.011960+00:00,0,0,300,legacy_ops
opp_gen_0008591,send_payment_link,2026-03-22T19:44:26.510135+00:00,1,3851149,1500,legacy_ops
opp_gen_0008594,send_payment_link,2026-03-22T04:08:11.454316+00:00,0,0,1500,legacy_ops
opp_gen_0008596,send_payment_link,2026-03-22T13:43:46.217268+00:00,1,898840,1500,legacy_ops
opp_gen_0008598,send_payment_link,2026-03-23T03:05:51.421295+00:00,0,0,1500,legacy_ops
opp_gen_0008601,prompt_card_change,2026-03-23T06:04:22.262097+00:00,0,0,2000,legacy_ops
opp_gen_0008604,send_reminder,2026-03-23T03:01:28.528249+00:00,0,0,300,legacy_ops
opp_gen_0008606,send_payment_link,2026-03-23T21:29:16.315822+00:00,1,103140,1500,legacy_ops
opp_gen_0008609,send_payment_link,2026-03-23T22:35:30.271875+00:00,1,649569,1500,legacy_ops
opp_gen_0008610,wait_for_native_retry,2026-03-23T02:35:04.987074+00:00,0,0,0,legacy_ops
opp_gen_0008611,send_payment_link,2026-03-23T11:23:25.510889+00:00,1,610040,1500,legacy_ops
opp_gen_0008626,send_reminder,2026-03-23T00:54:23.589921+00:00,1,498196,300,legacy_ops
opp_gen_0008633,send_payment_link,2026-03-23T12:47:25.787720+00:00,0,0,1500,legacy_ops
opp_gen_0008638,send_reminder,2026-03-23T03:14:40.591235+00:00,0,0,300,legacy_ops
opp_gen_0008639,send_payment_link,2026-03-23T04:03:31.898291+00:00,1,107052,1500,legacy_ops
opp_gen_0008642,send_payment_link,2026-03-23T08:32:19.790277+00:00,1,828175,1500,legacy_ops
opp_gen_0008646,send_payment_link,2026-03-23T04:22:20.175445+00:00,1,263987,1500,legacy_ops
opp_gen_0008648,send_payment_link,2026-03-23T03:35:23.453846+00:00,0,0,1500,legacy_ops
opp_gen_0008651,send_payment_link,2026-03-23T22:59:03.796296+00:00,1,93527,1500,legacy_ops
opp_gen_0008653,send_payment_link,2026-03-23T03:11:21.494881+00:00,1,3615859,1500,legacy_ops
opp_gen_0008665,send_payment_link,2026-03-23T11:11:16.257993+00:00,1,173948,1500,legacy_ops
opp_gen_0008668,send_reminder,2026-03-23T03:04:16.840713+00:00,1,468227,300,legacy_ops
opp_gen_0008673,send_payment_link,2026-03-23T06:23:17.754623+00:00,1,1271009,1500,legacy_ops
opp_gen_0008678,send_payment_link,2026-03-23T06:48:30.370289+00:00,0,0,1500,legacy_ops
opp_gen_0008682,send_payment_link,2026-03-23T12:31:47.051344+00:00,0,0,1500,legacy_ops
opp_gen_0008683,send_reminder,2026-03-23T16:40:44.031188+00:00,0,0,300,legacy_ops
opp_gen_0008684,wait_for_native_retry,2026-03-23T16:10:21.380383+00:00,0,0,0,legacy_ops
opp_gen_0008687,send_reminder,2026-03-23T23:26:31.415344+00:00,1,44890,300,legacy_ops
opp_gen_0008691,wait_for_native_retry,2026-03-23T08:50:18.549617+00:00,1,35923,0,legacy_ops
opp_gen_0008692,send_payment_link,2026-03-23T17:21:34.858796+00:00,0,0,1500,legacy_ops
opp_gen_0008699,send_reminder,2026-03-24T14:40:49.930598+00:00,1,267865,300,legacy_ops
opp_gen_0008709,send_payment_link,2026-03-24T15:16:56.741492+00:00,0,0,1500,legacy_ops
opp_gen_0008711,send_payment_link,2026-03-24T14:46:29.945866+00:00,1,42838,1500,legacy_ops
opp_gen_0008717,send_payment_link,2026-03-24T08:50:17.431282+00:00,1,49438,1500,legacy_ops
opp_gen_0008722,send_payment_link,2026-03-24T11:49:58.433683+00:00,0,0,1500,legacy_ops
opp_gen_0008725,send_payment_link,2026-03-24T23:55:25.943117+00:00,1,304727,1500,legacy_ops
opp_gen_0008730,send_payment_link,2026-03-24T20:59:59.742415+00:00,1,118272,1500,legacy_ops
opp_gen_0008732,send_reminder,2026-03-24T08:44:45.529585+00:00,0,0,300,legacy_ops
opp_gen_0008738,send_reminder,2026-03-24T21:30:59.366694+00:00,1,64197,300,legacy_ops
opp_gen_0008742,send_payment_link,2026-03-24T07:03:51.012858+00:00,1,542528,1500,legacy_ops
opp_gen_0008743,send_reminder,2026-03-24T06:51:04.879755+00:00,0,0,300,legacy_ops
opp_gen_0008746,send_payment_link,2026-03-24T21:44:26.756900+00:00,1,418287,1500,legacy_ops
opp_gen_0008749,send_payment_link,2026-03-24T01:37:26.297952+00:00,0,0,1500,legacy_ops
opp_gen_0008752,send_payment_link,2026-03-24T10:23:54.019593+00:00,1,428404,1500,legacy_ops
opp_gen_0008755,send_payment_link,2026-03-24T14:45:21.131968+00:00,0,0,1500,legacy_ops
opp_gen_0008759,send_payment_link,2026-03-24T00:08:15.216953+00:00,0,0,1500,legacy_ops
opp_gen_0008764,send_reminder,2026-03-24T04:47:41.043120+00:00,1,272101,300,legacy_ops
opp_gen_0008774,send_payment_link,2026-03-24T10:05:20.414654+00:00,1,794872,1500,legacy_ops
opp_gen_0008788,send_payment_link,2026-03-24T16:30:26.357556+00:00,1,160275,1500,legacy_ops
opp_gen_0008790,send_payment_link,2026-03-24T02:25:51.268182+00:00,1,52683,1500,legacy_ops
opp_gen_0008794,send_payment_link,2026-03-24T12:08:12.968697+00:00,0,0,1500,legacy_ops
opp_gen_0008795,send_payment_link,2026-03-24T11:04:22.486031+00:00,0,0,1500,legacy_ops
opp_gen_0008797,send_reminder,2026-03-24T11:53:41.392862+00:00,1,218591,300,legacy_ops
opp_gen_0008800,send_payment_link,2026-03-24T20:37:25.608039+00:00,1,52557,1500,legacy_ops
opp_gen_0008806,send_payment_link,2026-03-25T16:20:00.034790+00:00,1,534392,1500,legacy_ops
opp_gen_0008808,send_payment_link,2026-03-25T15:50:37.392111+00:00,0,0,1500,legacy_ops
opp_gen_0008818,send_payment_link,2026-03-25T11:43:31.739670+00:00,1,51510,1500,legacy_ops
opp_gen_0008819,send_payment_link,2026-03-25T04:20:25.141112+00:00,0,0,1500,legacy_ops
opp_gen_0008829,send_reminder,2026-03-25T22:58:23.947496+00:00,1,94265,300,legacy_ops
opp_gen_0008830,send_payment_link,2026-03-25T04:18:23.141775+00:00,0,0,1500,legacy_ops
opp_gen_0008843,send_payment_link,2026-03-25T07:20:42.071233+00:00,0,0,1500,legacy_ops
opp_gen_0008846,send_payment_link,2026-03-25T03:59:32.986155+00:00,1,1588702,1500,legacy_ops
opp_gen_0008848,send_payment_link,2026-03-25T01:55:01.570141+00:00,1,179180,1500,legacy_ops
opp_gen_0008861,send_payment_link,2026-03-25T14:05:13.121841+00:00,1,287074,1500,legacy_ops
opp_gen_0008862,send_payment_link,2026-03-25T20:47:04.324115+00:00,0,0,1500,legacy_ops
opp_gen_0008863,send_payment_link,2026-03-25T23:23:19.084187+00:00,0,0,1500,legacy_ops
opp_gen_0008876,send_payment_link,2026-03-25T12:14:41.357314+00:00,0,0,1500,legacy_ops
opp_gen_0008877,wait_for_native_retry,2026-03-25T07:47:19.672539+00:00,0,0,0,legacy_ops
opp_gen_0008878,prompt_card_change,2026-03-25T09:19:28.451740+00:00,1,138065,2000,legacy_ops
opp_gen_0008879,send_reminder,2026-03-25T23:32:01.718717+00:00,1,194414,300,legacy_ops
opp_gen_0008887,send_payment_link,2026-03-25T10:59:44.711436+00:00,1,120347,1500,legacy_ops
opp_gen_0008892,send_reminder,2026-03-25T10:40:19.670850+00:00,1,97774,300,legacy_ops
opp_gen_0008897,send_payment_link,2026-03-26T11:19:40.648764+00:00,0,0,1500,legacy_ops
opp_gen_0008906,send_payment_link,2026-03-26T01:03:34.246575+00:00,1,279048,1500,legacy_ops
opp_gen_0008909,send_payment_link,2026-03-26T16:28:58.520881+00:00,1,595459,1500,legacy_ops
opp_gen_0008910,send_payment_link,2026-03-26T08:36:28.438129+00:00,1,1196232,1500,legacy_ops
opp_gen_0008911,send_reminder,2026-03-26T17:47:20.091588+00:00,1,185570,300,legacy_ops
opp_gen_0008918,send_payment_link,2026-03-26T15:05:34.228863+00:00,1,694988,1500,legacy_ops
opp_gen_0008929,send_payment_link,2026-03-26T23:07:36.215274+00:00,0,0,1500,legacy_ops
opp_gen_0008933,send_payment_link,2026-03-26T15:54:38.769454+00:00,1,191605,1500,legacy_ops
opp_gen_0008935,send_payment_link,2026-03-26T22:53:20.876215+00:00,1,645475,1500,legacy_ops
opp_gen_0008936,send_reminder,2026-03-26T02:27:35.650348+00:00,0,0,300,legacy_ops
opp_gen_0008943,send_payment_link,2026-03-26T20:46:20.736535+00:00,1,641526,1500,legacy_ops
opp_gen_0008952,wait_for_native_retry,2026-03-27T00:34:12.398460+00:00,1,164211,0,legacy_ops
opp_gen_0008966,send_payment_link,2026-03-26T00:08:36.655226+00:00,1,855987,1500,legacy_ops
opp_gen_0008968,send_reminder,2026-03-26T07:31:21.558436+00:00,0,0,300,legacy_ops
opp_gen_0008972,send_reminder,2026-03-26T08:03:10.151532+00:00,1,126984,300,legacy_ops
opp_gen_0008976,send_payment_link,2026-03-26T04:57:04.220210+00:00,1,1034000,1500,legacy_ops
opp_gen_0008979,send_reminder,2026-03-26T20:34:26.385010+00:00,1,270789,300,legacy_ops
opp_gen_0008988,prompt_card_change,2026-03-26T10:03:34.138992+00:00,0,0,2000,legacy_ops
opp_gen_0008990,send_payment_link,2026-03-27T05:53:45.088281+00:00,0,0,1500,legacy_ops
opp_gen_0008996,send_reminder,2026-03-27T09:54:35.133608+00:00,1,59752,300,legacy_ops
opp_gen_0008997,send_payment_link,2026-03-27T17:01:43.919947+00:00,1,1835494,1500,legacy_ops
opp_gen_0008998,send_reminder,2026-03-27T04:39:51.103621+00:00,1,642854,300,legacy_ops
opp_gen_0009008,send_payment_link,2026-03-27T17:24:45.760050+00:00,1,3575561,1500,legacy_ops
opp_gen_0009021,send_reminder,2026-03-27T07:56:58.861650+00:00,0,0,300,legacy_ops
opp_gen_0009027,send_reminder,2026-03-27T04:32:14.757175+00:00,0,0,300,legacy_ops
opp_gen_0009032,send_payment_link,2026-03-27T18:47:57.313473+00:00,0,0,1500,legacy_ops
opp_gen_0009041,send_payment_link,2026-03-27T10:56:43.471639+00:00,1,2979303,1500,legacy_ops
opp_gen_0009042,send_reminder,2026-03-27T05:31:15.031147+00:00,0,0,300,legacy_ops
opp_gen_0009043,send_payment_link,2026-03-27T02:22:46.352757+00:00,1,540771,1500,legacy_ops
opp_gen_0009046,send_reminder,2026-03-28T00:11:43.706774+00:00,1,256911,300,legacy_ops
opp_gen_0009051,send_payment_link,2026-03-27T05:42:34.813703+00:00,0,0,1500,legacy_ops
opp_gen_0009053,send_payment_link,2026-03-27T15:50:13.182214+00:00,1,198091,1500,legacy_ops
opp_gen_0009060,send_payment_link,2026-03-27T11:44:17.873981+00:00,1,1057832,1500,legacy_ops
opp_gen_0009068,send_payment_link,2026-03-27T14:42:36.202845+00:00,0,0,1500,legacy_ops
opp_gen_0009069,send_reminder,2026-03-27T19:17:56.885758+00:00,1,261701,300,legacy_ops
opp_gen_0009070,send_reminder,2026-03-27T01:47:54.543569+00:00,1,50553,300,legacy_ops
opp_gen_0009071,prompt_card_change,2026-03-27T22:23:34.500244+00:00,0,0,2000,legacy_ops
opp_gen_0009072,prompt_card_change,2026-03-27T21:07:47.255414+00:00,1,168457,2000,legacy_ops
opp_gen_0009073,send_payment_link,2026-03-27T22:20:10.451911+00:00,0,0,1500,legacy_ops
opp_gen_0009075,send_payment_link,2026-03-27T01:01:24.827001+00:00,0,0,1500,legacy_ops
opp_gen_0009076,prompt_card_change,2026-03-27T23:44:23.055592+00:00,0,0,2000,legacy_ops
opp_gen_0009077,send_payment_link,2026-03-27T22:53:07.117660+00:00,1,264032,1500,legacy_ops
opp_gen_0009080,send_reminder,2026-03-27T03:12:37.072483+00:00,1,84403,300,legacy_ops
opp_gen_0009084,send_reminder,2026-03-27T06:09:18.685056+00:00,0,0,300,legacy_ops
opp_gen_0009090,send_payment_link,2026-03-27T08:48:13.552706+00:00,0,0,1500,legacy_ops
opp_gen_0009094,send_reminder,2026-03-28T05:08:36.519336+00:00,0,0,300,legacy_ops
opp_gen_0009097,prompt_card_change,2026-03-28T10:47:29.511748+00:00,1,97283,2000,legacy_ops
opp_gen_0009098,send_payment_link,2026-03-28T11:39:12.420295+00:00,0,0,1500,legacy_ops
opp_gen_0009103,send_payment_link,2026-03-28T05:32:33.304795+00:00,0,0,1500,legacy_ops
opp_gen_0009111,send_payment_link,2026-03-28T08:51:14.478280+00:00,0,0,1500,legacy_ops
opp_gen_0009114,send_payment_link,2026-03-28T20:44:02.604219+00:00,1,185107,1500,legacy_ops
opp_gen_0009116,send_payment_link,2026-03-28T17:35:48.455310+00:00,0,0,1500,legacy_ops
opp_gen_0009120,send_reminder,2026-03-28T12:34:01.306695+00:00,1,192418,300,legacy_ops
opp_gen_0009123,send_payment_link,2026-03-28T08:06:29.230133+00:00,0,0,1500,legacy_ops
opp_gen_0009127,send_payment_link,2026-03-28T11:14:10.630775+00:00,0,0,1500,legacy_ops
opp_gen_0009128,send_reminder,2026-03-28T10:53:46.955684+00:00,1,57666,300,legacy_ops
opp_gen_0009133,send_payment_link,2026-03-28T10:30:43.310834+00:00,0,0,1500,legacy_ops
opp_gen_0009134,send_reminder,2026-03-28T18:19:55.452546+00:00,1,456862,300,legacy_ops
opp_gen_0009142,wait_for_native_retry,2026-03-28T06:35:51.578720+00:00,0,0,0,legacy_ops
opp_gen_0009146,send_payment_link,2026-03-28T18:00:00.696221+00:00,0,0,1500,legacy_ops
opp_gen_0009148,send_reminder,2026-03-28T02:02:47.937848+00:00,0,0,300,legacy_ops
opp_gen_0009152,send_payment_link,2026-03-28T18:10:00.335566+00:00,0,0,1500,legacy_ops
opp_gen_0009164,wait_for_native_retry,2026-03-28T21:42:21.248293+00:00,1,1170957,0,legacy_ops
opp_gen_0009165,send_payment_link,2026-03-28T12:18:12.970907+00:00,1,959451,1500,legacy_ops
opp_gen_0009168,send_payment_link,2026-03-28T01:09:27.723328+00:00,1,932214,1500,legacy_ops
opp_gen_0009170,send_payment_link,2026-03-28T16:00:12.884630+00:00,1,1637153,1500,legacy_ops
opp_gen_0009176,send_reminder,2026-03-29T00:40:02.812197+00:00,1,177976,300,legacy_ops
opp_gen_0009177,send_payment_link,2026-03-28T18:44:04.646659+00:00,1,96793,1500,legacy_ops
opp_gen_0009179,send_payment_link,2026-03-28T07:01:51.373575+00:00,1,1018082,1500,legacy_ops
opp_gen_0009185,send_payment_link,2026-03-28T16:06:00.439449+00:00,1,854088,1500,legacy_ops
opp_gen_0009197,send_reminder,2026-03-29T15:59:53.839991+00:00,1,299698,300,legacy_ops
opp_gen_0009201,send_payment_link,2026-03-29T04:00:21.272652+00:00,1,104326,1500,legacy_ops
opp_gen_0009204,send_payment_link,2026-03-29T11:22:34.684123+00:00,1,956720,1500,legacy_ops
opp_gen_0009205,send_payment_link,2026-03-29T07:17:03.321660+00:00,0,0,1500,legacy_ops
opp_gen_0009220,send_reminder,2026-03-29T23:56:40.132916+00:00,1,87406,300,legacy_ops
opp_gen_0009233,send_payment_link,2026-03-29T08:28:52.167239+00:00,0,0,1500,legacy_ops
opp_gen_0009238,send_payment_link,2026-03-29T16:39:44.857434+00:00,1,271241,1500,legacy_ops
opp_gen_0009239,send_payment_link,2026-03-29T21:45:15.996398+00:00,0,0,1500,legacy_ops
opp_gen_0009241,send_reminder,2026-03-29T07:58:30.831251+00:00,0,0,300,legacy_ops
opp_gen_0009245,send_payment_link,2026-03-29T08:57:45.075940+00:00,0,0,1500,legacy_ops
opp_gen_0009249,send_reminder,2026-03-29T17:12:18.157800+00:00,1,54746,300,legacy_ops
opp_gen_0009253,send_reminder,2026-03-29T17:03:32.971282+00:00,1,296595,300,legacy_ops
opp_gen_0009257,send_payment_link,2026-03-29T02:52:21.451039+00:00,0,0,1500,legacy_ops
opp_gen_0009258,send_reminder,2026-03-29T14:46:32.402714+00:00,0,0,300,legacy_ops
opp_gen_0009260,send_reminder,2026-03-29T11:23:00.122879+00:00,0,0,300,legacy_ops
opp_gen_0009263,send_payment_link,2026-03-29T02:33:40.994699+00:00,0,0,1500,legacy_ops
opp_gen_0009274,send_reminder,2026-03-30T11:51:24.131804+00:00,0,0,300,legacy_ops
opp_gen_0009276,send_payment_link,2026-03-30T07:18:06.016776+00:00,0,0,1500,legacy_ops
opp_gen_0009279,prompt_card_change,2026-03-30T18:36:58.410976+00:00,0,0,2000,legacy_ops
opp_gen_0009281,wait_for_native_retry,2026-03-30T20:40:58.199247+00:00,1,281285,0,legacy_ops
opp_gen_0009282,send_reminder,2026-03-30T06:39:54.280965+00:00,0,0,300,legacy_ops
opp_gen_0009286,send_payment_link,2026-03-30T02:59:59.205700+00:00,1,220673,1500,legacy_ops
opp_gen_0009287,send_payment_link,2026-03-30T12:40:09.230137+00:00,1,510674,1500,legacy_ops
opp_gen_0009288,send_reminder,2026-03-30T16:33:23.850032+00:00,0,0,300,legacy_ops
opp_gen_0009289,send_payment_link,2026-03-30T00:33:11.766588+00:00,1,2581541,1500,legacy_ops
opp_gen_0009294,send_reminder,2026-03-30T17:11:23.611162+00:00,1,163296,300,legacy_ops
opp_gen_0009295,send_payment_link,2026-03-30T01:15:41.261820+00:00,0,0,1500,legacy_ops
opp_gen_0009296,send_payment_link,2026-03-30T11:17:12.502614+00:00,0,0,1500,legacy_ops
opp_gen_0009301,send_reminder,2026-03-30T04:34:04.704907+00:00,0,0,300,legacy_ops
opp_gen_0009302,send_payment_link,2026-03-30T22:13:56.536251+00:00,0,0,1500,legacy_ops
opp_gen_0009303,send_payment_link,2026-03-30T16:54:47.855198+00:00,0,0,1500,legacy_ops
opp_gen_0009306,wait_for_native_retry,2026-03-30T19:08:49.722461+00:00,1,50565,0,legacy_ops
opp_gen_0009318,send_payment_link,2026-03-30T04:57:21.644093+00:00,1,92190,1500,legacy_ops
opp_gen_0009325,send_payment_link,2026-03-30T19:56:04.042086+00:00,1,977757,1500,legacy_ops
opp_gen_0009332,send_reminder,2026-03-30T04:37:19.579427+00:00,1,50821,300,legacy_ops
opp_gen_0009336,send_payment_link,2026-03-30T23:01:32.668958+00:00,0,0,1500,legacy_ops
opp_gen_0009341,send_reminder,2026-03-30T15:34:43.764424+00:00,0,0,300,legacy_ops
opp_gen_0009352,send_payment_link,2026-03-31T06:20:21.104398+00:00,1,52957,1500,legacy_ops
opp_gen_0009359,send_reminder,2026-03-31T06:03:29.642239+00:00,0,0,300,legacy_ops
opp_gen_0009360,send_reminder,2026-03-31T09:15:03.871759+00:00,0,0,300,legacy_ops
opp_gen_0009361,send_payment_link,2026-03-31T20:35:36.006248+00:00,1,65287,1500,legacy_ops
opp_gen_0009364,send_payment_link,2026-03-31T21:06:00.716323+00:00,0,0,1500,legacy_ops
opp_gen_0009365,send_payment_link,2026-03-31T07:26:22.965386+00:00,0,0,1500,legacy_ops
opp_gen_0009366,send_payment_link,2026-03-31T13:41:29.035598+00:00,1,2048218,1500,legacy_ops
opp_gen_0009369,send_payment_link,2026-03-31T23:46:01.533688+00:00,0,0,1500,legacy_ops
opp_gen_0009373,send_payment_link,2026-03-31T13:40:41.426147+00:00,0,0,1500,legacy_ops
opp_gen_0009378,send_payment_link,2026-03-31T23:08:45.161013+00:00,0,0,1500,legacy_ops
opp_gen_0009381,send_payment_link,2026-03-31T16:38:49.060700+00:00,1,2296359,1500,legacy_ops
opp_gen_0009382,send_payment_link,2026-03-31T01:49:43.736325+00:00,0,0,1500,legacy_ops
opp_gen_0009390,send_payment_link,2026-03-31T23:17:42.828643+00:00,0,0,1500,legacy_ops
opp_gen_0009391,send_reminder,2026-03-31T17:41:24.112093+00:00,1,180079,300,legacy_ops
opp_gen_0009396,send_reminder,2026-03-31T08:47:02.336078+00:00,1,42563,300,legacy_ops
opp_gen_0009403,send_reminder,2026-03-31T00:32:41.228274+00:00,0,0,300,legacy_ops
opp_gen_0009405,send_payment_link,2026-03-31T10:37:07.722096+00:00,1,167743,1500,legacy_ops
opp_gen_0009406,send_reminder,2026-03-31T02:57:54.059591+00:00,0,0,300,legacy_ops
opp_gen_0009417,send_payment_link,2026-03-31T13:53:51.578678+00:00,1,182598,1500,legacy_ops
opp_gen_0009421,send_reminder,2026-03-31T23:07:49.054360+00:00,0,0,300,legacy_ops
opp_gen_0009424,send_payment_link,2026-03-31T00:48:48.657322+00:00,1,1145069,1500,legacy_ops
opp_gen_0009425,send_payment_link,2026-03-31T21:05:01.288153+00:00,1,186674,1500,legacy_ops
opp_gen_0009429,send_reminder,2026-03-31T03:25:53.957572+00:00,1,195217,300,legacy_ops
opp_gen_0009436,send_payment_link,2026-03-31T19:55:56.820849+00:00,0,0,1500,legacy_ops
opp_gen_0009438,send_payment_link,2026-03-31T15:29:59.617246+00:00,0,0,1500,legacy_ops
opp_gen_0009444,send_reminder,2026-03-31T06:07:21.872904+00:00,1,98467,300,legacy_ops
opp_gen_0009447,send_payment_link,2026-03-31T14:36:15.121918+00:00,1,623104,1500,legacy_ops
opp_gen_0009449,send_reminder,2026-03-31T04:28:11.288922+00:00,1,219294,300,legacy_ops
opp_gen_0009453,send_payment_link,2026-03-31T09:19:03.924970+00:00,1,2090507,1500,legacy_ops
opp_gen_0009456,send_reminder,2026-03-31T00:47:30.978136+00:00,1,63496,300,legacy_ops
opp_gen_0009459,prompt_card_change,2026-03-31T10:44:28.397835+00:00,1,1424020,2000,legacy_ops
opp_gen_0009464,send_payment_link,2026-04-01T00:04:02.463601+00:00,1,2430341,1500,legacy_ops
opp_gen_0009465,send_payment_link,2026-03-31T07:30:28.704059+00:00,1,52593,1500,legacy_ops
opp_gen_0009473,wait_for_native_retry,2026-03-31T21:47:46.368246+00:00,1,105518,0,legacy_ops
opp_gen_0009480,send_payment_link,2026-03-31T05:46:42.796745+00:00,1,120068,1500,legacy_ops
opp_gen_0009481,send_payment_link,2026-03-31T23:14:20.745826+00:00,1,872236,1500,legacy_ops
opp_gen_0009482,send_payment_link,2026-03-31T22:20:19.529560+00:00,1,228013,1500,legacy_ops
opp_gen_0009485,wait_for_native_retry,2026-03-31T10:41:18.462800+00:00,0,0,0,legacy_ops
opp_gen_0009487,send_payment_link,2026-03-31T20:48:49.867072+00:00,1,132022,1500,legacy_ops
opp_gen_0009492,send_payment_link,2026-03-31T20:54:51.408904+00:00,1,2383269,1500,legacy_ops
opp_gen_0009495,send_payment_link,2026-03-31T06:54:04.390854+00:00,0,0,1500,legacy_ops
opp_gen_0009498,send_reminder,2026-03-31T12:19:45.670885+00:00,1,117332,300,legacy_ops
opp_gen_0009500,prompt_card_change,2026-03-31T18:30:01.268724+00:00,0,0,2000,legacy_ops
opp_gen_0009501,send_reminder,2026-03-31T08:55:26.006992+00:00,1,205792,300,legacy_ops
opp_gen_0009503,prompt_card_change,2026-03-31T02:13:26.433781+00:00,1,1100343,2000,legacy_ops
opp_gen_0009508,send_payment_link,2026-03-31T13:12:06.405795+00:00,1,93679,1500,legacy_ops
opp_gen_0009509,send_payment_link,2026-03-31T18:49:14.762650+00:00,0,0,1500,legacy_ops
opp_gen_0009516,wait_for_native_retry,2026-03-31T13:09:54.547871+00:00,0,0,0,legacy_ops
opp_gen_0009518,send_payment_link,2026-03-31T15:55:54.229629+00:00,0,0,1500,legacy_ops
opp_gen_0009520,send_reminder,2026-03-31T22:05:06.809120+00:00,1,182645,300,legacy_ops
opp_gen_0009523,send_reminder,2026-03-31T13:53:12.942546+00:00,1,466387,300,legacy_ops
opp_gen_0009527,send_payment_link,2026-03-31T06:00:54.207179+00:00,0,0,1500,legacy_ops
opp_gen_0009530,send_reminder,2026-03-31T09:08:13.624460+00:00,1,67002,300,legacy_ops
opp_gen_0009531,send_payment_link,2026-03-31T14:12:44.358052+00:00,1,105710,1500,legacy_ops
opp_gen_0009533,send_reminder,2026-03-31T13:36:26.139386+00:00,1,41754,300,legacy_ops
opp_gen_0009537,send_payment_link,2026-03-31T19:42:57.555781+00:00,1,367328,1500,legacy_ops
opp_gen_0009540,send_reminder,2026-03-31T17:25:54.836034+00:00,1,136619,300,legacy_ops
opp_gen_0009541,send_payment_link,2026-03-31T09:13:46.550871+00:00,0,0,1500,legacy_ops
opp_gen_0009547,send_payment_link,2026-03-31T02:49:39.584266+00:00,0,0,1500,legacy_ops
opp_gen_0009551,wait_for_native_retry,2026-03-31T07:23:18.467395+00:00,1,342913,0,legacy_ops
opp_gen_0009555,send_payment_link,2026-03-31T19:19:59.794103+00:00,1,261256,1500,legacy_ops
opp_gen_0009562,send_payment_link,2026-03-31T16:14:50.988269+00:00,1,282803,1500,legacy_ops
opp_gen_0009571,send_reminder,2026-03-31T17:36:56.866906+00:00,1,2076098,300,legacy_ops
opp_gen_0009590,send_payment_link,2026-04-01T10:17:40.148457+00:00,1,3968590,1500,legacy_ops
opp_gen_0009592,send_payment_link,2026-04-01T04:20:26.155545+00:00,0,0,1500,legacy_ops
opp_gen_0009594,send_reminder,2026-04-01T06:16:33.582968+00:00,1,84982,300,legacy_ops
opp_gen_0009595,send_payment_link,2026-04-01T01:52:45.009178+00:00,1,222576,1500,legacy_ops
opp_gen_0009596,send_payment_link,2026-04-01T10:14:17.472528+00:00,0,0,1500,legacy_ops
opp_gen_0009599,send_payment_link,2026-04-01T21:25:37.090248+00:00,1,83532,1500,legacy_ops
opp_gen_0009603,send_reminder,2026-04-01T18:21:13.937110+00:00,0,0,300,legacy_ops
opp_gen_0009604,send_payment_link,2026-04-01T18:14:55.485225+00:00,1,840845,1500,legacy_ops
opp_gen_0009609,send_payment_link,2026-04-01T06:44:31.243718+00:00,0,0,1500,legacy_ops
opp_gen_0009611,send_reminder,2026-04-01T08:30:03.689743+00:00,1,37161,300,legacy_ops
opp_gen_0009616,send_reminder,2026-04-01T17:35:58.259415+00:00,1,133833,300,legacy_ops
opp_gen_0009619,send_payment_link,2026-04-01T22:14:16.617384+00:00,0,0,1500,legacy_ops
opp_gen_0009622,prompt_card_change,2026-04-01T15:46:10.918671+00:00,1,781931,2000,legacy_ops
opp_gen_0009623,wait_for_native_retry,2026-04-01T07:01:01.681843+00:00,0,0,0,legacy_ops
opp_gen_0009625,send_payment_link,2026-04-01T14:47:47.255825+00:00,0,0,1500,legacy_ops
opp_gen_0009632,send_reminder,2026-04-01T02:12:03.807661+00:00,1,81561,300,legacy_ops
opp_gen_0009640,send_reminder,2026-04-01T15:44:30.860538+00:00,1,1133333,300,legacy_ops
opp_gen_0009641,send_payment_link,2026-04-01T17:15:30.162100+00:00,0,0,1500,legacy_ops
opp_gen_0009642,send_reminder,2026-04-01T05:39:06.524364+00:00,1,102927,300,legacy_ops
opp_gen_0009645,send_reminder,2026-04-01T10:15:05.663819+00:00,1,54643,300,legacy_ops
opp_gen_0009646,prompt_card_change,2026-04-01T16:09:55.291849+00:00,0,0,2000,legacy_ops
opp_gen_0009649,send_payment_link,2026-04-01T21:22:30.771756+00:00,1,1545062,1500,legacy_ops
opp_gen_0009650,send_payment_link,2026-04-01T02:34:12.843154+00:00,1,1123383,1500,legacy_ops
opp_gen_0009653,send_payment_link,2026-04-01T18:01:25.335456+00:00,0,0,1500,legacy_ops
opp_gen_0009667,send_payment_link,2026-04-01T07:05:45.527571+00:00,1,145597,1500,legacy_ops
opp_gen_0009669,send_payment_link,2026-04-01T07:12:44.747938+00:00,0,0,1500,legacy_ops
opp_gen_0009671,send_payment_link,2026-04-01T01:29:38.278330+00:00,1,282152,1500,legacy_ops
opp_gen_0009672,send_payment_link,2026-04-02T23:52:31.157384+00:00,0,0,1500,legacy_ops
opp_gen_0009683,send_payment_link,2026-04-02T23:24:30.182241+00:00,1,491849,1500,legacy_ops
opp_gen_0009686,send_reminder,2026-04-02T15:08:17.639378+00:00,1,171165,300,legacy_ops
opp_gen_0009688,send_reminder,2026-04-02T04:21:46.134020+00:00,1,39273,300,legacy_ops
opp_gen_0009693,send_reminder,2026-04-02T20:20:40.290789+00:00,0,0,300,legacy_ops
opp_gen_0009700,send_reminder,2026-04-02T20:23:13.425484+00:00,1,243996,300,legacy_ops
opp_gen_0009701,send_reminder,2026-04-02T13:57:48.041159+00:00,0,0,300,legacy_ops
opp_gen_0009702,send_payment_link,2026-04-02T15:44:39.654915+00:00,1,39170,1500,legacy_ops
opp_gen_0009703,send_payment_link,2026-04-02T02:52:28.314705+00:00,1,4140204,1500,legacy_ops
opp_gen_0009708,send_reminder,2026-04-02T07:34:11.919193+00:00,1,267715,300,legacy_ops
opp_gen_0009712,send_payment_link,2026-04-02T23:52:40.921987+00:00,1,2246277,1500,legacy_ops
opp_gen_0009722,send_reminder,2026-04-02T23:06:01.654034+00:00,0,0,300,legacy_ops
opp_gen_0009732,send_payment_link,2026-04-02T22:01:18.954328+00:00,1,193677,1500,legacy_ops
opp_gen_0009734,send_payment_link,2026-04-02T01:09:38.017736+00:00,0,0,1500,legacy_ops
opp_gen_0009735,send_payment_link,2026-04-02T09:22:09.653419+00:00,1,503273,1500,legacy_ops
opp_gen_0009738,send_payment_link,2026-04-02T21:33:06.780166+00:00,1,1002212,1500,legacy_ops
opp_gen_0009739,wait_for_native_retry,2026-04-02T06:31:30.152858+00:00,0,0,0,legacy_ops
opp_gen_0009740,send_payment_link,2026-04-02T06:27:09.362659+00:00,1,830748,1500,legacy_ops
opp_gen_0009742,send_payment_link,2026-04-02T02:33:58.621168+00:00,1,365036,1500,legacy_ops
opp_gen_0009743,send_reminder,2026-04-02T12:20:44.929787+00:00,0,0,300,legacy_ops
opp_gen_0009745,send_payment_link,2026-04-02T02:08:40.058628+00:00,1,1503356,1500,legacy_ops
opp_gen_0009746,send_payment_link,2026-04-02T02:23:07.952435+00:00,1,1413715,1500,legacy_ops
opp_gen_0009749,send_payment_link,2026-04-02T21:30:24.833002+00:00,1,250361,1500,legacy_ops
opp_gen_0009753,send_payment_link,2026-04-02T05:41:18.675716+00:00,0,0,1500,legacy_ops
opp_gen_0009758,send_reminder,2026-04-03T03:28:24.782193+00:00,1,180579,300,legacy_ops
opp_gen_0009759,send_payment_link,2026-04-03T18:58:03.557782+00:00,0,0,1500,legacy_ops
opp_gen_0009760,send_payment_link,2026-04-03T04:35:49.845490+00:00,1,918498,1500,legacy_ops
opp_gen_0009761,send_payment_link,2026-04-03T18:43:02.201032+00:00,0,0,1500,legacy_ops
opp_gen_0009768,send_reminder,2026-04-03T05:47:55.035916+00:00,1,93569,300,legacy_ops
opp_gen_0009770,prompt_card_change,2026-04-03T12:49:31.646233+00:00,0,0,2000,legacy_ops
opp_gen_0009771,wait_for_native_retry,2026-04-03T15:39:02.854433+00:00,1,343732,0,legacy_ops
opp_gen_0009778,send_payment_link,2026-04-04T00:25:17.992432+00:00,1,666453,1500,legacy_ops
opp_gen_0009783,send_payment_link,2026-04-03T11:17:23.070441+00:00,1,3127545,1500,legacy_ops
opp_gen_0009785,send_payment_link,2026-04-03T14:45:40.811058+00:00,1,553737,1500,legacy_ops
opp_gen_0009786,send_payment_link,2026-04-03T05:26:08.987260+00:00,1,807988,1500,legacy_ops
opp_gen_0009798,send_payment_link,2026-04-03T04:15:11.673169+00:00,0,0,1500,legacy_ops
opp_gen_0009800,send_reminder,2026-04-03T03:05:59.814471+00:00,1,153402,300,legacy_ops
opp_gen_0009803,send_payment_link,2026-04-03T08:04:41.868248+00:00,0,0,1500,legacy_ops
opp_gen_0009804,send_payment_link,2026-04-03T14:23:49.543450+00:00,0,0,1500,legacy_ops
opp_gen_0009812,send_payment_link,2026-04-03T19:20:12.754307+00:00,0,0,1500,legacy_ops
opp_gen_0009818,send_payment_link,2026-04-03T02:38:00.599476+00:00,0,0,1500,legacy_ops
opp_gen_0009823,send_payment_link,2026-04-03T22:25:19.441756+00:00,1,102380,1500,legacy_ops
opp_gen_0009826,send_payment_link,2026-04-03T09:45:20.253822+00:00,1,562629,1500,legacy_ops
opp_gen_0009829,send_reminder,2026-04-03T10:57:58.556232+00:00,1,182208,300,legacy_ops
opp_gen_0009840,send_reminder,2026-04-03T15:58:14.070561+00:00,1,234103,300,legacy_ops
opp_gen_0009844,send_payment_link,2026-04-04T03:21:23.676100+00:00,1,263976,1500,legacy_ops
opp_gen_0009847,wait_for_native_retry,2026-04-04T16:43:27.248492+00:00,1,83449,0,legacy_ops
opp_gen_0009849,send_payment_link,2026-04-04T01:21:54.675626+00:00,1,2396175,1500,legacy_ops
opp_gen_0009852,send_payment_link,2026-04-04T00:47:08.487702+00:00,0,0,1500,legacy_ops
opp_gen_0009853,send_payment_link,2026-04-04T16:03:20.048443+00:00,1,622318,1500,legacy_ops
opp_gen_0009854,send_reminder,2026-04-04T14:58:44.561951+00:00,1,82807,300,legacy_ops
opp_gen_0009858,send_payment_link,2026-04-04T13:08:18.528715+00:00,0,0,1500,legacy_ops
opp_gen_0009859,send_payment_link,2026-04-04T00:48:47.644908+00:00,1,919387,1500,legacy_ops
opp_gen_0009861,send_payment_link,2026-04-04T11:59:16.970234+00:00,0,0,1500,legacy_ops
opp_gen_0009862,send_payment_link,2026-04-04T19:13:17.391668+00:00,1,182197,1500,legacy_ops
opp_gen_0009864,send_payment_link,2026-04-04T18:25:45.618197+00:00,1,844670,1500,legacy_ops
opp_gen_0009868,send_payment_link,2026-04-05T00:40:30.044176+00:00,1,1593572,1500,legacy_ops
opp_gen_0009871,wait_for_native_retry,2026-04-04T14:48:02.603509+00:00,1,3743125,0,legacy_ops
opp_gen_0009874,send_payment_link,2026-04-04T23:21:32.035636+00:00,0,0,1500,legacy_ops
opp_gen_0009875,send_reminder,2026-04-04T02:10:03.899741+00:00,1,87988,300,legacy_ops
opp_gen_0009877,prompt_card_change,2026-04-04T20:52:34.897866+00:00,1,3171197,2000,legacy_ops
opp_gen_0009878,send_payment_link,2026-04-04T11:31:58.132314+00:00,1,970952,1500,legacy_ops
opp_gen_0009880,send_reminder,2026-04-04T15:42:31.306153+00:00,0,0,300,legacy_ops
opp_gen_0009886,send_payment_link,2026-04-04T10:09:57.701738+00:00,1,114137,1500,legacy_ops
opp_gen_0009887,send_payment_link,2026-04-04T20:18:52.146281+00:00,1,116306,1500,legacy_ops
opp_gen_0009890,send_payment_link,2026-04-04T21:39:20.054944+00:00,1,110406,1500,legacy_ops
opp_gen_0009895,send_reminder,2026-04-04T00:33:57.187796+00:00,0,0,300,legacy_ops
opp_gen_0009900,send_reminder,2026-04-04T12:11:27.334043+00:00,0,0,300,legacy_ops
opp_gen_0009905,send_payment_link,2026-04-04T08:01:48.621567+00:00,1,172566,1500,legacy_ops
opp_gen_0009907,send_payment_link,2026-04-04T22:33:44.416964+00:00,0,0,1500,legacy_ops
opp_gen_0009912,send_payment_link,2026-04-04T03:57:08.353238+00:00,0,0,1500,legacy_ops
opp_gen_0009915,send_payment_link,2026-04-04T18:18:12.263862+00:00,1,41040,1500,legacy_ops
opp_gen_0009917,send_payment_link,2026-04-04T02:13:12.542465+00:00,0,0,1500,legacy_ops
opp_gen_0009923,send_payment_link,2026-04-04T18:06:07.706034+00:00,1,952987,1500,legacy_ops
opp_gen_0009926,send_payment_link,2026-04-04T15:44:58.842334+00:00,1,505730,1500,legacy_ops
opp_gen_0009937,send_payment_link,2026-04-04T03:33:21.910139+00:00,0,0,1500,legacy_ops
opp_gen_0009941,send_reminder,2026-04-04T06:04:10.180646+00:00,0,0,300,legacy_ops
opp_gen_0009949,send_reminder,2026-04-05T12:44:04.583471+00:00,1,102976,300,legacy_ops
opp_gen_0009954,send_reminder,2026-04-05T09:46:09.305897+00:00,1,132540,300,legacy_ops
opp_gen_0009956,send_reminder,2026-04-05T03:10:47.636843+00:00,1,73337,300,legacy_ops
opp_gen_0009957,send_reminder,2026-04-05T11:11:41.669603+00:00,0,0,300,legacy_ops
opp_gen_0009958,send_payment_link,2026-04-05T03:19:55.022006+00:00,0,0,1500,legacy_ops
opp_gen_0009962,send_payment_link,2026-04-05T03:41:42.564600+00:00,0,0,1500,legacy_ops
opp_gen_0009966,send_payment_link,2026-04-05T10:28:37.306797+00:00,1,2886008,1500,legacy_ops
opp_gen_0009970,send_reminder,2026-04-05T13:35:39.311968+00:00,1,163519,300,legacy_ops
opp_gen_0009971,send_payment_link,2026-04-05T16:27:39.323711+00:00,1,441735,1500,legacy_ops
opp_gen_0009974,send_payment_link,2026-04-05T16:46:41.729114+00:00,0,0,1500,legacy_ops
opp_gen_0009978,send_reminder,2026-04-05T01:40:34.658411+00:00,1,51343,300,legacy_ops
opp_gen_0009979,send_payment_link,2026-04-05T11:30:53.818959+00:00,0,0,1500,legacy_ops
opp_gen_0009995,prompt_card_change,2026-04-05T04:53:29.159819+00:00,1,499518,2000,legacy_ops
opp_gen_0009997,send_reminder,2026-04-05T20:04:12.768299+00:00,1,137408,300,legacy_ops
opp_gen_0010011,send_payment_link,2026-04-05T05:58:59.007777+00:00,1,880940,1500,legacy_ops
opp_gen_0010012,send_payment_link,2026-04-05T01:15:17.830744+00:00,0,0,1500,legacy_ops
opp_gen_0010033,send_payment_link,2026-04-05T11:47:59.269845+00:00,1,66528,1500,legacy_ops
opp_gen_0010034,send_payment_link,2026-04-05T15:53:11.710901+00:00,0,0,1500,legacy_ops
opp_gen_0010035,send_payment_link,2026-04-05T07:09:33.722844+00:00,1,1371383,1500,legacy_ops
opp_gen_0010039,send_reminder,2026-04-05T15:48:34.297922+00:00,1,81669,300,legacy_ops
opp_gen_0010046,send_payment_link,2026-04-05T18:30:01.946001+00:00,1,773488,1500,legacy_ops
opp_gen_0010051,send_reminder,2026-04-06T02:40:57.243613+00:00,1,906442,300,legacy_ops
opp_gen_0010054,send_payment_link,2026-04-06T10:43:01.817812+00:00,1,3469655,1500,legacy_ops
opp_gen_0010057,send_payment_link,2026-04-06T21:47:32.037232+00:00,1,53863,1500,legacy_ops
opp_gen_0010060,send_payment_link,2026-04-06T02:28:02.350788+00:00,0,0,1500,legacy_ops
opp_gen_0010063,prompt_card_change,2026-04-06T21:37:41.421433+00:00,1,102476,2000,legacy_ops
opp_gen_0010067,send_reminder,2026-04-06T08:53:35.733484+00:00,1,41445,300,legacy_ops
opp_gen_0010068,send_reminder,2026-04-06T03:08:24.680625+00:00,0,0,300,legacy_ops
opp_gen_0010075,send_payment_link,2026-04-06T07:34:19.899943+00:00,1,619544,1500,legacy_ops
opp_gen_0010077,send_reminder,2026-04-06T10:07:18.439646+00:00,1,399593,300,legacy_ops
opp_gen_0010078,send_payment_link,2026-04-06T04:17:21.818371+00:00,1,2376740,1500,legacy_ops
opp_gen_0010079,send_reminder,2026-04-06T02:52:13.163707+00:00,0,0,300,legacy_ops
opp_gen_0010081,send_payment_link,2026-04-06T18:41:40.618717+00:00,1,667044,1500,legacy_ops
opp_gen_0010089,send_reminder,2026-04-06T06:35:28.828737+00:00,1,78528,300,legacy_ops
opp_gen_0010091,send_payment_link,2026-04-06T20:49:40.353144+00:00,1,201133,1500,legacy_ops
opp_gen_0010092,send_reminder,2026-04-06T06:49:57.906394+00:00,1,77482,300,legacy_ops
opp_gen_0010099,send_reminder,2026-04-06T21:55:30.883793+00:00,1,86538,300,legacy_ops
opp_gen_0010104,send_payment_link,2026-04-06T22:58:11.790535+00:00,1,4004160,1500,legacy_ops
opp_gen_0010105,send_reminder,2026-04-06T20:12:43.066893+00:00,1,167155,300,legacy_ops
opp_gen_0010106,send_payment_link,2026-04-06T21:06:31.939899+00:00,1,256840,1500,legacy_ops
opp_gen_0010109,send_payment_link,2026-04-06T17:11:56.609687+00:00,1,2086561,1500,legacy_ops
opp_gen_0010114,send_reminder,2026-04-06T13:15:00.642322+00:00,1,48347,300,legacy_ops
opp_gen_0010115,send_payment_link,2026-04-06T12:23:20.301170+00:00,1,206991,1500,legacy_ops
opp_gen_0010119,send_reminder,2026-04-06T00:52:29.298124+00:00,0,0,300,legacy_ops
opp_gen_0010120,send_payment_link,2026-04-06T02:43:12.372062+00:00,1,200202,1500,legacy_ops
opp_gen_0010121,wait_for_native_retry,2026-04-06T03:50:38.735108+00:00,0,0,0,legacy_ops
opp_gen_0010124,send_payment_link,2026-04-06T23:07:34.339140+00:00,1,86086,1500,legacy_ops
opp_gen_0010125,wait_for_native_retry,2026-04-06T10:20:54.059628+00:00,1,250839,0,legacy_ops
opp_gen_0010129,send_payment_link,2026-04-06T08:49:44.318986+00:00,1,1096536,1500,legacy_ops
opp_gen_0010136,send_payment_link,2026-04-06T06:51:19.951925+00:00,0,0,1500,legacy_ops
opp_gen_0010138,send_reminder,2026-04-06T13:14:05.836500+00:00,0,0,300,legacy_ops
opp_gen_0010139,send_reminder,2026-04-06T03:43:01.833429+00:00,1,103757,300,legacy_ops
opp_gen_0010142,send_reminder,2026-04-06T02:55:07.005035+00:00,0,0,300,legacy_ops
opp_gen_0010143,send_reminder,2026-04-06T23:08:17.176290+00:00,0,0,300,legacy_ops
opp_gen_0010149,prompt_card_change,2026-04-06T09:55:11.029366+00:00,0,0,2000,legacy_ops
opp_gen_0010151,send_payment_link,2026-04-06T08:43:48.512117+00:00,0,0,1500,legacy_ops
opp_gen_0010158,send_payment_link,2026-04-07T14:33:41.184128+00:00,1,3691058,1500,legacy_ops
opp_gen_0010163,send_payment_link,2026-04-07T19:31:36.830067+00:00,1,805490,1500,legacy_ops
opp_gen_0010178,send_payment_link,2026-04-07T18:49:38.148753+00:00,1,4483377,1500,legacy_ops
opp_gen_0010179,send_payment_link,2026-04-07T20:44:18.563893+00:00,1,1845139,1500,legacy_ops
opp_gen_0010182,send_payment_link,2026-04-07T20:42:03.170277+00:00,0,0,1500,legacy_ops
opp_gen_0010184,send_payment_link,2026-04-07T07:24:53.315875+00:00,1,231424,1500,legacy_ops
opp_gen_0010188,send_payment_link,2026-04-07T00:47:07.095765+00:00,0,0,1500,legacy_ops
opp_gen_0010203,send_payment_link,2026-04-07T11:33:23.609001+00:00,1,524984,1500,legacy_ops
opp_gen_0010205,send_payment_link,2026-04-07T01:05:22.931719+00:00,1,98901,1500,legacy_ops
opp_gen_0010210,send_reminder,2026-04-07T16:33:28.322035+00:00,1,88799,300,legacy_ops
opp_gen_0010233,send_payment_link,2026-04-07T22:50:28.647346+00:00,0,0,1500,legacy_ops
opp_gen_0010238,send_payment_link,2026-04-07T00:33:31.501069+00:00,1,3425627,1500,legacy_ops
opp_gen_0010239,wait_for_native_retry,2026-04-07T06:06:37.875208+00:00,0,0,0,legacy_ops
opp_gen_0010242,send_payment_link,2026-04-07T21:02:41.874689+00:00,1,341753,1500,legacy_ops
opp_gen_0010243,send_reminder,2026-04-07T07:26:25.431842+00:00,1,189059,300,legacy_ops
opp_gen_0010245,send_payment_link,2026-04-07T06:10:23.406907+00:00,1,4229966,1500,legacy_ops
opp_gen_0010250,send_payment_link,2026-04-07T22:33:32.660086+00:00,1,690052,1500,legacy_ops
opp_gen_0010257,send_payment_link,2026-04-07T06:27:51.528700+00:00,0,0,1500,legacy_ops
opp_gen_0010268,send_reminder,2026-04-08T10:03:38.325700+00:00,1,74766,300,legacy_ops
opp_gen_0010271,send_reminder,2026-04-08T21:34:46.607226+00:00,0,0,300,legacy_ops
opp_gen_0010273,send_payment_link,2026-04-08T06:48:33.925068+00:00,0,0,1500,legacy_ops
opp_gen_0010280,send_reminder,2026-04-08T04:34:59.371783+00:00,1,35936,300,legacy_ops
opp_gen_0010284,send_payment_link,2026-04-08T23:22:48.282378+00:00,1,139992,1500,legacy_ops
opp_gen_0010287,send_payment_link,2026-04-08T03:00:49.072466+00:00,0,0,1500,legacy_ops
opp_gen_0010289,send_payment_link,2026-04-08T20:29:30.844809+00:00,0,0,1500,legacy_ops
opp_gen_0010292,send_reminder,2026-04-08T23:35:03.548998+00:00,0,0,300,legacy_ops
opp_gen_0010295,send_reminder,2026-04-08T06:01:00.787416+00:00,1,232204,300,legacy_ops
opp_gen_0010297,send_payment_link,2026-04-08T19:26:42.926925+00:00,0,0,1500,legacy_ops
opp_gen_0010300,send_payment_link,2026-04-08T06:04:51.860368+00:00,1,71912,1500,legacy_ops
opp_gen_0010304,send_payment_link,2026-04-08T21:01:05.925739+00:00,1,887980,1500,legacy_ops
opp_gen_0010307,send_payment_link,2026-04-08T02:31:30.931719+00:00,1,381270,1500,legacy_ops
opp_gen_0010309,prompt_card_change,2026-04-08T07:26:58.858207+00:00,1,106947,2000,legacy_ops
opp_gen_0010311,send_payment_link,2026-04-08T20:18:57.529013+00:00,1,351328,1500,legacy_ops
opp_gen_0010319,send_reminder,2026-04-08T16:39:48.709130+00:00,0,0,300,legacy_ops
opp_gen_0010321,send_reminder,2026-04-08T05:31:46.887679+00:00,1,158354,300,legacy_ops
opp_gen_0010324,send_reminder,2026-04-08T21:49:38.775962+00:00,1,236582,300,legacy_ops
opp_gen_0010325,send_payment_link,2026-04-08T15:18:57.804164+00:00,1,100280,1500,legacy_ops
opp_gen_0010328,send_payment_link,2026-04-08T06:00:44.757778+00:00,1,54489,1500,legacy_ops
opp_gen_0010333,send_reminder,2026-04-08T01:45:10.652083+00:00,1,136920,300,legacy_ops
opp_gen_0010335,send_payment_link,2026-04-08T18:03:07.492770+00:00,0,0,1500,legacy_ops
opp_gen_0010336,send_payment_link,2026-04-08T01:46:15.466885+00:00,1,58416,1500,legacy_ops
opp_gen_0010345,send_payment_link,2026-04-08T09:11:25.229591+00:00,1,523279,1500,legacy_ops
opp_gen_0010349,send_payment_link,2026-04-09T04:49:17.870287+00:00,1,477504,1500,legacy_ops
opp_gen_0010355,send_reminder,2026-04-09T23:13:45.778949+00:00,0,0,300,legacy_ops
opp_gen_0010358,send_reminder,2026-04-09T10:34:26.335899+00:00,1,115530,300,legacy_ops
opp_gen_0010359,send_reminder,2026-04-09T16:43:22.402108+00:00,0,0,300,legacy_ops
opp_gen_0010362,send_payment_link,2026-04-09T23:41:09.023346+00:00,0,0,1500,legacy_ops
opp_gen_0010364,wait_for_native_retry,2026-04-09T13:50:33.487747+00:00,1,655948,0,legacy_ops
opp_gen_0010371,wait_for_native_retry,2026-04-09T11:21:07.498150+00:00,0,0,0,legacy_ops
opp_gen_0010372,send_payment_link,2026-04-09T15:01:52.892601+00:00,0,0,1500,legacy_ops
opp_gen_0010374,send_payment_link,2026-04-09T01:41:23.648169+00:00,1,180800,1500,legacy_ops
opp_gen_0010375,send_payment_link,2026-04-09T16:58:15.277039+00:00,0,0,1500,legacy_ops
opp_gen_0010377,send_payment_link,2026-04-09T03:40:29.593302+00:00,1,157760,1500,legacy_ops
opp_gen_0010379,send_payment_link,2026-04-09T03:43:16.774198+00:00,0,0,1500,legacy_ops
opp_gen_0010385,send_reminder,2026-04-09T18:21:50.842604+00:00,1,189004,300,legacy_ops
opp_gen_0010386,send_payment_link,2026-04-09T19:46:32.301445+00:00,1,167652,1500,legacy_ops
opp_gen_0010392,send_payment_link,2026-04-09T02:22:34.631145+00:00,1,1036858,1500,legacy_ops
opp_gen_0010395,prompt_card_change,2026-04-09T12:58:34.738627+00:00,1,970100,2000,legacy_ops
opp_gen_0010396,send_payment_link,2026-04-09T06:25:37.073041+00:00,0,0,1500,legacy_ops
opp_gen_0010402,send_reminder,2026-04-09T18:48:50.108592+00:00,1,49040,300,legacy_ops
opp_gen_0010411,send_payment_link,2026-04-09T12:29:05.935188+00:00,1,98190,1500,legacy_ops
opp_gen_0010415,prompt_card_change,2026-04-09T09:05:23.257938+00:00,1,966465,2000,legacy_ops
opp_gen_0010417,send_payment_link,2026-04-09T10:21:03.593299+00:00,1,701224,1500,legacy_ops
opp_gen_0010418,send_payment_link,2026-04-09T04:20:47.525973+00:00,1,863091,1500,legacy_ops
opp_gen_0010419,wait_for_native_retry,2026-04-09T19:11:45.680482+00:00,0,0,0,legacy_ops
opp_gen_0010425,send_payment_link,2026-04-09T13:36:49.438629+00:00,1,140968,1500,legacy_ops
opp_gen_0010437,send_reminder,2026-04-10T16:20:22.162889+00:00,1,108790,300,legacy_ops
opp_gen_0010439,send_payment_link,2026-04-10T09:53:03.372336+00:00,0,0,1500,legacy_ops
opp_gen_0010442,send_payment_link,2026-04-10T12:37:27.563494+00:00,0,0,1500,legacy_ops
opp_gen_0010443,send_reminder,2026-04-10T23:45:03.603389+00:00,1,248877,300,legacy_ops
opp_gen_0010445,send_payment_link,2026-04-10T19:51:32.100642+00:00,1,3310674,1500,legacy_ops
opp_gen_0010447,wait_for_native_retry,2026-04-10T01:33:24.984191+00:00,0,0,0,legacy_ops
opp_gen_0010450,send_reminder,2026-04-10T21:52:03.239669+00:00,0,0,300,legacy_ops
opp_gen_0010456,send_payment_link,2026-04-10T16:57:59.758762+00:00,0,0,1500,legacy_ops
opp_gen_0010457,wait_for_native_retry,2026-04-10T11:12:16.052166+00:00,0,0,0,legacy_ops
opp_gen_0010459,send_payment_link,2026-04-10T10:46:50.451530+00:00,1,383242,1500,legacy_ops
opp_gen_0010461,send_reminder,2026-04-10T20:08:20.038942+00:00,1,85039,300,legacy_ops
opp_gen_0010462,send_payment_link,2026-04-10T03:18:42.950876+00:00,1,1005404,1500,legacy_ops
opp_gen_0010468,send_payment_link,2026-04-10T17:31:12.671440+00:00,1,202993,1500,legacy_ops
opp_gen_0010473,send_payment_link,2026-04-10T15:48:01.028618+00:00,1,97866,1500,legacy_ops
opp_gen_0010477,send_payment_link,2026-04-10T00:57:52.666265+00:00,1,2495571,1500,legacy_ops
opp_gen_0010478,wait_for_native_retry,2026-04-10T23:35:56.648578+00:00,0,0,0,legacy_ops
opp_gen_0010479,send_payment_link,2026-04-10T16:10:04.473572+00:00,1,581028,1500,legacy_ops
opp_gen_0010480,send_reminder,2026-04-10T23:27:32.250009+00:00,0,0,300,legacy_ops
opp_gen_0010484,send_reminder,2026-04-10T22:24:05.002089+00:00,0,0,300,legacy_ops
opp_gen_0010485,send_payment_link,2026-04-10T08:53:25.195581+00:00,1,80587,1500,legacy_ops
opp_gen_0010486,send_payment_link,2026-04-10T12:14:27.342361+00:00,0,0,1500,legacy_ops
opp_gen_0010487,send_reminder,2026-04-10T05:37:13.582917+00:00,0,0,300,legacy_ops
opp_gen_0010488,send_payment_link,2026-04-10T05:59:23.575195+00:00,1,186981,1500,legacy_ops
opp_gen_0010491,send_payment_link,2026-04-10T01:10:09.639841+00:00,0,0,1500,legacy_ops
opp_gen_0010496,send_reminder,2026-04-10T14:40:57.665634+00:00,1,204567,300,legacy_ops
opp_gen_0010498,send_payment_link,2026-04-10T00:47:27.491828+00:00,1,3172659,1500,legacy_ops
opp_gen_0010499,send_payment_link,2026-04-10T16:28:06.063605+00:00,0,0,1500,legacy_ops
opp_gen_0010500,send_payment_link,2026-04-10T03:46:35.546091+00:00,0,0,1500,legacy_ops
opp_gen_0010502,send_payment_link,2026-04-10T21:37:43.631385+00:00,1,195094,1500,legacy_ops
opp_gen_0010506,send_reminder,2026-04-10T09:41:00.298044+00:00,0,0,300,legacy_ops
opp_gen_0010511,send_reminder,2026-04-10T05:38:08.687625+00:00,1,150815,300,legacy_ops
opp_gen_0010520,send_payment_link,2026-04-10T03:04:17.047210+00:00,1,957023,1500,legacy_ops
opp_gen_0010522,send_payment_link,2026-04-10T14:55:23.232213+00:00,1,488729,1500,legacy_ops
opp_gen_0010526,send_payment_link,2026-04-10T13:16:17.556092+00:00,0,0,1500,legacy_ops
opp_gen_0010528,send_payment_link,2026-04-10T18:35:04.960522+00:00,1,43107,1500,legacy_ops
opp_gen_0010535,send_payment_link,2026-04-11T23:48:07.738550+00:00,0,0,1500,legacy_ops
opp_gen_0010537,send_payment_link,2026-04-11T09:48:06.332176+00:00,1,57015,1500,legacy_ops
opp_gen_0010538,send_payment_link,2026-04-11T12:24:11.955099+00:00,1,2267416,1500,legacy_ops
opp_gen_0010540,send_reminder,2026-04-11T03:24:00.239235+00:00,0,0,300,legacy_ops
opp_gen_0010544,send_reminder,2026-04-11T23:30:51.015480+00:00,1,265097,300,legacy_ops
opp_gen_0010546,send_payment_link,2026-04-11T14:51:11.331239+00:00,1,152789,1500,legacy_ops
opp_gen_0010552,send_payment_link,2026-04-11T02:19:24.532951+00:00,1,959610,1500,legacy_ops
opp_gen_0010558,prompt_card_change,2026-04-11T00:47:49.277260+00:00,1,213005,2000,legacy_ops
opp_gen_0010561,send_payment_link,2026-04-11T19:05:09.908795+00:00,1,1167054,1500,legacy_ops
opp_gen_0010562,wait_for_native_retry,2026-04-11T03:13:02.547536+00:00,0,0,0,legacy_ops
opp_gen_0010563,send_reminder,2026-04-11T14:06:15.269525+00:00,1,360097,300,legacy_ops
opp_gen_0010564,send_payment_link,2026-04-11T19:14:28.560904+00:00,1,53900,1500,legacy_ops
opp_gen_0010572,wait_for_native_retry,2026-04-11T05:34:46.620031+00:00,1,466111,0,legacy_ops
opp_gen_0010578,send_reminder,2026-04-11T23:39:39.180740+00:00,1,225090,300,legacy_ops
opp_gen_0010587,wait_for_native_retry,2026-04-11T17:01:48.195789+00:00,0,0,0,legacy_ops
opp_gen_0010588,send_reminder,2026-04-11T05:45:58.855194+00:00,1,67068,300,legacy_ops
opp_gen_0010589,send_payment_link,2026-04-11T06:13:00.766409+00:00,0,0,1500,legacy_ops
opp_gen_0010598,prompt_card_change,2026-04-11T11:37:33.195044+00:00,1,303073,2000,legacy_ops
opp_gen_0010606,prompt_card_change,2026-04-11T07:08:16.041925+00:00,1,166218,2000,legacy_ops
opp_gen_0010609,send_payment_link,2026-04-11T22:45:55.697897+00:00,1,814201,1500,legacy_ops
opp_gen_0010610,send_payment_link,2026-04-11T00:33:32.366462+00:00,1,950676,1500,legacy_ops
opp_gen_0010617,prompt_card_change,2026-04-11T21:59:59.997541+00:00,1,1213052,2000,legacy_ops
opp_gen_0010619,send_payment_link,2026-04-11T22:53:28.450544+00:00,0,0,1500,legacy_ops
opp_gen_0010621,send_payment_link,2026-04-11T12:19:45.326350+00:00,1,214813,1500,legacy_ops
opp_gen_0010623,send_payment_link,2026-04-11T22:09:29.290346+00:00,0,0,1500,legacy_ops
opp_gen_0010625,prompt_card_change,2026-04-11T07:57:35.800755+00:00,1,4452537,2000,legacy_ops
opp_gen_0010626,send_payment_link,2026-04-11T03:50:08.424205+00:00,0,0,1500,legacy_ops
opp_gen_0010634,wait_for_native_retry,2026-04-11T10:32:27.440296+00:00,0,0,0,legacy_ops
opp_gen_0010637,send_reminder,2026-04-12T14:06:43.826709+00:00,1,55007,300,legacy_ops
opp_gen_0010639,send_payment_link,2026-04-12T06:07:45.855410+00:00,0,0,1500,legacy_ops
opp_gen_0010650,send_payment_link,2026-04-12T03:35:14.165924+00:00,1,118510,1500,legacy_ops
opp_gen_0010652,send_reminder,2026-04-12T16:02:20.598982+00:00,1,147178,300,legacy_ops
opp_gen_0010657,send_reminder,2026-04-12T07:35:59.776190+00:00,1,286669,300,legacy_ops
opp_gen_0010658,send_reminder,2026-04-12T05:28:28.729859+00:00,1,139531,300,legacy_ops
opp_gen_0010660,send_payment_link,2026-04-12T21:16:55.476248+00:00,1,997409,1500,legacy_ops
opp_gen_0010661,send_payment_link,2026-04-12T05:02:47.238623+00:00,1,202854,1500,legacy_ops
opp_gen_0010663,send_reminder,2026-04-13T00:06:37.870777+00:00,1,103409,300,legacy_ops
opp_gen_0010676,send_payment_link,2026-04-12T22:17:44.241605+00:00,0,0,1500,legacy_ops
opp_gen_0010677,send_payment_link,2026-04-12T10:06:33.242980+00:00,1,1030569,1500,legacy_ops
opp_gen_0010681,send_payment_link,2026-04-12T12:24:57.684325+00:00,1,519126,1500,legacy_ops
opp_gen_0010686,send_payment_link,2026-04-12T05:40:39.636891+00:00,1,1192342,1500,legacy_ops
opp_gen_0010691,send_payment_link,2026-04-12T05:09:07.861813+00:00,0,0,1500,legacy_ops
opp_gen_0010694,send_reminder,2026-04-12T18:17:43.226850+00:00,1,865375,300,legacy_ops
opp_gen_0010699,send_reminder,2026-04-12T03:45:23.783757+00:00,0,0,300,legacy_ops
opp_gen_0010704,send_payment_link,2026-04-12T13:41:41.328858+00:00,1,524430,1500,legacy_ops
opp_gen_0010705,send_payment_link,2026-04-12T20:49:40.701317+00:00,1,1171696,1500,legacy_ops
opp_gen_0010710,send_reminder,2026-04-13T00:18:07.008283+00:00,0,0,300,legacy_ops
opp_gen_0010711,send_payment_link,2026-04-12T11:09:52.252491+00:00,0,0,1500,legacy_ops
opp_gen_0010714,send_payment_link,2026-04-12T02:42:13.930125+00:00,0,0,1500,legacy_ops
opp_gen_0010720,prompt_card_change,2026-04-12T03:44:18.116480+00:00,1,213511,2000,legacy_ops
opp_gen_0010721,send_payment_link,2026-04-12T22:08:05.845257+00:00,1,230023,1500,legacy_ops
opp_gen_0010722,send_reminder,2026-04-12T22:56:44.704373+00:00,1,45522,300,legacy_ops
opp_gen_0010725,wait_for_native_retry,2026-04-12T01:14:13.251059+00:00,0,0,0,legacy_ops
opp_gen_0010727,send_reminder,2026-04-12T17:08:29.491945+00:00,1,134961,300,legacy_ops
opp_gen_0010731,send_payment_link,2026-04-12T11:33:33.595337+00:00,1,684074,1500,legacy_ops
opp_gen_0010735,prompt_card_change,2026-04-13T09:45:44.231105+00:00,1,1061538,2000,legacy_ops
opp_gen_0010737,send_payment_link,2026-04-13T16:54:17.989909+00:00,1,291532,1500,legacy_ops
opp_gen_0010738,send_reminder,2026-04-13T12:08:52.345799+00:00,0,0,300,legacy_ops
opp_gen_0010743,send_payment_link,2026-04-13T04:46:28.231675+00:00,1,291577,1500,legacy_ops
opp_gen_0010744,wait_for_native_retry,2026-04-13T22:26:53.793477+00:00,1,1500067,0,legacy_ops
opp_gen_0010745,send_payment_link,2026-04-13T15:26:55.283970+00:00,0,0,1500,legacy_ops
opp_gen_0010747,send_payment_link,2026-04-13T22:36:59.591221+00:00,1,2476360,1500,legacy_ops
opp_gen_0010748,send_reminder,2026-04-13T20:55:50.779313+00:00,1,43817,300,legacy_ops
opp_gen_0010755,send_payment_link,2026-04-13T17:25:33.332778+00:00,1,153241,1500,legacy_ops
opp_gen_0010758,send_reminder,2026-04-13T23:53:13.110551+00:00,1,347412,300,legacy_ops
opp_gen_0010767,send_reminder,2026-04-13T04:27:30.855698+00:00,0,0,300,legacy_ops
opp_gen_0010770,send_reminder,2026-04-13T20:34:09.898876+00:00,1,84835,300,legacy_ops
opp_gen_0010772,send_reminder,2026-04-13T15:10:02.730163+00:00,0,0,300,legacy_ops
opp_gen_0010773,send_payment_link,2026-04-13T08:26:09.474912+00:00,1,885761,1500,legacy_ops
opp_gen_0010774,prompt_card_change,2026-04-13T06:21:51.297955+00:00,1,216229,2000,legacy_ops
opp_gen_0010776,send_payment_link,2026-04-13T18:09:27.529686+00:00,1,858943,1500,legacy_ops
opp_gen_0010779,send_reminder,2026-04-13T06:01:11.044300+00:00,1,139444,300,legacy_ops
opp_gen_0010786,send_payment_link,2026-04-13T15:54:22.149650+00:00,0,0,1500,legacy_ops
opp_gen_0010791,send_payment_link,2026-04-13T01:10:06.531688+00:00,1,45114,1500,legacy_ops
opp_gen_0010793,send_reminder,2026-04-13T06:37:48.293280+00:00,1,4320868,300,legacy_ops
opp_gen_0010794,send_payment_link,2026-04-13T08:36:52.156167+00:00,0,0,1500,legacy_ops
opp_gen_0010800,send_reminder,2026-04-13T04:55:46.180732+00:00,1,97322,300,legacy_ops
opp_gen_0010803,send_reminder,2026-04-13T06:19:19.839463+00:00,0,0,300,legacy_ops
opp_gen_0010805,wait_for_native_retry,2026-04-13T14:15:31.298707+00:00,1,1141541,0,legacy_ops
opp_gen_0010809,send_payment_link,2026-04-13T07:41:47.947183+00:00,1,210455,1500,legacy_ops
opp_gen_0010815,send_payment_link,2026-04-13T16:07:30.030060+00:00,1,1918677,1500,legacy_ops
opp_gen_0010816,send_reminder,2026-04-13T16:31:39.215085+00:00,1,295321,300,legacy_ops
opp_gen_0010821,send_reminder,2026-04-13T16:42:38.537545+00:00,1,35129,300,legacy_ops
opp_gen_0010822,send_payment_link,2026-04-13T15:45:58.052349+00:00,0,0,1500,legacy_ops
opp_gen_0010823,send_reminder,2026-04-13T16:32:47.699929+00:00,1,255096,300,legacy_ops
opp_gen_0010832,send_reminder,2026-04-13T09:34:54.280556+00:00,1,76126,300,legacy_ops
opp_gen_0010833,send_reminder,2026-04-13T18:47:19.416260+00:00,0,0,300,legacy_ops
opp_gen_0010838,send_payment_link,2026-04-14T08:55:28.490986+00:00,1,730664,1500,legacy_ops
opp_gen_0010850,prompt_card_change,2026-04-14T09:34:26.173764+00:00,0,0,2000,legacy_ops
opp_gen_0010854,send_payment_link,2026-04-14T04:02:46.869615+00:00,1,635391,1500,legacy_ops
opp_gen_0010859,send_payment_link,2026-04-15T00:35:17.407158+00:00,1,3127225,1500,legacy_ops
opp_gen_0010860,send_payment_link,2026-04-14T10:44:06.199389+00:00,1,1539964,1500,legacy_ops
opp_gen_0010862,send_payment_link,2026-04-14T16:21:02.632433+00:00,1,211837,1500,legacy_ops
opp_gen_0010866,send_payment_link,2026-04-14T05:17:44.655469+00:00,0,0,1500,legacy_ops
opp_gen_0010870,send_reminder,2026-04-14T06:44:26.447988+00:00,0,0,300,legacy_ops
opp_gen_0010873,send_reminder,2026-04-14T05:23:34.239839+00:00,0,0,300,legacy_ops
opp_gen_0010875,send_payment_link,2026-04-14T16:46:39.262078+00:00,1,2584400,1500,legacy_ops
opp_gen_0010878,send_payment_link,2026-04-14T09:24:11.272167+00:00,0,0,1500,legacy_ops
opp_gen_0010883,send_reminder,2026-04-14T14:53:28.033054+00:00,1,128886,300,legacy_ops
opp_gen_0010886,send_payment_link,2026-04-14T06:35:55.409828+00:00,1,1622519,1500,legacy_ops
opp_gen_0010887,send_reminder,2026-04-14T20:20:45.462920+00:00,1,144862,300,legacy_ops
opp_gen_0010890,send_payment_link,2026-04-14T08:30:14.420809+00:00,1,1757080,1500,legacy_ops
opp_gen_0010902,send_reminder,2026-04-14T16:55:58.533652+00:00,0,0,300,legacy_ops
opp_gen_0010918,send_reminder,2026-04-14T17:00:27.059038+00:00,0,0,300,legacy_ops
opp_gen_0010922,send_payment_link,2026-04-14T04:19:31.992287+00:00,1,166542,1500,legacy_ops
opp_gen_0010923,send_reminder,2026-04-14T14:39:56.914114+00:00,0,0,300,legacy_ops
opp_gen_0010925,send_payment_link,2026-04-14T16:42:59.014203+00:00,1,160755,1500,legacy_ops
opp_gen_0010926,send_payment_link,2026-04-14T15:23:40.824635+00:00,1,38047,1500,legacy_ops
opp_gen_0010932,send_payment_link,2026-04-15T10:54:33.902255+00:00,1,2470047,1500,legacy_ops
opp_gen_0010934,send_payment_link,2026-04-15T22:27:18.877137+00:00,0,0,1500,legacy_ops
opp_gen_0010943,send_reminder,2026-04-15T17:56:57.297494+00:00,1,159543,300,legacy_ops
opp_gen_0010947,prompt_card_change,2026-04-15T06:25:14.786731+00:00,1,219496,2000,legacy_ops
opp_gen_0010952,send_payment_link,2026-04-15T08:15:06.327052+00:00,0,0,1500,legacy_ops
opp_gen_0010961,send_payment_link,2026-04-15T01:15:07.217914+00:00,0,0,1500,legacy_ops
opp_gen_0010973,send_payment_link,2026-04-15T01:37:32.800809+00:00,0,0,1500,legacy_ops
opp_gen_0010975,prompt_card_change,2026-04-15T23:03:58.529652+00:00,1,149598,2000,legacy_ops
opp_gen_0010994,send_payment_link,2026-04-15T01:16:58.682757+00:00,1,313100,1500,legacy_ops
opp_gen_0011004,send_payment_link,2026-04-15T21:39:09.437499+00:00,0,0,1500,legacy_ops
opp_gen_0011006,wait_for_native_retry,2026-04-15T11:46:04.549611+00:00,1,296928,0,legacy_ops
opp_gen_0011013,send_reminder,2026-04-15T09:33:08.137340+00:00,1,224909,300,legacy_ops
opp_gen_0011016,send_reminder,2026-04-15T18:07:57.351176+00:00,0,0,300,legacy_ops
opp_gen_0011017,send_payment_link,2026-04-15T07:06:09.547001+00:00,0,0,1500,legacy_ops
opp_gen_0011019,send_reminder,2026-04-15T06:30:05.513449+00:00,0,0,300,legacy_ops
opp_gen_0011020,wait_for_native_retry,2026-04-15T07:30:40.575825+00:00,0,0,0,legacy_ops
opp_gen_0011021,send_payment_link,2026-04-15T18:49:49.340395+00:00,1,927164,1500,legacy_ops
opp_gen_0011024,send_payment_link,2026-04-16T22:26:28.986454+00:00,1,1042917,1500,legacy_ops
opp_gen_0011025,send_reminder,2026-04-16T05:07:13.703601+00:00,1,91289,300,legacy_ops
opp_gen_0011027,send_payment_link,2026-04-16T19:13:05.629523+00:00,1,821364,1500,legacy_ops
opp_gen_0011028,prompt_card_change,2026-04-16T03:01:40.742782+00:00,1,1918085,2000,legacy_ops
opp_gen_0011029,wait_for_native_retry,2026-04-16T02:05:22.102784+00:00,1,1374625,0,legacy_ops
opp_gen_0011032,send_payment_link,2026-04-16T14:07:48.706578+00:00,1,628421,1500,legacy_ops
opp_gen_0011033,send_payment_link,2026-04-16T06:30:37.005745+00:00,0,0,1500,legacy_ops
opp_gen_0011034,send_reminder,2026-04-16T16:58:35.595811+00:00,1,171707,300,legacy_ops
opp_gen_0011035,send_reminder,2026-04-16T13:55:53.235725+00:00,1,80582,300,legacy_ops
opp_gen_0011037,send_reminder,2026-04-16T20:44:37.792593+00:00,1,278024,300,legacy_ops
opp_gen_0011039,send_payment_link,2026-04-16T02:50:09.764590+00:00,0,0,1500,legacy_ops
opp_gen_0011041,send_payment_link,2026-04-16T22:35:46.209507+00:00,0,0,1500,legacy_ops
opp_gen_0011042,prompt_card_change,2026-04-16T20:57:47.997014+00:00,0,0,2000,legacy_ops
opp_gen_0011043,send_payment_link,2026-04-16T03:08:49.873387+00:00,0,0,1500,legacy_ops
opp_gen_0011049,send_payment_link,2026-04-16T19:26:37.620230+00:00,0,0,1500,legacy_ops
opp_gen_0011053,send_payment_link,2026-04-16T20:45:43.920974+00:00,1,679569,1500,legacy_ops
opp_gen_0011062,send_payment_link,2026-04-16T20:10:52.953297+00:00,1,269648,1500,legacy_ops
opp_gen_0011064,send_payment_link,2026-04-16T21:07:32.021866+00:00,0,0,1500,legacy_ops
opp_gen_0011065,prompt_card_change,2026-04-16T02:11:35.832265+00:00,1,917970,2000,legacy_ops
opp_gen_0011066,send_reminder,2026-04-16T17:05:44.900027+00:00,1,247437,300,legacy_ops
opp_gen_0011069,send_payment_link,2026-04-16T08:28:03.763425+00:00,1,201109,1500,legacy_ops
opp_gen_0011071,wait_for_native_retry,2026-04-16T04:29:22.573328+00:00,1,147399,0,legacy_ops
opp_gen_0011076,send_payment_link,2026-04-16T10:42:28.118196+00:00,1,37363,1500,legacy_ops
opp_gen_0011088,send_reminder,2026-04-16T12:02:04.768014+00:00,0,0,300,legacy_ops
opp_gen_0011097,send_reminder,2026-04-16T19:26:15.521533+00:00,1,283001,300,legacy_ops
opp_gen_0011100,send_reminder,2026-04-16T17:11:33.526949+00:00,1,139860,300,legacy_ops
opp_gen_0011103,send_payment_link,2026-04-16T20:04:22.029607+00:00,1,758565,1500,legacy_ops
opp_gen_0011120,send_payment_link,2026-04-17T00:04:06.144107+00:00,0,0,1500,legacy_ops
opp_gen_0011131,send_reminder,2026-04-16T11:44:46.749595+00:00,0,0,300,legacy_ops
opp_gen_0011135,send_payment_link,2026-04-16T12:27:51.572471+00:00,1,141729,1500,legacy_ops
opp_gen_0011141,send_reminder,2026-04-16T19:19:07.110907+00:00,0,0,300,legacy_ops
opp_gen_0011144,send_payment_link,2026-04-17T22:32:48.994960+00:00,0,0,1500,legacy_ops
opp_gen_0011145,send_payment_link,2026-04-17T02:48:45.633964+00:00,1,156222,1500,legacy_ops
opp_gen_0011149,send_payment_link,2026-04-17T12:28:11.992375+00:00,1,3346501,1500,legacy_ops
opp_gen_0011152,prompt_card_change,2026-04-17T10:06:15.832583+00:00,0,0,2000,legacy_ops
opp_gen_0011157,send_payment_link,2026-04-17T09:01:34.158702+00:00,0,0,1500,legacy_ops
opp_gen_0011158,send_reminder,2026-04-17T15:34:58.291819+00:00,1,168363,300,legacy_ops
opp_gen_0011167,send_reminder,2026-04-17T06:49:17.934117+00:00,0,0,300,legacy_ops
opp_gen_0011168,send_payment_link,2026-04-17T04:07:10.559877+00:00,0,0,1500,legacy_ops
opp_gen_0011172,send_reminder,2026-04-17T08:39:29.199461+00:00,1,171113,300,legacy_ops
opp_gen_0011181,send_payment_link,2026-04-17T08:58:11.676675+00:00,1,550052,1500,legacy_ops
opp_gen_0011183,send_payment_link,2026-04-17T05:15:46.014789+00:00,1,2907654,1500,legacy_ops
opp_gen_0011191,send_payment_link,2026-04-17T13:26:17.667343+00:00,0,0,1500,legacy_ops
opp_gen_0011192,send_payment_link,2026-04-17T20:31:11.610634+00:00,1,58737,1500,legacy_ops
opp_gen_0011194,send_payment_link,2026-04-17T23:05:26.919140+00:00,0,0,1500,legacy_ops
opp_gen_0011201,send_payment_link,2026-04-17T02:57:40.697595+00:00,0,0,1500,legacy_ops
opp_gen_0011203,prompt_card_change,2026-04-17T17:57:43.425283+00:00,1,1012801,2000,legacy_ops
opp_gen_0011215,send_reminder,2026-04-17T23:18:02.167772+00:00,0,0,300,legacy_ops
opp_gen_0011221,send_payment_link,2026-04-17T18:56:09.736623+00:00,0,0,1500,legacy_ops
opp_gen_0011222,send_reminder,2026-04-17T13:15:05.640678+00:00,1,143205,300,legacy_ops
opp_gen_0011224,send_reminder,2026-04-17T02:38:26.597151+00:00,1,136519,300,legacy_ops
opp_gen_0011228,send_payment_link,2026-04-17T08:06:59.828963+00:00,1,810226,1500,legacy_ops
opp_gen_0011230,send_reminder,2026-04-17T11:39:26.876335+00:00,1,153359,300,legacy_ops
opp_gen_0011233,send_reminder,2026-04-17T00:16:00.175531+00:00,0,0,300,legacy_ops
opp_gen_0011235,send_payment_link,2026-04-18T11:29:42.269905+00:00,1,514165,1500,legacy_ops
opp_gen_0011236,send_payment_link,2026-04-18T10:13:19.618430+00:00,0,0,1500,legacy_ops
opp_gen_0011238,send_reminder,2026-04-18T20:56:41.718881+00:00,1,160770,300,legacy_ops
opp_gen_0011242,prompt_card_change,2026-04-18T05:40:32.739492+00:00,1,1414659,2000,legacy_ops
opp_gen_0011243,send_reminder,2026-04-18T02:20:50.148938+00:00,0,0,300,legacy_ops
opp_gen_0011250,prompt_card_change,2026-04-18T11:04:05.841040+00:00,1,52141,2000,legacy_ops
opp_gen_0011258,send_payment_link,2026-04-18T10:21:56.368966+00:00,1,151775,1500,legacy_ops
opp_gen_0011265,send_reminder,2026-04-18T01:09:36.618256+00:00,1,412654,300,legacy_ops
opp_gen_0011269,send_reminder,2026-04-18T22:56:06.435653+00:00,1,59583,300,legacy_ops
opp_gen_0011270,prompt_card_change,2026-04-18T14:27:51.327524+00:00,1,187576,2000,legacy_ops
opp_gen_0011278,prompt_card_change,2026-04-18T03:06:13.826977+00:00,0,0,2000,legacy_ops
opp_gen_0011280,send_payment_link,2026-04-18T01:49:37.300731+00:00,1,294365,1500,legacy_ops
opp_gen_0011282,send_payment_link,2026-04-18T14:09:00.036643+00:00,1,288179,1500,legacy_ops
opp_gen_0011283,send_payment_link,2026-04-18T12:01:52.584439+00:00,1,1060880,1500,legacy_ops
opp_gen_0011286,send_reminder,2026-04-18T15:26:14.892339+00:00,1,201128,300,legacy_ops
opp_gen_0011287,wait_for_native_retry,2026-04-18T05:58:08.435831+00:00,1,327471,0,legacy_ops
opp_gen_0011289,send_reminder,2026-04-18T10:05:07.772379+00:00,1,96318,300,legacy_ops
opp_gen_0011296,send_reminder,2026-04-18T09:46:10.426313+00:00,1,1963653,300,legacy_ops
opp_gen_0011310,send_payment_link,2026-04-18T20:09:16.192338+00:00,1,181082,1500,legacy_ops
opp_gen_0011311,wait_for_native_retry,2026-04-18T23:31:15.727158+00:00,1,354428,0,legacy_ops
opp_gen_0011326,send_payment_link,2026-04-19T14:05:19.323282+00:00,1,412770,1500,legacy_ops
opp_gen_0011328,send_payment_link,2026-04-19T17:27:58.212734+00:00,0,0,1500,legacy_ops
opp_gen_0011334,send_payment_link,2026-04-19T04:04:01.107029+00:00,1,1092303,1500,legacy_ops
opp_gen_0011346,send_payment_link,2026-04-19T01:10:20.026142+00:00,0,0,1500,legacy_ops
opp_gen_0011348,send_payment_link,2026-04-19T08:12:44.287811+00:00,1,307067,1500,legacy_ops
opp_gen_0011370,send_reminder,2026-04-19T07:08:28.551313+00:00,1,188433,300,legacy_ops
opp_gen_0011373,send_reminder,2026-04-19T17:30:34.103156+00:00,1,120265,300,legacy_ops
opp_gen_0011374,send_reminder,2026-04-19T08:06:19.267021+00:00,0,0,300,legacy_ops
opp_gen_0011381,send_payment_link,2026-04-19T14:44:48.587144+00:00,1,828431,1500,legacy_ops
opp_gen_0011383,send_reminder,2026-04-19T23:37:45.096346+00:00,0,0,300,legacy_ops
opp_gen_0011386,send_reminder,2026-04-19T10:32:11.040164+00:00,0,0,300,legacy_ops
opp_gen_0011391,send_payment_link,2026-04-19T05:13:17.600772+00:00,1,2285669,1500,legacy_ops
opp_gen_0011394,send_payment_link,2026-04-19T08:48:23.434127+00:00,1,554554,1500,legacy_ops
opp_gen_0011404,send_payment_link,2026-04-19T19:05:44.546313+00:00,0,0,1500,legacy_ops
opp_gen_0011405,send_payment_link,2026-04-19T01:59:32.078799+00:00,0,0,1500,legacy_ops
opp_gen_0011406,send_reminder,2026-04-20T18:05:14.801551+00:00,1,37891,300,legacy_ops
opp_gen_0011411,prompt_card_change,2026-04-20T07:40:57.834959+00:00,1,59970,2000,legacy_ops
opp_gen_0011413,send_reminder,2026-04-20T09:22:04.647854+00:00,1,203063,300,legacy_ops
opp_gen_0011414,send_reminder,2026-04-20T01:53:45.673105+00:00,0,0,300,legacy_ops
opp_gen_0011428,send_payment_link,2026-04-20T12:17:50.876906+00:00,1,593349,1500,legacy_ops
opp_gen_0011430,send_payment_link,2026-04-20T20:50:14.392241+00:00,0,0,1500,legacy_ops
opp_gen_0011435,send_payment_link,2026-04-20T03:32:37.893870+00:00,0,0,1500,legacy_ops
opp_gen_0011436,wait_for_native_retry,2026-04-20T19:20:02.445191+00:00,1,258258,0,legacy_ops
opp_gen_0011438,send_payment_link,2026-04-20T19:52:39.254858+00:00,1,93975,1500,legacy_ops
opp_gen_0011447,send_payment_link,2026-04-20T15:58:00.643915+00:00,0,0,1500,legacy_ops
opp_gen_0011451,send_reminder,2026-04-20T06:17:46.045168+00:00,1,275539,300,legacy_ops
opp_gen_0011452,send_payment_link,2026-04-20T21:05:50.151559+00:00,1,2032588,1500,legacy_ops
opp_gen_0011472,send_reminder,2026-04-20T18:42:03.348018+00:00,1,172589,300,legacy_ops
opp_gen_0011474,send_payment_link,2026-04-20T02:07:53.195933+00:00,0,0,1500,legacy_ops
opp_gen_0011480,send_payment_link,2026-04-20T12:28:44.130325+00:00,1,150993,1500,legacy_ops
opp_gen_0011483,send_payment_link,2026-04-20T05:03:16.497715+00:00,0,0,1500,legacy_ops
opp_gen_0011485,send_reminder,2026-04-20T16:34:02.249835+00:00,1,392590,300,legacy_ops
opp_gen_0011493,send_payment_link,2026-04-20T13:19:32.552588+00:00,1,206883,1500,legacy_ops
opp_gen_0011498,send_reminder,2026-04-21T00:15:22.634938+00:00,1,89399,300,legacy_ops
opp_gen_0011500,send_payment_link,2026-04-20T20:13:12.482516+00:00,0,0,1500,legacy_ops
opp_gen_0011502,send_payment_link,2026-04-20T21:33:30.747198+00:00,0,0,1500,legacy_ops
opp_gen_0011504,send_reminder,2026-04-21T05:44:57.606449+00:00,1,95753,300,legacy_ops
opp_gen_0011507,send_payment_link,2026-04-21T01:53:03.010853+00:00,0,0,1500,legacy_ops
opp_gen_0011514,send_payment_link,2026-04-21T09:40:01.038638+00:00,1,940700,1500,legacy_ops
opp_gen_0011517,send_reminder,2026-04-21T18:48:55.188328+00:00,1,148489,300,legacy_ops
opp_gen_0011519,prompt_card_change,2026-04-21T11:17:34.033493+00:00,0,0,2000,legacy_ops
opp_gen_0011520,send_payment_link,2026-04-21T15:19:53.013900+00:00,0,0,1500,legacy_ops
opp_gen_0011527,send_payment_link,2026-04-21T12:13:19.659581+00:00,1,40565,1500,legacy_ops
opp_gen_0011534,send_payment_link,2026-04-21T06:33:10.291458+00:00,1,896662,1500,legacy_ops
opp_gen_0011535,wait_for_native_retry,2026-04-21T15:15:09.012054+00:00,1,175913,0,legacy_ops
opp_gen_0011536,send_reminder,2026-04-21T18:18:54.197159+00:00,1,151780,300,legacy_ops
opp_gen_0011543,send_payment_link,2026-04-21T13:39:39.822625+00:00,1,158410,1500,legacy_ops
opp_gen_0011545,send_payment_link,2026-04-21T17:48:24.797318+00:00,1,44095,1500,legacy_ops
opp_gen_0011549,send_reminder,2026-04-21T13:31:36.816702+00:00,1,126366,300,legacy_ops
opp_gen_0011550,send_payment_link,2026-04-21T20:04:38.735727+00:00,1,1034941,1500,legacy_ops
opp_gen_0011557,send_reminder,2026-04-21T07:59:11.528659+00:00,1,159522,300,legacy_ops
opp_gen_0011565,send_payment_link,2026-04-21T23:01:41.476970+00:00,0,0,1500,legacy_ops
opp_gen_0011571,send_payment_link,2026-04-21T21:15:34.457426+00:00,0,0,1500,legacy_ops
opp_gen_0011572,send_payment_link,2026-04-21T20:45:39.137769+00:00,1,478455,1500,legacy_ops
opp_gen_0011573,send_payment_link,2026-04-21T21:19:08.969311+00:00,0,0,1500,legacy_ops
opp_gen_0011585,send_reminder,2026-04-21T04:03:20.792017+00:00,1,344405,300,legacy_ops
opp_gen_0011588,send_payment_link,2026-04-21T16:50:08.696689+00:00,1,1167328,1500,legacy_ops
opp_gen_0011589,send_reminder,2026-04-22T00:18:53.898492+00:00,1,52704,300,legacy_ops
opp_gen_0011591,send_reminder,2026-04-22T06:29:38.740089+00:00,1,278946,300,legacy_ops
opp_gen_0011595,send_payment_link,2026-04-22T05:13:43.258216+00:00,1,1462197,1500,legacy_ops
opp_gen_0011597,prompt_card_change,2026-04-22T09:59:25.689304+00:00,0,0,2000,legacy_ops
opp_gen_0011600,send_payment_link,2026-04-22T04:47:54.045813+00:00,0,0,1500,legacy_ops
opp_gen_0011603,send_reminder,2026-04-22T07:01:06.317011+00:00,0,0,300,legacy_ops
opp_gen_0011625,send_reminder,2026-04-22T07:58:11.456165+00:00,0,0,300,legacy_ops
opp_gen_0011627,send_payment_link,2026-04-22T14:30:15.655942+00:00,1,56865,1500,legacy_ops
opp_gen_0011644,send_reminder,2026-04-22T13:38:07.470304+00:00,0,0,300,legacy_ops
opp_gen_0011645,send_payment_link,2026-04-22T16:06:29.011676+00:00,1,4280189,1500,legacy_ops
opp_gen_0011646,send_payment_link,2026-04-22T08:43:17.346701+00:00,0,0,1500,legacy_ops
opp_gen_0011664,send_payment_link,2026-04-22T21:48:41.949878+00:00,0,0,1500,legacy_ops
opp_gen_0011669,send_reminder,2026-04-22T10:12:51.010588+00:00,1,526590,300,legacy_ops
opp_gen_0011670,send_payment_link,2026-04-22T18:38:24.221501+00:00,1,180783,1500,legacy_ops
opp_gen_0011672,send_reminder,2026-04-22T01:59:54.843212+00:00,1,159356,300,legacy_ops
opp_gen_0011677,send_payment_link,2026-04-22T01:28:25.793561+00:00,1,509097,1500,legacy_ops
opp_gen_0011681,send_reminder,2026-04-22T02:40:52.081385+00:00,0,0,300,legacy_ops
opp_gen_0011682,wait_for_native_retry,2026-04-22T02:43:53.859328+00:00,1,600088,0,legacy_ops
opp_gen_0011690,send_payment_link,2026-04-22T22:11:51.615310+00:00,0,0,1500,legacy_ops
opp_gen_0011695,send_payment_link,2026-04-22T02:31:18.492606+00:00,1,850349,1500,legacy_ops
opp_gen_0011700,prompt_card_change,2026-04-23T01:21:21.417405+00:00,1,474676,2000,legacy_ops
opp_gen_0011710,send_reminder,2026-04-23T17:26:57.370606+00:00,0,0,300,legacy_ops
opp_gen_0011713,send_payment_link,2026-04-23T15:24:34.080293+00:00,1,546862,1500,legacy_ops
opp_gen_0011716,send_reminder,2026-04-23T17:26:29.029221+00:00,0,0,300,legacy_ops
opp_gen_0011719,send_payment_link,2026-04-23T13:21:10.290785+00:00,1,1088414,1500,legacy_ops
opp_gen_0011725,wait_for_native_retry,2026-04-23T20:45:30.286975+00:00,0,0,0,legacy_ops
opp_gen_0011728,send_payment_link,2026-04-23T14:26:29.830058+00:00,0,0,1500,legacy_ops
opp_gen_0011729,send_payment_link,2026-04-23T10:48:28.711069+00:00,1,61067,1500,legacy_ops
opp_gen_0011730,send_payment_link,2026-04-23T09:06:56.675968+00:00,0,0,1500,legacy_ops
opp_gen_0011732,wait_for_native_retry,2026-04-23T00:50:38.127074+00:00,1,1271267,0,legacy_ops
opp_gen_0011733,send_reminder,2026-04-23T23:00:18.781972+00:00,0,0,300,legacy_ops
opp_gen_0011734,send_payment_link,2026-04-23T19:12:32.881199+00:00,0,0,1500,legacy_ops
opp_gen_0011735,send_reminder,2026-04-23T20:00:10.468814+00:00,1,372109,300,legacy_ops
opp_gen_0011736,send_payment_link,2026-04-23T22:34:37.637190+00:00,1,185357,1500,legacy_ops
opp_gen_0011738,send_payment_link,2026-04-23T08:24:38.693659+00:00,1,373592,1500,legacy_ops
opp_gen_0011750,send_payment_link,2026-04-23T01:59:44.412951+00:00,1,569822,1500,legacy_ops
opp_gen_0011751,send_reminder,2026-04-23T06:18:11.030115+00:00,0,0,300,legacy_ops
opp_gen_0011752,send_payment_link,2026-04-23T08:26:19.919791+00:00,1,808402,1500,legacy_ops
opp_gen_0011753,send_payment_link,2026-04-23T13:50:52.127131+00:00,1,837767,1500,legacy_ops
opp_gen_0011759,send_reminder,2026-04-23T22:06:56.271575+00:00,1,159712,300,legacy_ops
opp_gen_0011760,send_payment_link,2026-04-23T02:21:11.850270+00:00,1,708386,1500,legacy_ops
opp_gen_0011763,send_reminder,2026-04-23T01:04:38.289345+00:00,0,0,300,legacy_ops
opp_gen_0011766,send_reminder,2026-04-23T06:48:46.974699+00:00,0,0,300,legacy_ops
opp_gen_0011771,send_payment_link,2026-04-23T13:57:23.435231+00:00,1,144250,1500,legacy_ops
opp_gen_0011775,send_payment_link,2026-04-23T10:05:52.881824+00:00,1,303456,1500,legacy_ops
opp_gen_0011776,send_payment_link,2026-04-23T02:37:43.169878+00:00,1,160078,1500,legacy_ops
opp_gen_0011777,send_reminder,2026-04-23T16:35:56.271590+00:00,1,111339,300,legacy_ops
opp_gen_0011779,wait_for_native_retry,2026-04-23T18:01:56.726510+00:00,0,0,0,legacy_ops
opp_gen_0011781,send_reminder,2026-04-23T03:11:53.699124+00:00,1,278708,300,legacy_ops
opp_gen_0011788,send_payment_link,2026-04-24T05:03:56.513499+00:00,1,753763,1500,legacy_ops
opp_gen_0011790,send_payment_link,2026-04-24T12:54:57.434595+00:00,1,291149,1500,legacy_ops
opp_gen_0011791,send_payment_link,2026-04-24T21:18:55.981229+00:00,1,456376,1500,legacy_ops
opp_gen_0011793,prompt_card_change,2026-04-24T16:28:08.665040+00:00,1,259413,2000,legacy_ops
opp_gen_0011796,send_payment_link,2026-04-24T14:30:51.646074+00:00,1,213284,1500,legacy_ops
opp_gen_0011800,send_payment_link,2026-04-25T00:12:19.978044+00:00,1,1137931,1500,legacy_ops
opp_gen_0011805,send_payment_link,2026-04-24T09:02:05.052926+00:00,1,1069153,1500,legacy_ops
opp_gen_0011811,send_reminder,2026-04-24T13:25:43.989630+00:00,1,214090,300,legacy_ops
opp_gen_0011812,send_reminder,2026-04-24T00:18:36.088644+00:00,1,95334,300,legacy_ops
opp_gen_0011815,send_payment_link,2026-04-24T20:19:37.723223+00:00,1,480753,1500,legacy_ops
opp_gen_0011816,send_reminder,2026-04-24T04:27:13.114389+00:00,0,0,300,legacy_ops
opp_gen_0011817,send_payment_link,2026-04-24T09:25:19.171048+00:00,1,2750281,1500,legacy_ops
opp_gen_0011822,send_reminder,2026-04-24T07:34:23.666638+00:00,1,153377,300,legacy_ops
opp_gen_0011824,prompt_card_change,2026-04-24T03:16:40.696560+00:00,1,238495,2000,legacy_ops
opp_gen_0011826,send_payment_link,2026-04-24T10:50:13.907970+00:00,0,0,1500,legacy_ops
opp_gen_0011834,wait_for_native_retry,2026-04-24T02:42:28.590888+00:00,0,0,0,legacy_ops
opp_gen_0011838,send_payment_link,2026-04-24T17:27:16.086360+00:00,1,65870,1500,legacy_ops
opp_gen_0011840,send_reminder,2026-04-24T17:59:21.506979+00:00,1,183795,300,legacy_ops
opp_gen_0011844,send_reminder,2026-04-24T12:28:48.155919+00:00,1,242488,300,legacy_ops
opp_gen_0011848,send_payment_link,2026-04-24T18:13:02.906476+00:00,1,2307672,1500,legacy_ops
opp_gen_0011849,wait_for_native_retry,2026-04-24T04:32:10.118566+00:00,0,0,0,legacy_ops
opp_gen_0011856,send_payment_link,2026-04-24T00:28:07.559706+00:00,1,901838,1500,legacy_ops
opp_gen_0011858,send_payment_link,2026-04-24T09:55:00.939620+00:00,1,204630,1500,legacy_ops
opp_gen_0011865,send_payment_link,2026-04-24T09:47:03.387427+00:00,0,0,1500,legacy_ops
opp_gen_0011877,send_payment_link,2026-04-24T09:59:15.287885+00:00,1,172569,1500,legacy_ops
opp_gen_0011879,send_payment_link,2026-04-24T02:35:03.749460+00:00,1,48783,1500,legacy_ops
opp_gen_0011880,send_reminder,2026-04-24T18:25:20.773837+00:00,1,411591,300,legacy_ops
opp_gen_0011881,send_payment_link,2026-04-24T00:50:40.609194+00:00,0,0,1500,legacy_ops
opp_gen_0011882,send_payment_link,2026-04-24T16:06:16.034115+00:00,1,43623,1500,legacy_ops
opp_gen_0011884,send_reminder,2026-04-24T10:56:42.792001+00:00,1,434816,300,legacy_ops
opp_gen_0011887,send_payment_link,2026-04-25T13:47:12.941521+00:00,1,642756,1500,legacy_ops
opp_gen_0011895,send_payment_link,2026-04-25T00:48:30.785486+00:00,1,579783,1500,legacy_ops
opp_gen_0011896,send_payment_link,2026-04-25T01:35:08.211844+00:00,0,0,1500,legacy_ops
opp_gen_0011899,prompt_card_change,2026-04-25T16:57:46.243834+00:00,0,0,2000,legacy_ops
opp_gen_0011900,send_reminder,2026-04-25T20:21:16.621902+00:00,1,310128,300,legacy_ops
opp_gen_0011906,send_payment_link,2026-04-25T13:15:41.504511+00:00,1,1453450,1500,legacy_ops
opp_gen_0011908,send_payment_link,2026-04-25T10:16:06.890484+00:00,1,944113,1500,legacy_ops
opp_gen_0011911,send_payment_link,2026-04-25T14:35:10.118335+00:00,0,0,1500,legacy_ops
opp_gen_0011912,send_reminder,2026-04-25T23:34:04.182353+00:00,0,0,300,legacy_ops
opp_gen_0011913,send_payment_link,2026-04-25T01:42:03.265157+00:00,1,1105522,1500,legacy_ops
opp_gen_0011914,prompt_card_change,2026-04-25T23:37:38.954416+00:00,0,0,2000,legacy_ops
opp_gen_0011915,send_payment_link,2026-04-25T11:31:51.140290+00:00,0,0,1500,legacy_ops
opp_gen_0011918,send_reminder,2026-04-25T09:07:18.983362+00:00,0,0,300,legacy_ops
opp_gen_0011919,send_payment_link,2026-04-25T10:36:03.626568+00:00,1,3991912,1500,legacy_ops
opp_gen_0011922,send_reminder,2026-04-25T22:03:55.196972+00:00,1,161067,300,legacy_ops
opp_gen_0011924,send_reminder,2026-04-25T00:08:16.440568+00:00,1,287936,300,legacy_ops
opp_gen_0011933,prompt_card_change,2026-04-25T12:46:20.623414+00:00,0,0,2000,legacy_ops
opp_gen_0011934,send_payment_link,2026-04-25T01:54:46.887145+00:00,1,2937802,1500,legacy_ops
opp_gen_0011937,send_payment_link,2026-04-25T21:44:33.329768+00:00,1,3903807,1500,legacy_ops
opp_gen_0011942,send_reminder,2026-04-25T17:31:31.304778+00:00,1,288213,300,legacy_ops
opp_gen_0011952,send_payment_link,2026-04-25T17:23:06.563111+00:00,1,207625,1500,legacy_ops
opp_gen_0011957,send_payment_link,2026-04-25T14:25:59.870232+00:00,0,0,1500,legacy_ops
opp_gen_0011958,send_reminder,2026-04-25T20:13:37.839311+00:00,1,288750,300,legacy_ops
opp_gen_0011965,send_reminder,2026-04-25T18:13:29.494640+00:00,1,156325,300,legacy_ops
opp_gen_0011970,send_reminder,2026-04-25T14:34:45.182436+00:00,1,178041,300,legacy_ops
opp_gen_0011972,send_payment_link,2026-04-25T19:54:15.776731+00:00,1,536244,1500,legacy_ops
opp_gen_0011973,send_payment_link,2026-04-25T15:22:16.153675+00:00,0,0,1500,legacy_ops
opp_gen_0011975,send_reminder,2026-04-25T08:44:14.269936+00:00,1,1127128,300,legacy_ops
opp_gen_0011976,wait_for_native_retry,2026-04-26T00:22:39.601321+00:00,1,242736,0,legacy_ops
opp_gen_0011980,send_payment_link,2026-04-26T15:02:40.457509+00:00,1,1663831,1500,legacy_ops
opp_gen_0011983,send_reminder,2026-04-26T16:27:12.008035+00:00,1,359256,300,legacy_ops
opp_gen_0011985,send_payment_link,2026-04-26T20:02:14.161874+00:00,1,3595311,1500,legacy_ops
opp_gen_0011991,prompt_card_change,2026-04-26T17:09:20.948156+00:00,1,164652,2000,legacy_ops
opp_gen_0011993,send_reminder,2026-04-26T12:47:54.589365+00:00,1,53382,300,legacy_ops
opp_gen_0011994,send_reminder,2026-04-26T18:31:52.978008+00:00,1,225688,300,legacy_ops
opp_gen_0011996,send_reminder,2026-04-26T15:28:51.929903+00:00,1,44680,300,legacy_ops
opp_gen_0012000,send_payment_link,2026-04-26T10:01:06.379038+00:00,1,133457,1500,legacy_ops
opp_gen_0012003,send_payment_link,2026-04-26T00:27:58.314622+00:00,0,0,1500,legacy_ops
opp_gen_0012008,send_payment_link,2026-04-26T03:32:02.470931+00:00,0,0,1500,legacy_ops
opp_gen_0012009,send_payment_link,2026-04-26T19:49:40.008456+00:00,1,522294,1500,legacy_ops
opp_gen_0012011,wait_for_native_retry,2026-04-26T09:11:22.357403+00:00,1,45720,0,legacy_ops
opp_gen_0012016,send_reminder,2026-04-26T17:10:11.662903+00:00,1,233774,300,legacy_ops
opp_gen_0012025,send_reminder,2026-04-26T12:41:16.242941+00:00,1,202639,300,legacy_ops
opp_gen_0012028,send_payment_link,2026-04-26T16:01:51.801106+00:00,0,0,1500,legacy_ops
opp_gen_0012029,send_payment_link,2026-04-26T10:26:32.118193+00:00,1,161101,1500,legacy_ops
opp_gen_0012041,send_payment_link,2026-04-26T06:47:05.393323+00:00,0,0,1500,legacy_ops
opp_gen_0012045,send_payment_link,2026-04-26T12:01:56.732971+00:00,1,1035964,1500,legacy_ops
opp_gen_0012047,send_payment_link,2026-04-26T18:43:59.601034+00:00,0,0,1500,legacy_ops
opp_gen_0012048,send_payment_link,2026-04-26T21:36:07.259183+00:00,0,0,1500,legacy_ops
opp_gen_0012053,send_payment_link,2026-04-26T14:11:00.762749+00:00,1,728439,1500,legacy_ops
opp_gen_0012054,send_reminder,2026-04-26T01:36:40.414786+00:00,1,42304,300,legacy_ops
opp_gen_0012058,send_reminder,2026-04-26T12:36:40.702036+00:00,1,307058,300,legacy_ops
opp_gen_0012059,send_reminder,2026-04-26T07:24:23.640008+00:00,1,84011,300,legacy_ops
opp_gen_0012067,send_payment_link,2026-04-26T05:55:55.364886+00:00,0,0,1500,legacy_ops
opp_gen_0012069,send_reminder,2026-04-26T21:38:26.473634+00:00,1,154671,300,legacy_ops
opp_gen_0012071,send_reminder,2026-04-26T07:36:11.037270+00:00,1,112790,300,legacy_ops
opp_gen_0012074,send_reminder,2026-04-26T18:39:53.046401+00:00,1,163852,300,legacy_ops
opp_gen_0012081,send_payment_link,2026-04-26T00:36:23.307840+00:00,0,0,1500,legacy_ops
opp_gen_0012082,send_payment_link,2026-04-26T21:14:27.828873+00:00,1,169293,1500,legacy_ops
opp_gen_0012083,send_reminder,2026-04-26T10:50:05.621497+00:00,1,58871,300,legacy_ops
opp_gen_0012088,send_payment_link,2026-04-27T17:11:57.063227+00:00,1,2936747,1500,legacy_ops
opp_gen_0012092,prompt_card_change,2026-04-27T17:06:12.858572+00:00,1,564805,2000,legacy_ops
opp_gen_0012098,send_reminder,2026-04-27T20:53:35.254797+00:00,1,98043,300,legacy_ops
opp_gen_0012102,send_payment_link,2026-04-27T19:37:17.922898+00:00,1,479499,1500,legacy_ops
opp_gen_0012106,send_payment_link,2026-04-27T00:52:37.051482+00:00,1,1172616,1500,legacy_ops
opp_gen_0012113,send_reminder,2026-04-27T01:31:49.547730+00:00,0,0,300,legacy_ops
opp_gen_0012115,send_reminder,2026-04-27T05:01:30.762447+00:00,1,339057,300,legacy_ops
opp_gen_0012118,send_reminder,2026-04-27T13:07:04.427106+00:00,1,212380,300,legacy_ops
opp_gen_0012128,send_reminder,2026-04-27T23:39:32.059388+00:00,0,0,300,legacy_ops
opp_gen_0012134,send_payment_link,2026-04-27T01:04:53.565633+00:00,0,0,1500,legacy_ops
opp_gen_0012136,send_reminder,2026-04-27T08:17:21.347531+00:00,1,226607,300,legacy_ops
opp_gen_0012143,send_payment_link,2026-04-27T13:01:02.747818+00:00,1,1070657,1500,legacy_ops
opp_gen_0012146,send_payment_link,2026-04-27T07:16:12.119905+00:00,0,0,1500,legacy_ops
opp_gen_0012149,send_payment_link,2026-04-27T09:48:53.987259+00:00,1,122265,1500,legacy_ops
opp_gen_0012156,send_payment_link,2026-04-27T00:48:09.451765+00:00,0,0,1500,legacy_ops
opp_gen_0012157,send_payment_link,2026-04-27T18:39:55.878522+00:00,0,0,1500,legacy_ops
opp_gen_0012158,send_payment_link,2026-04-27T10:41:28.195592+00:00,1,209389,1500,legacy_ops
opp_gen_0012170,send_payment_link,2026-04-27T19:24:57.506830+00:00,1,837379,1500,legacy_ops
opp_gen_0012172,send_reminder,2026-04-27T23:50:33.660669+00:00,1,48134,300,legacy_ops
opp_gen_0012173,send_reminder,2026-04-27T23:20:29.498515+00:00,1,159413,300,legacy_ops
opp_gen_0012178,send_reminder,2026-04-28T18:33:14.993806+00:00,1,169588,300,legacy_ops
opp_gen_0012185,send_payment_link,2026-04-28T07:17:07.726740+00:00,0,0,1500,legacy_ops
opp_gen_0012187,send_payment_link,2026-04-28T22:58:47.567570+00:00,0,0,1500,legacy_ops
opp_gen_0012188,send_payment_link,2026-04-28T23:03:14.788293+00:00,1,899403,1500,legacy_ops
opp_gen_0012196,send_reminder,2026-04-28T20:19:58.928607+00:00,1,148051,300,legacy_ops
opp_gen_0012202,send_payment_link,2026-04-28T04:01:45.888535+00:00,1,308657,1500,legacy_ops
opp_gen_0012204,send_payment_link,2026-04-28T03:50:19.401477+00:00,0,0,1500,legacy_ops
opp_gen_0012210,send_payment_link,2026-04-28T03:44:16.192520+00:00,0,0,1500,legacy_ops
opp_gen_0012223,send_payment_link,2026-04-28T18:10:19.549375+00:00,0,0,1500,legacy_ops
opp_gen_0012227,send_payment_link,2026-04-28T14:38:11.492320+00:00,1,927437,1500,legacy_ops
opp_gen_0012229,send_reminder,2026-04-28T15:17:21.111873+00:00,1,232771,300,legacy_ops
opp_gen_0012232,send_payment_link,2026-04-28T07:37:25.483621+00:00,1,3653521,1500,legacy_ops
opp_gen_0012233,send_payment_link,2026-04-28T13:57:59.091602+00:00,1,332190,1500,legacy_ops
opp_gen_0012234,prompt_card_change,2026-04-28T20:02:57.860934+00:00,1,72709,2000,legacy_ops
opp_gen_0012235,send_reminder,2026-04-28T04:38:23.235565+00:00,1,241089,300,legacy_ops
opp_gen_0012236,send_payment_link,2026-04-28T18:39:46.380189+00:00,1,820693,1500,legacy_ops
opp_gen_0012239,send_reminder,2026-04-28T01:04:02.581699+00:00,1,51720,300,legacy_ops
opp_gen_0012245,send_payment_link,2026-04-28T06:47:48.782851+00:00,0,0,1500,legacy_ops
opp_gen_0012247,send_payment_link,2026-04-28T16:36:36.324977+00:00,1,1176346,1500,legacy_ops
opp_gen_0012248,send_reminder,2026-04-28T06:49:56.154467+00:00,1,288030,300,legacy_ops
opp_gen_0012250,send_reminder,2026-04-28T09:43:26.064480+00:00,0,0,300,legacy_ops
opp_gen_0012251,send_reminder,2026-04-28T05:21:34.226972+00:00,0,0,300,legacy_ops
opp_gen_0012252,send_reminder,2026-04-28T09:18:04.398673+00:00,1,1457877,300,legacy_ops
opp_gen_0012254,send_payment_link,2026-04-28T21:07:33.056583+00:00,0,0,1500,legacy_ops
opp_gen_0012261,send_payment_link,2026-04-28T01:50:38.043605+00:00,0,0,1500,legacy_ops
opp_gen_0012262,send_payment_link,2026-04-28T14:08:42.536527+00:00,1,886505,1500,legacy_ops
opp_gen_0012263,send_reminder,2026-04-28T23:02:13.305074+00:00,1,232327,300,legacy_ops
opp_gen_0012268,send_payment_link,2026-04-28T13:28:02.847712+00:00,1,3720324,1500,legacy_ops
opp_gen_0012271,send_payment_link,2026-04-28T00:43:30.155304+00:00,1,485986,1500,legacy_ops
opp_gen_0012276,send_reminder,2026-04-28T13:24:53.562670+00:00,1,152524,300,legacy_ops
opp_gen_0012278,send_payment_link,2026-04-28T12:19:31.975277+00:00,0,0,1500,legacy_ops
opp_gen_0012284,send_payment_link,2026-04-29T07:30:15.602104+00:00,1,90162,1500,legacy_ops
opp_gen_0012288,send_reminder,2026-04-29T21:43:08.418228+00:00,0,0,300,legacy_ops
opp_gen_0012290,send_payment_link,2026-04-29T15:30:51.673860+00:00,1,976977,1500,legacy_ops
opp_gen_0012295,send_reminder,2026-04-29T11:22:04.185868+00:00,1,203879,300,legacy_ops
opp_gen_0012299,prompt_card_change,2026-04-29T09:04:45.239759+00:00,1,288904,2000,legacy_ops
opp_gen_0012305,prompt_card_change,2026-04-29T21:04:17.484622+00:00,1,51677,2000,legacy_ops
opp_gen_0012309,send_payment_link,2026-04-29T17:18:37.403654+00:00,1,1641008,1500,legacy_ops
opp_gen_0012318,send_reminder,2026-04-29T18:09:54.924978+00:00,1,146230,300,legacy_ops
opp_gen_0012322,send_reminder,2026-04-29T11:28:19.583068+00:00,1,1489188,300,legacy_ops
opp_gen_0012323,send_payment_link,2026-04-29T05:30:16.661979+00:00,1,236671,1500,legacy_ops
opp_gen_0012324,send_reminder,2026-04-29T07:18:17.131690+00:00,1,43359,300,legacy_ops
opp_gen_0012327,send_payment_link,2026-04-29T13:40:16.501589+00:00,1,833763,1500,legacy_ops
opp_gen_0012329,send_payment_link,2026-04-29T03:17:15.394605+00:00,1,768295,1500,legacy_ops
opp_gen_0012331,send_payment_link,2026-04-29T09:30:00.158320+00:00,0,0,1500,legacy_ops
opp_gen_0012332,send_reminder,2026-04-29T09:34:16.608269+00:00,1,216578,300,legacy_ops
opp_gen_0012342,send_payment_link,2026-04-29T23:16:40.875811+00:00,1,1402951,1500,legacy_ops
opp_gen_0012349,send_reminder,2026-04-29T16:48:12.607288+00:00,1,1831577,300,legacy_ops
opp_gen_0012353,send_reminder,2026-04-29T04:37:05.913960+00:00,0,0,300,legacy_ops
opp_gen_0012359,send_reminder,2026-04-29T10:45:44.375450+00:00,0,0,300,legacy_ops
opp_gen_0012360,send_payment_link,2026-04-29T08:16:42.339487+00:00,0,0,1500,legacy_ops
opp_gen_0012364,send_reminder,2026-04-29T22:35:51.302115+00:00,1,168488,300,legacy_ops
opp_gen_0012369,prompt_card_change,2026-04-29T15:52:35.889834+00:00,1,197634,2000,legacy_ops
opp_gen_0012379,wait_for_native_retry,2026-04-29T20:00:30.961071+00:00,0,0,0,legacy_ops
opp_gen_0012385,send_reminder,2026-04-29T12:08:25.267805+00:00,1,91922,300,legacy_ops
opp_gen_0012386,send_payment_link,2026-04-29T12:34:34.579728+00:00,1,2265393,1500,legacy_ops
opp_gen_0012396,send_payment_link,2026-04-30T17:56:10.774283+00:00,0,0,1500,legacy_ops
opp_gen_0012399,send_payment_link,2026-04-30T03:55:04.930052+00:00,0,0,1500,legacy_ops
opp_gen_0012405,prompt_card_change,2026-04-30T17:10:48.539941+00:00,1,79195,2000,legacy_ops
opp_gen_0012410,send_reminder,2026-04-30T22:50:38.237288+00:00,1,73489,300,legacy_ops
opp_gen_0012411,send_reminder,2026-04-30T17:46:36.903888+00:00,1,93536,300,legacy_ops
opp_gen_0012413,send_payment_link,2026-04-30T09:10:34.015377+00:00,0,0,1500,legacy_ops
opp_gen_0012419,send_payment_link,2026-04-30T00:40:28.893361+00:00,0,0,1500,legacy_ops
opp_gen_0012423,send_reminder,2026-04-30T16:31:04.294017+00:00,1,298034,300,legacy_ops
opp_gen_0012428,send_reminder,2026-04-30T18:27:58.414051+00:00,0,0,300,legacy_ops
opp_gen_0012429,send_payment_link,2026-04-30T21:49:41.029778+00:00,1,2491314,1500,legacy_ops
opp_gen_0012448,send_payment_link,2026-04-30T20:39:12.542378+00:00,1,183897,1500,legacy_ops
opp_gen_0012457,send_reminder,2026-04-30T05:00:14.216980+00:00,1,60323,300,legacy_ops
opp_gen_0012460,send_payment_link,2026-04-30T06:02:20.314199+00:00,1,83833,1500,legacy_ops
opp_gen_0012467,send_payment_link,2026-04-30T08:20:03.816910+00:00,0,0,1500,legacy_ops
opp_gen_0012474,send_payment_link,2026-04-30T01:39:54.581077+00:00,1,2540199,1500,legacy_ops
opp_gen_0012477,send_payment_link,2026-04-30T07:25:26.834665+00:00,1,3849168,1500,legacy_ops
opp_gen_0012483,send_payment_link,2026-05-01T21:12:45.268447+00:00,1,150704,1500,legacy_ops
opp_gen_0012485,send_payment_link,2026-05-01T08:30:01.176564+00:00,1,103212,1500,legacy_ops
opp_gen_0012487,send_reminder,2026-05-01T07:58:53.895736+00:00,0,0,300,legacy_ops
opp_gen_0012504,send_payment_link,2026-05-01T18:26:11.085042+00:00,1,131341,1500,legacy_ops
opp_gen_0012505,send_reminder,2026-05-01T22:48:24.685350+00:00,0,0,300,legacy_ops
opp_gen_0012506,send_reminder,2026-05-01T03:37:40.998075+00:00,0,0,300,legacy_ops
opp_gen_0012511,send_reminder,2026-05-01T12:06:00.675741+00:00,0,0,300,legacy_ops
opp_gen_0012517,send_reminder,2026-05-01T09:34:11.520803+00:00,1,37633,300,legacy_ops
opp_gen_0012523,send_reminder,2026-05-01T05:41:59.112675+00:00,1,46484,300,legacy_ops
opp_gen_0012524,send_payment_link,2026-05-01T20:39:18.197644+00:00,1,156119,1500,legacy_ops
opp_gen_0012544,send_reminder,2026-05-01T20:23:56.394705+00:00,1,205006,300,legacy_ops
opp_gen_0012552,send_payment_link,2026-05-01T10:48:06.240736+00:00,1,149952,1500,legacy_ops
opp_gen_0012554,wait_for_native_retry,2026-05-01T11:43:46.556122+00:00,1,258666,0,legacy_ops
opp_gen_0012557,send_reminder,2026-05-01T20:29:17.733955+00:00,0,0,300,legacy_ops
opp_gen_0012559,send_payment_link,2026-05-01T11:38:43.840760+00:00,0,0,1500,legacy_ops
opp_gen_0012561,send_payment_link,2026-05-01T10:33:17.886494+00:00,1,92736,1500,legacy_ops
opp_gen_0012565,wait_for_native_retry,2026-05-01T01:47:43.675261+00:00,1,1269938,0,legacy_ops
opp_gen_0012570,send_payment_link,2026-05-01T03:52:25.041356+00:00,0,0,1500,legacy_ops
opp_gen_0012571,send_payment_link,2026-05-01T17:17:27.210000+00:00,0,0,1500,legacy_ops
opp_gen_0012575,send_payment_link,2026-05-01T14:41:19.684666+00:00,1,2039136,1500,legacy_ops
opp_gen_0012578,send_reminder,2026-05-02T00:25:23.492988+00:00,0,0,300,legacy_ops
opp_gen_0012583,send_reminder,2026-05-02T11:46:05.194761+00:00,1,129611,300,legacy_ops
opp_gen_0012584,send_reminder,2026-05-02T21:21:26.932169+00:00,1,130656,300,legacy_ops
opp_gen_0012588,send_payment_link,2026-05-02T21:40:05.052717+00:00,1,102652,1500,legacy_ops
opp_gen_0012592,send_payment_link,2026-05-02T02:01:03.119407+00:00,1,3732586,1500,legacy_ops
opp_gen_0012598,send_payment_link,2026-05-02T14:32:02.265594+00:00,0,0,1500,legacy_ops
opp_gen_0012602,wait_for_native_retry,2026-05-02T20:13:41.523809+00:00,0,0,0,legacy_ops
opp_gen_0012607,send_payment_link,2026-05-02T11:29:29.146587+00:00,1,52619,1500,legacy_ops
opp_gen_0012612,send_payment_link,2026-05-02T07:42:08.871024+00:00,1,617957,1500,legacy_ops
opp_gen_0012619,send_reminder,2026-05-02T02:01:31.573846+00:00,0,0,300,legacy_ops
opp_gen_0012620,send_payment_link,2026-05-02T01:58:47.537141+00:00,0,0,1500,legacy_ops
opp_gen_0012627,send_payment_link,2026-05-02T09:43:01.318927+00:00,1,94299,1500,legacy_ops
opp_gen_0012632,send_reminder,2026-05-02T14:54:26.362443+00:00,1,81813,300,legacy_ops
opp_gen_0012634,send_payment_link,2026-05-02T22:01:16.051019+00:00,1,39101,1500,legacy_ops
opp_gen_0012636,send_reminder,2026-05-02T14:07:25.563501+00:00,0,0,300,legacy_ops
opp_gen_0012637,send_payment_link,2026-05-02T14:17:15.492629+00:00,1,819700,1500,legacy_ops
opp_gen_0012641,send_payment_link,2026-05-02T05:29:04.368980+00:00,0,0,1500,legacy_ops
opp_gen_0012642,send_payment_link,2026-05-02T11:23:02.639853+00:00,1,40739,1500,legacy_ops
opp_gen_0012644,send_payment_link,2026-05-02T15:00:26.833853+00:00,1,427192,1500,legacy_ops
opp_gen_0012646,send_reminder,2026-05-02T21:23:52.224979+00:00,0,0,300,legacy_ops
opp_gen_0012653,send_reminder,2026-05-02T11:58:38.188481+00:00,0,0,300,legacy_ops
opp_gen_0012655,send_reminder,2026-05-02T04:53:29.223923+00:00,0,0,300,legacy_ops
opp_gen_0012662,send_reminder,2026-05-02T18:17:03.543417+00:00,0,0,300,legacy_ops
opp_gen_0012664,send_payment_link,2026-05-03T00:05:21.314726+00:00,1,99864,1500,legacy_ops
opp_gen_0012666,send_payment_link,2026-05-02T01:19:59.514304+00:00,1,63838,1500,legacy_ops
opp_gen_0012667,send_payment_link,2026-05-02T08:15:48.986223+00:00,1,3395268,1500,legacy_ops
opp_gen_0012669,wait_for_native_retry,2026-05-02T04:01:30.827672+00:00,1,1041934,0,legacy_ops
opp_gen_0012670,send_payment_link,2026-05-02T22:37:35.904780+00:00,1,90760,1500,legacy_ops
opp_gen_0012673,send_reminder,2026-05-02T12:19:30.480138+00:00,1,88173,300,legacy_ops
opp_gen_0012676,send_reminder,2026-05-02T03:39:37.835468+00:00,0,0,300,legacy_ops
opp_gen_0012683,send_payment_link,2026-05-02T12:48:29.397167+00:00,1,163807,1500,legacy_ops
opp_gen_0012688,send_payment_link,2026-05-02T17:24:14.622081+00:00,1,1418487,1500,legacy_ops
opp_gen_0012689,send_payment_link,2026-05-02T02:41:39.283104+00:00,1,2474050,1500,legacy_ops
opp_gen_0012694,send_payment_link,2026-05-02T15:36:55.443737+00:00,1,73715,1500,legacy_ops
opp_gen_0012697,send_payment_link,2026-05-02T15:56:44.863527+00:00,1,62448,1500,legacy_ops
opp_gen_0012698,send_payment_link,2026-05-02T15:45:18.597919+00:00,1,141861,1500,legacy_ops
opp_gen_0012708,send_payment_link,2026-05-02T03:09:40.673896+00:00,1,2089447,1500,legacy_ops
opp_gen_0012714,send_reminder,2026-05-02T15:22:31.244644+00:00,1,181900,300,legacy_ops
opp_gen_0012715,send_reminder,2026-05-02T19:34:04.757432+00:00,1,197385,300,legacy_ops
opp_gen_0012717,send_reminder,2026-05-02T15:09:32.219276+00:00,0,0,300,legacy_ops
opp_gen_0012722,send_reminder,2026-05-02T14:46:58.470318+00:00,1,45207,300,legacy_ops
opp_gen_0012726,send_payment_link,2026-05-02T12:40:43.831036+00:00,1,165110,1500,legacy_ops
opp_gen_0012731,send_reminder,2026-05-02T20:07:15.741495+00:00,1,44706,300,legacy_ops
opp_gen_0012734,send_reminder,2026-05-02T14:19:18.445769+00:00,0,0,300,legacy_ops
opp_gen_0012736,send_payment_link,2026-05-02T22:33:45.643775+00:00,0,0,1500,legacy_ops
opp_gen_0012737,send_reminder,2026-05-02T03:37:33.744334+00:00,0,0,300,legacy_ops
opp_gen_0012738,send_payment_link,2026-05-02T05:39:43.229641+00:00,1,195938,1500,legacy_ops
opp_gen_0012747,prompt_card_change,2026-05-03T04:10:02.156294+00:00,0,0,2000,legacy_ops
opp_gen_0012748,send_payment_link,2026-05-03T21:07:12.434338+00:00,1,384084,1500,legacy_ops
opp_gen_0012749,send_reminder,2026-05-03T06:06:17.341398+00:00,0,0,300,legacy_ops
opp_gen_0012750,send_payment_link,2026-05-03T18:47:27.095488+00:00,1,2111614,1500,legacy_ops
opp_gen_0012751,wait_for_native_retry,2026-05-03T14:05:24.271932+00:00,0,0,0,legacy_ops
opp_gen_0012752,send_payment_link,2026-05-03T06:32:31.889294+00:00,0,0,1500,legacy_ops
opp_gen_0012756,send_payment_link,2026-05-03T04:58:57.352509+00:00,0,0,1500,legacy_ops
opp_gen_0012760,send_payment_link,2026-05-03T23:23:30.806050+00:00,1,113351,1500,legacy_ops
opp_gen_0012764,send_payment_link,2026-05-03T18:41:04.504079+00:00,0,0,1500,legacy_ops
opp_gen_0012768,send_payment_link,2026-05-03T22:22:43.043996+00:00,1,257541,1500,legacy_ops
opp_gen_0012771,send_reminder,2026-05-03T05:55:07.624645+00:00,1,221825,300,legacy_ops
opp_gen_0012774,send_payment_link,2026-05-03T17:42:56.440384+00:00,0,0,1500,legacy_ops
opp_gen_0012780,send_payment_link,2026-05-03T09:01:22.086847+00:00,1,35711,1500,legacy_ops
opp_gen_0012784,send_payment_link,2026-05-03T04:50:22.043830+00:00,0,0,1500,legacy_ops
opp_gen_0012785,send_payment_link,2026-05-03T00:46:49.085209+00:00,0,0,1500,legacy_ops
opp_gen_0012799,send_reminder,2026-05-03T04:50:29.198261+00:00,0,0,300,legacy_ops
opp_gen_0012801,send_payment_link,2026-05-03T15:23:11.548509+00:00,0,0,1500,legacy_ops
opp_gen_0012806,wait_for_native_retry,2026-05-03T10:00:14.754308+00:00,0,0,0,legacy_ops
opp_gen_0012819,send_reminder,2026-05-03T00:10:05.862381+00:00,0,0,300,legacy_ops
opp_gen_0012833,wait_for_native_retry,2026-05-03T16:19:23.568617+00:00,0,0,0,legacy_ops
opp_gen_0012836,send_payment_link,2026-05-03T07:01:12.929428+00:00,1,287592,1500,legacy_ops
opp_gen_0012840,send_reminder,2026-05-03T08:22:42.529953+00:00,1,215881,300,legacy_ops
opp_gen_0012841,send_payment_link,2026-05-03T01:07:26.253888+00:00,0,0,1500,legacy_ops
opp_gen_0012849,send_payment_link,2026-05-04T19:39:33.875477+00:00,0,0,1500,legacy_ops
opp_gen_0012850,send_payment_link,2026-05-04T08:27:36.299436+00:00,1,3987828,1500,legacy_ops
opp_gen_0012852,send_payment_link,2026-05-04T03:07:41.144342+00:00,0,0,1500,legacy_ops
opp_gen_0012858,send_payment_link,2026-05-04T13:21:17.919872+00:00,0,0,1500,legacy_ops
opp_gen_0012862,send_payment_link,2026-05-04T06:06:46.513551+00:00,1,695298,1500,legacy_ops
opp_gen_0012869,send_payment_link,2026-05-04T02:28:45.181175+00:00,0,0,1500,legacy_ops
opp_gen_0012871,prompt_card_change,2026-05-04T20:35:06.837216+00:00,1,2489406,2000,legacy_ops
opp_gen_0012872,send_payment_link,2026-05-04T13:34:14.834600+00:00,0,0,1500,legacy_ops
opp_gen_0012875,send_reminder,2026-05-04T08:28:10.930751+00:00,0,0,300,legacy_ops
opp_gen_0012878,send_reminder,2026-05-04T07:17:43.990410+00:00,1,94149,300,legacy_ops
opp_gen_0012879,send_payment_link,2026-05-04T13:59:32.598606+00:00,0,0,1500,legacy_ops
opp_gen_0012881,send_payment_link,2026-05-04T10:38:24.272876+00:00,0,0,1500,legacy_ops
opp_gen_0012882,send_payment_link,2026-05-04T16:46:43.816329+00:00,1,328633,1500,legacy_ops
opp_gen_0012886,send_payment_link,2026-05-04T04:19:49.057697+00:00,1,1860581,1500,legacy_ops
opp_gen_0012888,send_payment_link,2026-05-04T09:50:47.707466+00:00,1,399424,1500,legacy_ops
opp_gen_0012893,send_reminder,2026-05-04T03:58:06.472345+00:00,1,88386,300,legacy_ops
opp_gen_0012902,prompt_card_change,2026-05-04T11:48:45.255255+00:00,1,978937,2000,legacy_ops
opp_gen_0012905,send_payment_link,2026-05-04T11:26:18.414586+00:00,1,962333,1500,legacy_ops
opp_gen_0012908,send_payment_link,2026-05-04T21:57:50.496755+00:00,1,210569,1500,legacy_ops
opp_gen_0012910,send_reminder,2026-05-04T16:17:38.225097+00:00,0,0,300,legacy_ops
opp_gen_0012913,send_reminder,2026-05-04T02:06:38.507928+00:00,1,190947,300,legacy_ops
opp_gen_0012917,send_payment_link,2026-05-04T11:14:44.993978+00:00,1,1156225,1500,legacy_ops
opp_gen_0012919,send_payment_link,2026-05-04T21:38:49.361497+00:00,1,458141,1500,legacy_ops
opp_gen_0012932,send_payment_link,2026-05-04T08:26:00.676696+00:00,1,210206,1500,legacy_ops
opp_gen_0012934,send_reminder,2026-05-04T20:02:13.499948+00:00,1,289761,300,legacy_ops
opp_gen_0012937,send_payment_link,2026-05-05T16:50:37.101347+00:00,1,2972760,1500,legacy_ops
opp_gen_0012939,send_payment_link,2026-05-05T04:32:13.017438+00:00,1,1061974,1500,legacy_ops
opp_gen_0012941,send_reminder,2026-05-05T15:00:34.763004+00:00,1,50850,300,legacy_ops
opp_gen_0012943,send_payment_link,2026-05-05T22:46:10.710841+00:00,1,1173422,1500,legacy_ops
opp_gen_0012944,wait_for_native_retry,2026-05-05T03:09:42.965910+00:00,0,0,0,legacy_ops
opp_gen_0012946,send_payment_link,2026-05-05T09:21:51.547613+00:00,0,0,1500,legacy_ops
opp_gen_0012947,send_payment_link,2026-05-05T16:55:51.201166+00:00,1,1169544,1500,legacy_ops
opp_gen_0012949,prompt_card_change,2026-05-05T20:08:34.617532+00:00,1,2186225,2000,legacy_ops
opp_gen_0012950,send_payment_link,2026-05-05T15:46:27.572700+00:00,1,236200,1500,legacy_ops
opp_gen_0012951,send_payment_link,2026-05-05T07:34:32.231888+00:00,0,0,1500,legacy_ops
opp_gen_0012958,send_payment_link,2026-05-05T22:12:42.186319+00:00,1,609131,1500,legacy_ops
opp_gen_0012967,send_reminder,2026-05-05T16:07:31.209430+00:00,1,320178,300,legacy_ops
opp_gen_0012969,send_payment_link,2026-05-05T19:51:51.547702+00:00,0,0,1500,legacy_ops
opp_gen_0012970,send_reminder,2026-05-05T22:56:43.526717+00:00,1,484231,300,legacy_ops
opp_gen_0012978,send_reminder,2026-05-05T04:37:36.172507+00:00,1,83685,300,legacy_ops
opp_gen_0012984,wait_for_native_retry,2026-05-05T04:27:47.408788+00:00,0,0,0,legacy_ops
opp_gen_0012990,send_payment_link,2026-05-05T19:58:01.802199+00:00,0,0,1500,legacy_ops
opp_gen_0012994,wait_for_native_retry,2026-05-05T06:08:08.435995+00:00,1,2410816,0,legacy_ops
opp_gen_0012995,wait_for_native_retry,2026-05-05T10:23:15.270820+00:00,1,230229,0,legacy_ops
opp_gen_0012999,send_payment_link,2026-05-05T11:05:58.347169+00:00,1,80708,1500,legacy_ops
opp_gen_0013001,send_payment_link,2026-05-05T12:09:13.678057+00:00,1,480522,1500,legacy_ops
opp_gen_0013006,send_payment_link,2026-05-05T08:54:20.242729+00:00,0,0,1500,legacy_ops
opp_gen_0013009,send_payment_link,2026-05-05T14:11:21.660739+00:00,0,0,1500,legacy_ops
opp_gen_0013014,send_reminder,2026-05-05T21:00:58.188170+00:00,0,0,300,legacy_ops
opp_gen_0013015,send_reminder,2026-05-05T04:08:14.491732+00:00,0,0,300,legacy_ops
opp_gen_0013018,send_reminder,2026-05-05T14:14:36.215262+00:00,1,198558,300,legacy_ops
opp_gen_0013026,prompt_card_change,2026-05-05T00:45:34.233095+00:00,0,0,2000,legacy_ops
opp_gen_0013029,send_payment_link,2026-05-05T02:41:28.614965+00:00,1,1186521,1500,legacy_ops
opp_gen_0013036,prompt_card_change,2026-05-05T10:53:54.492539+00:00,0,0,2000,legacy_ops
opp_gen_0013040,send_reminder,2026-05-05T15:27:36.091570+00:00,0,0,300,legacy_ops
opp_gen_0013041,send_payment_link,2026-05-05T10:56:57.497302+00:00,1,3763236,1500,legacy_ops
opp_gen_0013042,send_reminder,2026-05-05T07:26:20.598213+00:00,1,193440,300,legacy_ops
opp_gen_0013043,send_payment_link,2026-05-05T02:04:00.210821+00:00,0,0,1500,legacy_ops
opp_gen_0013044,send_payment_link,2026-05-06T12:30:53.798232+00:00,1,1938684,1500,legacy_ops
opp_gen_0013045,send_payment_link,2026-05-06T17:51:18.893797+00:00,1,155710,1500,legacy_ops
opp_gen_0013046,send_reminder,2026-05-06T01:07:32.445714+00:00,0,0,300,legacy_ops
opp_gen_0013047,send_reminder,2026-05-06T21:54:22.101039+00:00,1,37169,300,legacy_ops
opp_gen_0013053,send_reminder,2026-05-06T18:09:44.935179+00:00,1,244971,300,legacy_ops
opp_gen_0013054,send_payment_link,2026-05-06T16:54:09.147331+00:00,1,991574,1500,legacy_ops
opp_gen_0013055,send_payment_link,2026-05-06T15:12:04.637144+00:00,1,935649,1500,legacy_ops
opp_gen_0013056,prompt_card_change,2026-05-06T20:57:47.426856+00:00,1,126127,2000,legacy_ops
opp_gen_0013079,send_reminder,2026-05-06T21:33:13.627055+00:00,1,39685,300,legacy_ops
opp_gen_0013081,send_payment_link,2026-05-06T21:11:38.412432+00:00,1,4390854,1500,legacy_ops
opp_gen_0013088,send_payment_link,2026-05-06T23:35:26.651242+00:00,1,39385,1500,legacy_ops
opp_gen_0013099,prompt_card_change,2026-05-06T13:35:32.651529+00:00,0,0,2000,legacy_ops
opp_gen_0013102,send_payment_link,2026-05-06T06:40:56.043309+00:00,1,534203,1500,legacy_ops
opp_gen_0013116,wait_for_native_retry,2026-05-06T02:40:50.881636+00:00,1,722645,0,legacy_ops
opp_gen_0013117,send_reminder,2026-05-06T06:46:58.505985+00:00,1,49420,300,legacy_ops
opp_gen_0013122,send_payment_link,2026-05-06T19:36:55.634651+00:00,0,0,1500,legacy_ops
opp_gen_0013123,send_payment_link,2026-05-06T08:21:58.446325+00:00,0,0,1500,legacy_ops
opp_gen_0013124,send_payment_link,2026-05-06T16:43:16.863896+00:00,1,1630671,1500,legacy_ops
opp_gen_0013129,send_reminder,2026-05-06T13:00:58.138092+00:00,1,135091,300,legacy_ops
opp_gen_0013135,send_payment_link,2026-05-06T19:59:18.592080+00:00,1,182237,1500,legacy_ops
opp_gen_0013136,send_payment_link,2026-05-06T13:27:19.026766+00:00,0,0,1500,legacy_ops
opp_gen_0013143,send_payment_link,2026-05-06T21:15:11.378147+00:00,1,880118,1500,legacy_ops
opp_gen_0013144,send_payment_link,2026-05-06T14:05:36.527354+00:00,1,622598,1500,legacy_ops
opp_gen_0013149,send_payment_link,2026-05-06T19:23:29.105008+00:00,1,201663,1500,legacy_ops
opp_gen_0013153,send_payment_link,2026-05-07T21:13:14.469087+00:00,1,249519,1500,legacy_ops
opp_gen_0013161,send_payment_link,2026-05-07T11:30:14.378720+00:00,1,236328,1500,legacy_ops
opp_gen_0013166,send_reminder,2026-05-07T17:42:40.385730+00:00,0,0,300,legacy_ops
opp_gen_0013167,send_payment_link,2026-05-07T00:19:27.493353+00:00,1,515546,1500,legacy_ops
opp_gen_0013180,send_payment_link,2026-05-07T21:45:33.499853+00:00,1,43387,1500,legacy_ops
opp_gen_0013181,send_payment_link,2026-05-07T17:48:43.244178+00:00,1,1237837,1500,legacy_ops
opp_gen_0013185,send_reminder,2026-05-07T06:04:30.471075+00:00,0,0,300,legacy_ops
opp_gen_0013191,send_reminder,2026-05-07T16:33:11.095610+00:00,1,174760,300,legacy_ops
opp_gen_0013192,send_payment_link,2026-05-07T18:21:16.594856+00:00,0,0,1500,legacy_ops
opp_gen_0013195,send_reminder,2026-05-07T19:29:40.854158+00:00,0,0,300,legacy_ops
opp_gen_0013196,send_reminder,2026-05-07T08:44:04.695752+00:00,1,109251,300,legacy_ops
opp_gen_0013200,send_reminder,2026-05-07T21:07:30.702740+00:00,0,0,300,legacy_ops
opp_gen_0013201,send_payment_link,2026-05-07T07:50:34.648834+00:00,1,586665,1500,legacy_ops
opp_gen_0013204,send_reminder,2026-05-07T05:22:17.752013+00:00,1,226404,300,legacy_ops
opp_gen_0013209,send_reminder,2026-05-08T00:14:26.006338+00:00,1,109276,300,legacy_ops
opp_gen_0013211,send_payment_link,2026-05-07T01:32:24.456969+00:00,0,0,1500,legacy_ops
opp_gen_0013217,send_payment_link,2026-05-07T19:20:10.109723+00:00,1,156517,1500,legacy_ops
opp_gen_0013218,send_payment_link,2026-05-07T12:48:23.979109+00:00,1,71949,1500,legacy_ops
opp_gen_0013227,prompt_card_change,2026-05-07T02:12:10.251334+00:00,0,0,2000,legacy_ops
opp_gen_0013234,send_payment_link,2026-05-07T03:41:36.768336+00:00,0,0,1500,legacy_ops
opp_gen_0013236,send_payment_link,2026-05-07T13:52:06.985295+00:00,0,0,1500,legacy_ops
opp_gen_0013248,send_reminder,2026-05-08T19:03:13.390308+00:00,1,266693,300,legacy_ops
opp_gen_0013249,send_reminder,2026-05-08T21:20:00.470869+00:00,1,118386,300,legacy_ops
opp_gen_0013255,send_payment_link,2026-05-08T15:54:09.484302+00:00,1,2261266,1500,legacy_ops
opp_gen_0013257,send_reminder,2026-05-08T12:56:03.987191+00:00,1,81887,300,legacy_ops
opp_gen_0013258,send_payment_link,2026-05-08T12:43:33.810063+00:00,1,325188,1500,legacy_ops
opp_gen_0013262,send_payment_link,2026-05-08T09:32:41.816911+00:00,0,0,1500,legacy_ops
opp_gen_0013263,send_payment_link,2026-05-08T10:25:40.864436+00:00,1,296287,1500,legacy_ops
opp_gen_0013266,send_payment_link,2026-05-08T06:52:43.282557+00:00,1,568595,1500,legacy_ops
opp_gen_0013283,send_payment_link,2026-05-08T16:07:00.980744+00:00,1,830122,1500,legacy_ops
opp_gen_0013285,send_payment_link,2026-05-08T03:17:58.656788+00:00,0,0,1500,legacy_ops
opp_gen_0013289,send_reminder,2026-05-08T08:56:49.711856+00:00,1,473186,300,legacy_ops
opp_gen_0013290,send_payment_link,2026-05-08T05:24:41.995026+00:00,1,1053455,1500,legacy_ops
opp_gen_0013294,send_payment_link,2026-05-08T07:19:48.635252+00:00,0,0,1500,legacy_ops
opp_gen_0013295,send_payment_link,2026-05-08T09:39:37.189846+00:00,0,0,1500,legacy_ops
opp_gen_0013302,send_payment_link,2026-05-08T10:56:36.747140+00:00,0,0,1500,legacy_ops
opp_gen_0013306,wait_for_native_retry,2026-05-08T01:10:37.095993+00:00,0,0,0,legacy_ops
opp_gen_0013308,wait_for_native_retry,2026-05-08T16:14:35.870809+00:00,1,491379,0,legacy_ops
opp_gen_0013310,send_payment_link,2026-05-08T19:19:24.643051+00:00,1,1193304,1500,legacy_ops
opp_gen_0013311,send_payment_link,2026-05-08T16:14:20.755801+00:00,1,2412733,1500,legacy_ops
opp_gen_0013316,prompt_card_change,2026-05-08T01:48:45.793974+00:00,1,1875992,2000,legacy_ops
opp_gen_0013319,send_payment_link,2026-05-08T01:17:44.527707+00:00,1,1101139,1500,legacy_ops
opp_gen_0013320,send_payment_link,2026-05-08T06:44:56.736499+00:00,0,0,1500,legacy_ops
opp_gen_0013322,send_payment_link,2026-05-08T13:20:47.244177+00:00,0,0,1500,legacy_ops
opp_gen_0013324,send_reminder,2026-05-08T00:45:15.894958+00:00,0,0,300,legacy_ops
opp_gen_0013325,send_payment_link,2026-05-08T01:12:22.608064+00:00,1,191679,1500,legacy_ops
opp_gen_0013332,send_reminder,2026-05-09T07:10:39.189011+00:00,0,0,300,legacy_ops
opp_gen_0013341,send_payment_link,2026-05-09T04:38:58.309614+00:00,1,859466,1500,legacy_ops
opp_gen_0013344,send_payment_link,2026-05-09T05:22:36.389357+00:00,0,0,1500,legacy_ops
opp_gen_0013351,wait_for_native_retry,2026-05-09T01:20:05.878658+00:00,1,811258,0,legacy_ops
opp_gen_0013359,send_reminder,2026-05-09T10:30:14.121292+00:00,1,92922,300,legacy_ops
opp_gen_0013367,prompt_card_change,2026-05-09T14:13:27.142307+00:00,1,711759,2000,legacy_ops
opp_gen_0013368,send_payment_link,2026-05-09T14:10:27.828087+00:00,1,2058343,1500,legacy_ops
opp_gen_0013371,send_reminder,2026-05-09T00:37:24.497078+00:00,1,148794,300,legacy_ops
opp_gen_0013374,send_payment_link,2026-05-09T06:21:13.275135+00:00,1,41908,1500,legacy_ops
opp_gen_0013377,send_payment_link,2026-05-09T19:10:40.113813+00:00,0,0,1500,legacy_ops
opp_gen_0013379,prompt_card_change,2026-05-09T12:57:54.551262+00:00,1,643972,2000,legacy_ops
opp_gen_0013381,wait_for_native_retry,2026-05-09T19:51:52.780192+00:00,0,0,0,legacy_ops
opp_gen_0013383,send_reminder,2026-05-09T03:22:06.503302+00:00,1,84677,300,legacy_ops
opp_gen_0013395,send_payment_link,2026-05-09T10:23:07.679489+00:00,0,0,1500,legacy_ops
opp_gen_0013399,send_payment_link,2026-05-09T07:21:15.788951+00:00,1,78563,1500,legacy_ops
opp_gen_0013410,send_reminder,2026-05-09T06:53:11.427191+00:00,1,251013,300,legacy_ops
opp_gen_0013412,send_payment_link,2026-05-09T03:03:01.341079+00:00,0,0,1500,legacy_ops
opp_gen_0013417,prompt_card_change,2026-05-09T16:02:22.586468+00:00,0,0,2000,legacy_ops
opp_gen_0013418,send_payment_link,2026-05-09T06:47:03.213574+00:00,0,0,1500,legacy_ops
opp_gen_0013425,send_reminder,2026-05-09T12:05:06.865425+00:00,1,35835,300,legacy_ops
opp_gen_0013426,send_reminder,2026-05-09T06:28:56.565814+00:00,0,0,300,legacy_ops
opp_gen_0013430,send_payment_link,2026-05-09T11:39:06.001520+00:00,1,703898,1500,legacy_ops
opp_gen_0013434,send_reminder,2026-05-10T21:12:39.898871+00:00,1,225459,300,legacy_ops
opp_gen_0013441,send_payment_link,2026-05-10T23:34:08.128834+00:00,1,1467814,1500,legacy_ops
opp_gen_0013458,send_reminder,2026-05-10T13:12:21.122372+00:00,0,0,300,legacy_ops
opp_gen_0013461,send_payment_link,2026-05-10T08:12:59.477522+00:00,1,660909,1500,legacy_ops
opp_gen_0013462,send_payment_link,2026-05-10T16:42:30.160546+00:00,0,0,1500,legacy_ops
opp_gen_0013465,send_reminder,2026-05-10T01:37:04.223370+00:00,0,0,300,legacy_ops
opp_gen_0013467,send_payment_link,2026-05-10T13:01:06.027565+00:00,1,76532,1500,legacy_ops
opp_gen_0013473,send_reminder,2026-05-10T21:56:05.318406+00:00,1,71444,300,legacy_ops
opp_gen_0013474,send_reminder,2026-05-10T04:29:26.812620+00:00,1,586190,300,legacy_ops
opp_gen_0013475,send_reminder,2026-05-10T16:23:27.519616+00:00,1,338647,300,legacy_ops
opp_gen_0013476,send_payment_link,2026-05-10T02:16:34.140799+00:00,0,0,1500,legacy_ops
opp_gen_0013477,send_reminder,2026-05-10T13:57:46.441169+00:00,1,169185,300,legacy_ops
opp_gen_0013478,send_reminder,2026-05-10T05:37:20.604831+00:00,0,0,300,legacy_ops
opp_gen_0013485,send_payment_link,2026-05-10T14:26:01.260527+00:00,0,0,1500,legacy_ops
opp_gen_0013495,send_payment_link,2026-05-10T14:48:37.909820+00:00,1,2884103,1500,legacy_ops
opp_gen_0013496,send_payment_link,2026-05-10T01:48:18.082269+00:00,1,1454952,1500,legacy_ops
opp_gen_0013497,send_reminder,2026-05-10T09:45:36.898073+00:00,0,0,300,legacy_ops
opp_gen_0013502,send_reminder,2026-05-10T20:33:13.282832+00:00,1,208004,300,legacy_ops
opp_gen_0013508,send_payment_link,2026-05-10T01:30:07.972956+00:00,1,944616,1500,legacy_ops
opp_gen_0013515,send_payment_link,2026-05-10T15:07:06.155180+00:00,1,40612,1500,legacy_ops
opp_gen_0013518,send_payment_link,2026-05-10T09:33:43.186089+00:00,1,1651464,1500,legacy_ops
opp_gen_0013523,send_payment_link,2026-05-10T16:01:02.003256+00:00,0,0,1500,legacy_ops
opp_gen_0013529,wait_for_native_retry,2026-05-10T18:36:10.081297+00:00,1,279455,0,legacy_ops
opp_gen_0013531,send_reminder,2026-05-11T17:14:15.729194+00:00,1,38629,300,legacy_ops
opp_gen_0013535,send_reminder,2026-05-11T13:30:45.314153+00:00,1,215345,300,legacy_ops
opp_gen_0013545,send_payment_link,2026-05-11T08:09:25.420146+00:00,1,790712,1500,legacy_ops
opp_gen_0013554,send_reminder,2026-05-11T06:12:34.896022+00:00,0,0,300,legacy_ops
opp_gen_0013555,send_reminder,2026-05-11T16:21:01.854978+00:00,1,250444,300,legacy_ops
opp_gen_0013557,send_payment_link,2026-05-11T03:20:24.746863+00:00,0,0,1500,legacy_ops
opp_gen_0013561,send_payment_link,2026-05-11T09:33:13.519813+00:00,1,191540,1500,legacy_ops
opp_gen_0013562,send_payment_link,2026-05-11T08:14:42.805072+00:00,1,1935734,1500,legacy_ops
opp_gen_0013570,send_reminder,2026-05-11T21:58:53.300536+00:00,0,0,300,legacy_ops
opp_gen_0013573,send_payment_link,2026-05-11T22:58:25.020995+00:00,1,71855,1500,legacy_ops
opp_gen_0013577,send_payment_link,2026-05-11T20:21:11.325968+00:00,1,374699,1500,legacy_ops
opp_gen_0013583,send_reminder,2026-05-11T14:59:05.344461+00:00,1,197635,300,legacy_ops
opp_gen_0013584,send_reminder,2026-05-11T16:09:57.037471+00:00,1,401293,300,legacy_ops
opp_gen_0013588,send_reminder,2026-05-11T18:42:03.587851+00:00,1,138313,300,legacy_ops
opp_gen_0013592,prompt_card_change,2026-05-11T21:54:48.156228+00:00,0,0,2000,legacy_ops
opp_gen_0013593,prompt_card_change,2026-05-11T14:43:09.019050+00:00,0,0,2000,legacy_ops
opp_gen_0013594,send_payment_link,2026-05-11T15:48:12.817084+00:00,1,397482,1500,legacy_ops
opp_gen_0013599,send_reminder,2026-05-11T12:03:27.147044+00:00,1,156959,300,legacy_ops
opp_gen_0013602,send_reminder,2026-05-11T11:35:52.072862+00:00,0,0,300,legacy_ops
opp_gen_0013604,wait_for_native_retry,2026-05-11T04:41:33.631540+00:00,0,0,0,legacy_ops
opp_gen_0013605,send_payment_link,2026-05-11T09:31:42.526299+00:00,1,211046,1500,legacy_ops
opp_gen_0013607,send_payment_link,2026-05-11T10:20:56.447265+00:00,1,416931,1500,legacy_ops
opp_gen_0013609,send_reminder,2026-05-11T10:21:56.048819+00:00,1,362951,300,legacy_ops
opp_gen_0013616,send_payment_link,2026-05-11T01:10:25.979219+00:00,1,879744,1500,legacy_ops
opp_gen_0013620,send_payment_link,2026-05-11T09:56:31.080284+00:00,0,0,1500,legacy_ops
opp_gen_0013626,send_reminder,2026-05-11T19:18:18.103167+00:00,0,0,300,legacy_ops
opp_gen_0013630,send_reminder,2026-05-11T11:52:56.814391+00:00,1,82597,300,legacy_ops
opp_gen_0013648,send_payment_link,2026-05-11T21:56:30.404050+00:00,1,405999,1500,legacy_ops
opp_gen_0013653,send_payment_link,2026-05-11T00:49:11.281641+00:00,1,1937534,1500,legacy_ops
opp_gen_0013656,wait_for_native_retry,2026-05-11T11:28:52.266279+00:00,1,249825,0,legacy_ops
opp_gen_0013663,send_payment_link,2026-05-11T21:00:37.974667+00:00,1,694550,1500,legacy_ops
opp_gen_0013664,send_reminder,2026-05-11T17:06:22.995275+00:00,0,0,300,legacy_ops
opp_gen_0013666,send_payment_link,2026-05-11T14:08:01.437737+00:00,0,0,1500,legacy_ops
opp_gen_0013667,send_payment_link,2026-05-12T00:29:13.291548+00:00,0,0,1500,legacy_ops
opp_gen_0013676,send_reminder,2026-05-11T08:30:44.561847+00:00,1,199960,300,legacy_ops
opp_gen_0013679,prompt_card_change,2026-05-11T06:43:09.676689+00:00,1,206974,2000,legacy_ops
opp_gen_0013685,send_reminder,2026-05-11T07:16:25.535010+00:00,1,65695,300,legacy_ops
opp_gen_0013691,send_reminder,2026-05-11T02:38:39.493963+00:00,1,60666,300,legacy_ops
opp_gen_0013694,send_payment_link,2026-05-11T07:16:19.561277+00:00,1,60525,1500,legacy_ops
opp_gen_0013695,send_payment_link,2026-05-11T08:37:43.626797+00:00,1,807495,1500,legacy_ops
opp_gen_0013698,send_payment_link,2026-05-11T09:38:36.676677+00:00,1,3153346,1500,legacy_ops
opp_gen_0013699,send_reminder,2026-05-11T22:52:13.218969+00:00,0,0,300,legacy_ops
opp_gen_0013701,send_reminder,2026-05-11T04:10:12.251406+00:00,0,0,300,legacy_ops
opp_gen_0013706,send_payment_link,2026-05-11T02:58:28.197473+00:00,0,0,1500,legacy_ops
opp_gen_0013713,send_reminder,2026-05-11T00:32:57.769789+00:00,1,228501,300,legacy_ops
opp_gen_0013716,send_payment_link,2026-05-12T12:46:44.633463+00:00,0,0,1500,legacy_ops
opp_gen_0013717,send_payment_link,2026-05-12T07:55:58.759802+00:00,1,125487,1500,legacy_ops
opp_gen_0013719,send_payment_link,2026-05-12T04:05:29.768085+00:00,0,0,1500,legacy_ops
opp_gen_0013722,send_reminder,2026-05-12T15:36:45.042189+00:00,0,0,300,legacy_ops
opp_gen_0013723,send_reminder,2026-05-12T18:24:05.935928+00:00,1,88222,300,legacy_ops
opp_gen_0013725,send_payment_link,2026-05-12T11:04:43.722692+00:00,1,284616,1500,legacy_ops
opp_gen_0013726,send_payment_link,2026-05-12T13:55:02.377386+00:00,1,427502,1500,legacy_ops
opp_gen_0013732,send_reminder,2026-05-12T22:52:49.685061+00:00,1,162108,300,legacy_ops
opp_gen_0013735,send_payment_link,2026-05-12T18:23:03.962348+00:00,0,0,1500,legacy_ops
opp_gen_0013736,send_payment_link,2026-05-12T10:55:51.957168+00:00,1,2408212,1500,legacy_ops
opp_gen_0013738,send_payment_link,2026-05-12T15:21:48.579582+00:00,0,0,1500,legacy_ops
opp_gen_0013743,send_reminder,2026-05-12T11:10:29.440955+00:00,1,367185,300,legacy_ops
opp_gen_0013744,send_reminder,2026-05-12T10:51:32.425750+00:00,1,97093,300,legacy_ops
opp_gen_0013745,prompt_card_change,2026-05-12T17:07:07.577490+00:00,0,0,2000,legacy_ops
opp_gen_0013748,send_reminder,2026-05-12T10:12:11.698942+00:00,1,62286,300,legacy_ops
opp_gen_0013756,send_reminder,2026-05-12T08:05:34.491546+00:00,1,87332,300,legacy_ops
opp_gen_0013758,send_payment_link,2026-05-12T05:52:42.244223+00:00,0,0,1500,legacy_ops
opp_gen_0013761,send_payment_link,2026-05-12T18:53:01.895173+00:00,0,0,1500,legacy_ops
opp_gen_0013762,send_payment_link,2026-05-12T06:01:04.977786+00:00,1,262957,1500,legacy_ops
opp_gen_0013772,send_payment_link,2026-05-12T20:59:01.874702+00:00,0,0,1500,legacy_ops
opp_gen_0013773,send_payment_link,2026-05-12T04:54:24.196483+00:00,1,439606,1500,legacy_ops
opp_gen_0013776,send_reminder,2026-05-12T01:27:49.220224+00:00,0,0,300,legacy_ops
opp_gen_0013782,send_payment_link,2026-05-12T07:08:49.566112+00:00,0,0,1500,legacy_ops
opp_gen_0013793,send_reminder,2026-05-12T15:31:43.884007+00:00,1,324926,300,legacy_ops
opp_gen_0013804,send_reminder,2026-05-12T01:53:19.353966+00:00,0,0,300,legacy_ops
opp_gen_0013811,send_reminder,2026-05-12T06:51:38.917747+00:00,1,217308,300,legacy_ops
opp_gen_0013812,send_payment_link,2026-05-12T05:31:20.637866+00:00,1,4032779,1500,legacy_ops
opp_gen_0013817,send_payment_link,2026-05-12T18:48:48.432335+00:00,1,4436740,1500,legacy_ops
opp_gen_0013821,send_payment_link,2026-05-12T20:17:23.974441+00:00,1,830100,1500,legacy_ops
opp_gen_0013824,send_payment_link,2026-05-12T22:29:32.886155+00:00,1,1585205,1500,legacy_ops
opp_gen_0013827,send_reminder,2026-05-12T11:52:48.840248+00:00,0,0,300,legacy_ops
opp_gen_0013828,send_payment_link,2026-05-12T17:45:34.822196+00:00,0,0,1500,legacy_ops
opp_gen_0013830,wait_for_native_retry,2026-05-12T10:36:37.628879+00:00,0,0,0,legacy_ops
opp_gen_0013836,send_payment_link,2026-05-13T00:20:36.048864+00:00,1,1028275,1500,legacy_ops
opp_gen_0013838,send_payment_link,2026-05-12T00:34:33.908886+00:00,0,0,1500,legacy_ops
opp_gen_0013840,wait_for_native_retry,2026-05-12T06:41:00.418667+00:00,0,0,0,legacy_ops
opp_gen_0013844,send_reminder,2026-05-12T23:52:53.218271+00:00,0,0,300,legacy_ops
opp_gen_0013846,send_payment_link,2026-05-12T08:58:54.243113+00:00,1,1335933,1500,legacy_ops
opp_gen_0013851,send_payment_link,2026-05-12T20:47:14.862814+00:00,1,422021,1500,legacy_ops
opp_gen_0013852,send_payment_link,2026-05-12T22:50:35.715322+00:00,1,3741098,1500,legacy_ops
opp_gen_0013853,send_payment_link,2026-05-12T14:55:34.772258+00:00,1,670614,1500,legacy_ops
opp_gen_0013854,send_payment_link,2026-05-12T06:50:31.421336+00:00,1,1647970,1500,legacy_ops
opp_gen_0013855,prompt_card_change,2026-05-12T11:21:42.005435+00:00,0,0,2000,legacy_ops
opp_gen_0013866,send_payment_link,2026-05-12T06:55:34.495404+00:00,1,137270,1500,legacy_ops
opp_gen_0013869,send_payment_link,2026-05-12T21:07:32.774718+00:00,1,175287,1500,legacy_ops
opp_gen_0013883,send_payment_link,2026-05-12T08:12:46.092145+00:00,1,813525,1500,legacy_ops
opp_gen_0013885,send_payment_link,2026-05-12T22:49:37.430608+00:00,1,429289,1500,legacy_ops
opp_gen_0013893,send_payment_link,2026-05-14T00:09:40.941117+00:00,1,1078759,1500,legacy_ops
opp_gen_0013904,send_payment_link,2026-05-13T03:22:25.064108+00:00,0,0,1500,legacy_ops
opp_gen_0013906,send_payment_link,2026-05-13T16:35:56.026740+00:00,1,3014798,1500,legacy_ops
opp_gen_0013908,send_payment_link,2026-05-13T15:50:55.091177+00:00,0,0,1500,legacy_ops
opp_gen_0013911,send_reminder,2026-05-13T05:45:05.383511+00:00,1,156525,300,legacy_ops
opp_gen_0013919,send_reminder,2026-05-13T08:28:09.652205+00:00,1,88377,300,legacy_ops
opp_gen_0013920,send_reminder,2026-05-13T12:26:36.340784+00:00,1,62151,300,legacy_ops
opp_gen_0013929,send_payment_link,2026-05-13T23:45:21.415538+00:00,0,0,1500,legacy_ops
opp_gen_0013933,send_payment_link,2026-05-13T11:48:35.673623+00:00,0,0,1500,legacy_ops
opp_gen_0013939,send_reminder,2026-05-13T23:11:44.124403+00:00,0,0,300,legacy_ops
opp_gen_0013940,send_payment_link,2026-05-13T14:22:51.261990+00:00,1,642898,1500,legacy_ops
opp_gen_0013947,wait_for_native_retry,2026-05-13T02:34:40.690611+00:00,0,0,0,legacy_ops
opp_gen_0013949,send_reminder,2026-05-13T21:19:26.083214+00:00,1,318733,300,legacy_ops
opp_gen_0013950,send_payment_link,2026-05-13T21:39:43.484627+00:00,0,0,1500,legacy_ops
opp_gen_0013954,send_reminder,2026-05-13T18:18:13.831853+00:00,1,43815,300,legacy_ops
opp_gen_0013964,send_payment_link,2026-05-13T20:42:29.780808+00:00,1,271878,1500,legacy_ops
opp_gen_0013965,send_payment_link,2026-05-13T19:37:58.845020+00:00,1,174522,1500,legacy_ops
opp_gen_0013967,send_reminder,2026-05-13T20:58:02.784650+00:00,0,0,300,legacy_ops
opp_gen_0013968,send_reminder,2026-05-13T16:27:10.605709+00:00,1,42819,300,legacy_ops
opp_gen_0013972,send_payment_link,2026-05-13T12:40:01.173744+00:00,0,0,1500,legacy_ops
opp_gen_0013974,send_reminder,2026-05-13T07:17:20.784917+00:00,1,125771,300,legacy_ops
opp_gen_0013979,wait_for_native_retry,2026-05-14T14:35:20.935606+00:00,1,261531,0,legacy_ops
opp_gen_0013980,send_payment_link,2026-05-14T10:47:17.049703+00:00,1,199840,1500,legacy_ops
opp_gen_0013987,send_reminder,2026-05-14T04:06:08.704084+00:00,0,0,300,legacy_ops
opp_gen_0013989,send_reminder,2026-05-14T02:17:16.778574+00:00,1,47499,300,legacy_ops
opp_gen_0013990,send_payment_link,2026-05-14T09:15:43.528240+00:00,1,62673,1500,legacy_ops
opp_gen_0013992,send_payment_link,2026-05-14T06:49:00.306106+00:00,1,1065309,1500,legacy_ops
opp_gen_0013994,send_reminder,2026-05-14T01:28:43.639521+00:00,0,0,300,legacy_ops
opp_gen_0014000,prompt_card_change,2026-05-14T20:28:37.880571+00:00,0,0,2000,legacy_ops
opp_gen_0014002,send_payment_link,2026-05-14T03:53:09.047557+00:00,1,1133390,1500,legacy_ops
opp_gen_0014003,send_reminder,2026-05-14T19:54:22.810434+00:00,0,0,300,legacy_ops
opp_gen_0014007,send_payment_link,2026-05-14T10:07:33.256129+00:00,0,0,1500,legacy_ops
opp_gen_0014009,send_payment_link,2026-05-14T20:43:13.517111+00:00,0,0,1500,legacy_ops
opp_gen_0014012,send_payment_link,2026-05-14T03:13:28.265882+00:00,0,0,1500,legacy_ops
opp_gen_0014013,send_payment_link,2026-05-14T06:08:58.052347+00:00,1,165645,1500,legacy_ops
opp_gen_0014014,send_reminder,2026-05-14T13:58:19.271456+00:00,1,400827,300,legacy_ops
opp_gen_0014016,send_payment_link,2026-05-15T00:32:02.630905+00:00,1,83650,1500,legacy_ops
opp_gen_0014023,send_reminder,2026-05-14T08:00:03.913411+00:00,1,257367,300,legacy_ops
opp_gen_0014042,send_payment_link,2026-05-14T14:49:12.416960+00:00,1,2893832,1500,legacy_ops
opp_gen_0014043,send_payment_link,2026-05-14T18:48:43.499466+00:00,1,557498,1500,legacy_ops
opp_gen_0014044,wait_for_native_retry,2026-05-15T00:29:11.228723+00:00,1,277524,0,legacy_ops
opp_gen_0014059,send_payment_link,2026-05-14T19:19:03.211249+00:00,1,110720,1500,legacy_ops
opp_gen_0014062,send_payment_link,2026-05-14T13:07:29.939734+00:00,1,996426,1500,legacy_ops
opp_gen_0014064,send_payment_link,2026-05-14T19:04:22.540833+00:00,1,1173660,1500,legacy_ops
opp_gen_0014069,send_payment_link,2026-05-15T00:10:36.359208+00:00,0,0,1500,legacy_ops
opp_gen_0014072,send_reminder,2026-05-14T21:06:59.897874+00:00,1,65542,300,legacy_ops
opp_gen_0014074,send_payment_link,2026-05-14T09:57:16.192089+00:00,1,481709,1500,legacy_ops
opp_gen_0014078,send_reminder,2026-05-14T21:02:40.871083+00:00,1,73310,300,legacy_ops
opp_gen_0014080,send_reminder,2026-05-14T18:43:07.729053+00:00,1,85797,300,legacy_ops
opp_gen_0014091,send_reminder,2026-05-15T20:04:56.570174+00:00,1,202647,300,legacy_ops
opp_gen_0014093,send_payment_link,2026-05-15T18:08:30.769079+00:00,0,0,1500,legacy_ops
opp_gen_0014104,send_payment_link,2026-05-15T23:15:38.693832+00:00,0,0,1500,legacy_ops
opp_gen_0014113,send_reminder,2026-05-15T20:56:07.202710+00:00,1,112478,300,legacy_ops
opp_gen_0014115,send_reminder,2026-05-15T12:45:35.703336+00:00,1,192815,300,legacy_ops
opp_gen_0014116,send_payment_link,2026-05-15T07:44:48.945317+00:00,1,143868,1500,legacy_ops
opp_gen_0014117,send_payment_link,2026-05-15T15:17:21.790103+00:00,1,1366318,1500,legacy_ops
opp_gen_0014123,send_payment_link,2026-05-15T11:25:55.656560+00:00,1,1640721,1500,legacy_ops
opp_gen_0014136,send_payment_link,2026-05-15T16:39:14.633037+00:00,0,0,1500,legacy_ops
opp_gen_0014137,send_payment_link,2026-05-15T06:40:57.673409+00:00,1,1311954,1500,legacy_ops
opp_gen_0014149,send_payment_link,2026-05-15T20:45:57.243183+00:00,1,85365,1500,legacy_ops
opp_gen_0014150,send_payment_link,2026-05-15T05:55:15.361453+00:00,0,0,1500,legacy_ops
opp_gen_0014151,send_reminder,2026-05-15T07:46:24.377229+00:00,1,42710,300,legacy_ops
opp_gen_0014155,send_payment_link,2026-05-15T11:50:20.928841+00:00,1,1263971,1500,legacy_ops
opp_gen_0014156,send_payment_link,2026-05-15T13:24:48.612388+00:00,0,0,1500,legacy_ops
opp_gen_0014157,send_payment_link,2026-05-15T04:31:02.294405+00:00,0,0,1500,legacy_ops
opp_gen_0014170,send_payment_link,2026-05-15T20:02:18.580151+00:00,1,182409,1500,legacy_ops
opp_gen_0014173,wait_for_native_retry,2026-05-15T23:40:09.603408+00:00,0,0,0,legacy_ops
opp_gen_0014176,prompt_card_change,2026-05-15T09:02:35.599778+00:00,0,0,2000,legacy_ops
opp_gen_0014181,wait_for_native_retry,2026-05-15T09:51:57.447339+00:00,1,582042,0,legacy_ops
opp_gen_0014184,send_reminder,2026-05-15T07:56:58.561313+00:00,1,406198,300,legacy_ops
opp_gen_0014187,send_payment_link,2026-05-15T03:16:57.744693+00:00,1,737759,1500,legacy_ops
opp_gen_0014188,send_payment_link,2026-05-15T12:06:40.375243+00:00,1,1179673,1500,legacy_ops
opp_gen_0014189,send_payment_link,2026-05-15T21:37:46.698646+00:00,1,249531,1500,legacy_ops
opp_gen_0014195,prompt_card_change,2026-05-15T08:15:57.745156+00:00,1,982290,2000,legacy_ops
opp_gen_0014200,send_reminder,2026-05-15T16:25:37.382813+00:00,1,94046,300,legacy_ops
opp_gen_0014202,send_reminder,2026-05-15T10:10:42.231591+00:00,1,176384,300,legacy_ops
opp_gen_0014215,send_reminder,2026-05-16T10:36:31.968991+00:00,1,199858,300,legacy_ops
opp_gen_0014217,send_payment_link,2026-05-16T23:08:05.540789+00:00,1,90862,1500,legacy_ops
opp_gen_0014222,send_payment_link,2026-05-16T03:53:49.841972+00:00,1,178854,1500,legacy_ops
opp_gen_0014226,send_reminder,2026-05-16T07:50:59.758211+00:00,1,63545,300,legacy_ops
opp_gen_0014235,send_payment_link,2026-05-16T17:57:37.333300+00:00,0,0,1500,legacy_ops
opp_gen_0014238,send_reminder,2026-05-16T17:24:50.425729+00:00,1,120963,300,legacy_ops
opp_gen_0014240,send_reminder,2026-05-16T02:05:57.239640+00:00,0,0,300,legacy_ops
opp_gen_0014241,send_reminder,2026-05-16T11:59:58.507925+00:00,0,0,300,legacy_ops
opp_gen_0014243,prompt_card_change,2026-05-16T19:25:12.949280+00:00,1,871541,2000,legacy_ops
opp_gen_0014244,send_payment_link,2026-05-16T21:12:40.364092+00:00,0,0,1500,legacy_ops
opp_gen_0014253,send_payment_link,2026-05-16T02:39:39.735844+00:00,1,173254,1500,legacy_ops
opp_gen_0014255,send_payment_link,2026-05-16T12:08:41.081260+00:00,1,38526,1500,legacy_ops
opp_gen_0014257,send_reminder,2026-05-16T01:31:19.211933+00:00,1,118541,300,legacy_ops
opp_gen_0014265,send_reminder,2026-05-16T21:30:27.725135+00:00,1,197154,300,legacy_ops
opp_gen_0014267,send_payment_link,2026-05-16T09:02:05.269493+00:00,0,0,1500,legacy_ops
opp_gen_0014268,send_payment_link,2026-05-16T11:18:06.523873+00:00,1,957554,1500,legacy_ops
opp_gen_0014269,send_payment_link,2026-05-16T17:19:10.990706+00:00,1,874841,1500,legacy_ops
opp_gen_0014270,send_reminder,2026-05-16T21:22:18.366876+00:00,0,0,300,legacy_ops
opp_gen_0014272,send_payment_link,2026-05-16T23:05:43.898477+00:00,0,0,1500,legacy_ops
opp_gen_0014274,send_reminder,2026-05-16T13:38:54.082129+00:00,1,3142167,300,legacy_ops
opp_gen_0014275,send_payment_link,2026-05-16T15:28:47.741683+00:00,1,3485598,1500,legacy_ops
opp_gen_0014277,send_reminder,2026-05-16T14:54:57.028185+00:00,1,133165,300,legacy_ops
opp_gen_0014279,send_payment_link,2026-05-16T04:44:49.070542+00:00,0,0,1500,legacy_ops
opp_gen_0014287,send_reminder,2026-05-16T22:51:22.222648+00:00,1,146564,300,legacy_ops
opp_gen_0014288,send_payment_link,2026-05-16T15:06:16.373976+00:00,0,0,1500,legacy_ops
opp_gen_0014290,send_payment_link,2026-05-16T06:30:45.514708+00:00,1,274034,1500,legacy_ops
opp_gen_0014291,send_payment_link,2026-05-16T21:09:25.554214+00:00,1,711788,1500,legacy_ops
opp_gen_0014303,wait_for_native_retry,2026-05-16T11:52:07.385518+00:00,1,1076510,0,legacy_ops
opp_gen_0014305,send_payment_link,2026-05-16T15:29:50.805696+00:00,1,3017050,1500,legacy_ops
opp_gen_0014307,send_payment_link,2026-05-17T00:02:55.988327+00:00,1,252665,1500,legacy_ops
opp_gen_0014308,send_reminder,2026-05-16T05:41:47.350830+00:00,0,0,300,legacy_ops
opp_gen_0014309,send_payment_link,2026-05-16T05:45:16.124246+00:00,1,1942156,1500,legacy_ops
opp_gen_0014315,send_payment_link,2026-05-16T10:53:48.918209+00:00,0,0,1500,legacy_ops
opp_gen_0014322,send_payment_link,2026-05-17T08:34:48.527056+00:00,0,0,1500,legacy_ops
opp_gen_0014324,send_reminder,2026-05-17T16:43:08.976530+00:00,1,42995,300,legacy_ops
opp_gen_0014327,send_reminder,2026-05-17T01:38:35.794997+00:00,1,291846,300,legacy_ops
opp_gen_0014331,send_reminder,2026-05-17T12:07:41.229587+00:00,1,170509,300,legacy_ops
opp_gen_0014332,send_payment_link,2026-05-17T07:56:36.856658+00:00,1,428395,1500,legacy_ops
opp_gen_0014333,send_payment_link,2026-05-17T04:53:50.257311+00:00,1,60568,1500,legacy_ops
opp_gen_0014336,send_payment_link,2026-05-17T11:13:23.461629+00:00,1,909813,1500,legacy_ops
opp_gen_0014340,send_reminder,2026-05-17T21:24:17.570633+00:00,1,97793,300,legacy_ops
opp_gen_0014344,send_reminder,2026-05-17T10:01:25.284022+00:00,1,1660393,300,legacy_ops
opp_gen_0014345,send_payment_link,2026-05-17T16:56:49.993502+00:00,0,0,1500,legacy_ops
opp_gen_0014348,send_payment_link,2026-05-17T09:03:11.036958+00:00,1,448682,1500,legacy_ops
opp_gen_0014352,send_payment_link,2026-05-17T21:22:45.977651+00:00,0,0,1500,legacy_ops
opp_gen_0014354,send_payment_link,2026-05-17T03:41:42.998053+00:00,1,1359522,1500,legacy_ops
opp_gen_0014359,send_payment_link,2026-05-18T00:05:34.774222+00:00,1,548602,1500,legacy_ops
opp_gen_0014363,send_payment_link,2026-05-17T09:59:19.618739+00:00,0,0,1500,legacy_ops
opp_gen_0014367,send_reminder,2026-05-17T06:13:07.475601+00:00,1,93732,300,legacy_ops
opp_gen_0014373,send_reminder,2026-05-17T04:20:20.397279+00:00,0,0,300,legacy_ops
opp_gen_0014374,send_payment_link,2026-05-17T11:26:20.119136+00:00,1,135489,1500,legacy_ops
opp_gen_0014382,send_payment_link,2026-05-17T23:56:17.983300+00:00,0,0,1500,legacy_ops
opp_gen_0014385,send_payment_link,2026-05-17T07:34:45.719425+00:00,0,0,1500,legacy_ops
opp_gen_0014389,send_payment_link,2026-05-17T16:44:41.835185+00:00,1,755574,1500,legacy_ops
opp_gen_0014396,send_payment_link,2026-05-17T13:05:46.101089+00:00,1,189239,1500,legacy_ops
opp_gen_0014401,send_reminder,2026-05-17T10:11:09.756267+00:00,1,67414,300,legacy_ops
opp_gen_0014410,prompt_card_change,2026-05-18T22:50:00.146041+00:00,1,907940,2000,legacy_ops
opp_gen_0014411,send_payment_link,2026-05-18T11:09:52.562389+00:00,1,572910,1500,legacy_ops
opp_gen_0014416,prompt_card_change,2026-05-18T08:59:51.242157+00:00,1,179386,2000,legacy_ops
opp_gen_0014418,send_payment_link,2026-05-18T17:42:21.385288+00:00,0,0,1500,legacy_ops
opp_gen_0014421,send_payment_link,2026-05-18T02:32:17.005559+00:00,1,939809,1500,legacy_ops
opp_gen_0014423,send_payment_link,2026-05-18T12:16:51.152147+00:00,1,559092,1500,legacy_ops
opp_gen_0014424,send_payment_link,2026-05-18T08:54:28.633909+00:00,0,0,1500,legacy_ops
opp_gen_0014427,send_payment_link,2026-05-18T17:56:07.090132+00:00,1,172893,1500,legacy_ops
opp_gen_0014431,wait_for_native_retry,2026-05-18T21:48:17.547829+00:00,0,0,0,legacy_ops
opp_gen_0014433,send_payment_link,2026-05-18T17:29:23.945210+00:00,1,95121,1500,legacy_ops
opp_gen_0014446,send_reminder,2026-05-18T23:33:28.681726+00:00,0,0,300,legacy_ops
opp_gen_0014449,send_reminder,2026-05-18T15:24:08.472698+00:00,1,263976,300,legacy_ops
opp_gen_0014451,send_reminder,2026-05-18T05:26:01.177082+00:00,0,0,300,legacy_ops
opp_gen_0014452,send_reminder,2026-05-18T04:07:24.166417+00:00,1,483451,300,legacy_ops
opp_gen_0014454,send_reminder,2026-05-18T03:42:41.740852+00:00,1,83877,300,legacy_ops
opp_gen_0014455,send_reminder,2026-05-18T06:12:21.354718+00:00,1,270473,300,legacy_ops
opp_gen_0014459,prompt_card_change,2026-05-18T05:40:23.547145+00:00,1,41558,2000,legacy_ops
opp_gen_0014460,send_payment_link,2026-05-18T04:04:31.388235+00:00,1,998531,1500,legacy_ops
opp_gen_0014465,send_reminder,2026-05-18T15:24:24.838489+00:00,0,0,300,legacy_ops
opp_gen_0014468,send_reminder,2026-05-18T06:52:13.925719+00:00,0,0,300,legacy_ops
opp_gen_0014469,send_payment_link,2026-05-18T09:10:27.023291+00:00,0,0,1500,legacy_ops
opp_gen_0014471,send_reminder,2026-05-18T05:07:04.108046+00:00,1,150795,300,legacy_ops
opp_gen_0014479,send_reminder,2026-05-18T02:31:42.383700+00:00,0,0,300,legacy_ops
opp_gen_0014482,send_payment_link,2026-05-18T23:00:55.068475+00:00,1,726601,1500,legacy_ops
opp_gen_0014483,send_payment_link,2026-05-18T22:34:17.208064+00:00,1,1135665,1500,legacy_ops
opp_gen_0014489,send_reminder,2026-05-18T06:03:21.469350+00:00,1,146254,300,legacy_ops
opp_gen_0014497,send_payment_link,2026-05-18T13:39:21.776659+00:00,1,611629,1500,legacy_ops
opp_gen_0014502,send_reminder,2026-05-18T13:20:18.521446+00:00,1,156819,300,legacy_ops
opp_gen_0014503,send_payment_link,2026-05-18T13:04:56.951801+00:00,0,0,1500,legacy_ops
opp_gen_0014510,send_reminder,2026-05-18T22:51:48.084478+00:00,0,0,300,legacy_ops
opp_gen_0014513,send_payment_link,2026-05-18T13:49:50.639606+00:00,0,0,1500,legacy_ops
opp_gen_0014514,send_payment_link,2026-05-18T06:52:04.518401+00:00,0,0,1500,legacy_ops
opp_gen_0014520,send_payment_link,2026-05-18T01:41:50.472922+00:00,0,0,1500,legacy_ops
opp_gen_0014521,send_reminder,2026-05-18T16:30:04.728850+00:00,1,169744,300,legacy_ops
opp_gen_0014524,send_payment_link,2026-05-18T18:24:49.719928+00:00,0,0,1500,legacy_ops
opp_gen_0014527,wait_for_native_retry,2026-05-18T19:26:50.305394+00:00,0,0,0,legacy_ops
opp_gen_0014528,send_payment_link,2026-05-18T05:03:48.067091+00:00,0,0,1500,legacy_ops
opp_gen_0014535,send_payment_link,2026-05-19T07:07:37.525136+00:00,1,622832,1500,legacy_ops
opp_gen_0014536,send_reminder,2026-05-19T19:01:17.703144+00:00,1,56123,300,legacy_ops
opp_gen_0014540,send_reminder,2026-05-19T18:26:24.254517+00:00,0,0,300,legacy_ops
opp_gen_0014541,send_payment_link,2026-05-19T10:55:46.253546+00:00,0,0,1500,legacy_ops
opp_gen_0014544,send_payment_link,2026-05-19T12:59:29.183561+00:00,1,3564141,1500,legacy_ops
opp_gen_0014550,send_reminder,2026-05-19T17:26:20.552784+00:00,1,278757,300,legacy_ops
opp_gen_0014553,send_reminder,2026-05-19T03:11:31.942680+00:00,0,0,300,legacy_ops
opp_gen_0014554,send_reminder,2026-05-19T11:34:10.443945+00:00,1,458928,300,legacy_ops
opp_gen_0014555,wait_for_native_retry,2026-05-19T12:45:59.064021+00:00,0,0,0,legacy_ops
opp_gen_0014556,send_payment_link,2026-05-19T15:52:46.640009+00:00,1,269600,1500,legacy_ops
opp_gen_0014557,send_payment_link,2026-05-19T19:42:44.366088+00:00,0,0,1500,legacy_ops
opp_gen_0014561,wait_for_native_retry,2026-05-19T05:12:58.364446+00:00,1,3632380,0,legacy_ops
opp_gen_0014563,send_payment_link,2026-05-19T04:00:34.602442+00:00,1,144215,1500,legacy_ops
opp_gen_0014572,send_reminder,2026-05-19T15:36:33.341521+00:00,0,0,300,legacy_ops
opp_gen_0014573,send_payment_link,2026-05-19T18:11:04.860095+00:00,0,0,1500,legacy_ops
opp_gen_0014574,send_payment_link,2026-05-19T15:02:31.171385+00:00,1,108270,1500,legacy_ops
opp_gen_0014577,send_payment_link,2026-05-19T02:01:30.008888+00:00,1,861842,1500,legacy_ops
opp_gen_0014580,send_payment_link,2026-05-19T06:54:39.008505+00:00,1,450774,1500,legacy_ops
opp_gen_0014581,send_reminder,2026-05-19T14:34:35.173263+00:00,1,54261,300,legacy_ops
opp_gen_0014586,send_reminder,2026-05-19T09:31:34.250249+00:00,1,310830,300,legacy_ops
opp_gen_0014590,send_payment_link,2026-05-19T16:07:45.011385+00:00,0,0,1500,legacy_ops
opp_gen_0014596,send_reminder,2026-05-19T14:16:08.367496+00:00,1,125273,300,legacy_ops
opp_gen_0014601,send_payment_link,2026-05-19T13:47:43.686856+00:00,1,1046886,1500,legacy_ops
opp_gen_0014605,send_payment_link,2026-05-19T10:50:28.075271+00:00,0,0,1500,legacy_ops
opp_gen_0014607,send_payment_link,2026-05-19T03:38:03.389205+00:00,1,39502,1500,legacy_ops
opp_gen_0014611,send_payment_link,2026-05-19T08:45:00.595288+00:00,1,312969,1500,legacy_ops
opp_gen_0014613,send_payment_link,2026-05-19T06:18:52.385895+00:00,0,0,1500,legacy_ops
opp_gen_0014615,send_payment_link,2026-05-19T06:50:58.423318+00:00,0,0,1500,legacy_ops
opp_gen_0014622,send_payment_link,2026-05-20T16:59:48.315537+00:00,1,4373692,1500,legacy_ops
opp_gen_0014629,send_reminder,2026-05-20T20:08:22.729217+00:00,0,0,300,legacy_ops
opp_gen_0014632,send_payment_link,2026-05-20T13:56:53.565675+00:00,0,0,1500,legacy_ops
opp_gen_0014633,send_reminder,2026-05-20T06:55:47.251088+00:00,1,126785,300,legacy_ops
opp_gen_0014635,send_payment_link,2026-05-20T07:47:25.564009+00:00,0,0,1500,legacy_ops
opp_gen_0014650,send_payment_link,2026-05-20T20:06:50.697774+00:00,1,543918,1500,legacy_ops
opp_gen_0014651,send_payment_link,2026-05-20T01:36:26.951906+00:00,1,1189738,1500,legacy_ops
opp_gen_0014654,send_payment_link,2026-05-20T00:50:57.012014+00:00,1,672973,1500,legacy_ops
opp_gen_0014661,send_reminder,2026-05-20T15:49:22.317407+00:00,0,0,300,legacy_ops
opp_gen_0014666,send_reminder,2026-05-20T07:23:57.052143+00:00,1,81896,300,legacy_ops
opp_gen_0014670,send_payment_link,2026-05-20T21:47:42.884385+00:00,0,0,1500,legacy_ops
opp_gen_0014671,send_payment_link,2026-05-20T17:25:35.306583+00:00,1,3832848,1500,legacy_ops
opp_gen_0014678,send_reminder,2026-05-20T07:10:36.654163+00:00,1,50125,300,legacy_ops
opp_gen_0014679,send_payment_link,2026-05-20T09:38:42.672596+00:00,0,0,1500,legacy_ops
opp_gen_0014680,send_reminder,2026-05-20T03:12:20.618154+00:00,1,118832,300,legacy_ops
opp_gen_0014681,send_reminder,2026-05-20T10:13:36.166043+00:00,1,107783,300,legacy_ops
opp_gen_0014687,send_reminder,2026-05-20T12:42:22.121231+00:00,0,0,300,legacy_ops
opp_gen_0014692,send_payment_link,2026-05-20T04:10:21.735951+00:00,0,0,1500,legacy_ops
opp_gen_0014696,send_reminder,2026-05-20T21:24:36.277367+00:00,1,49686,300,legacy_ops
opp_gen_0014697,send_payment_link,2026-05-20T15:21:39.926621+00:00,0,0,1500,legacy_ops
opp_gen_0014701,send_payment_link,2026-05-20T19:21:11.480462+00:00,1,2047079,1500,legacy_ops
opp_gen_0014706,send_payment_link,2026-05-20T09:08:01.504200+00:00,1,1559809,1500,legacy_ops
opp_gen_0014708,send_reminder,2026-05-20T06:43:45.209337+00:00,0,0,300,legacy_ops
opp_gen_0014712,send_payment_link,2026-05-20T00:37:17.698715+00:00,1,683064,1500,legacy_ops
opp_gen_0014715,send_payment_link,2026-05-20T08:14:20.665483+00:00,0,0,1500,legacy_ops
opp_gen_0014717,send_reminder,2026-05-20T06:08:40.135613+00:00,1,67353,300,legacy_ops
opp_gen_0014731,send_payment_link,2026-05-21T02:27:18.369528+00:00,1,1016747,1500,legacy_ops
opp_gen_0014737,send_reminder,2026-05-21T18:51:43.258093+00:00,1,292518,300,legacy_ops
opp_gen_0014742,send_payment_link,2026-05-21T10:18:11.177248+00:00,1,1124310,1500,legacy_ops
opp_gen_0014745,send_payment_link,2026-05-21T18:07:30.987900+00:00,1,261665,1500,legacy_ops
opp_gen_0014751,wait_for_native_retry,2026-05-21T21:31:08.568253+00:00,1,191494,0,legacy_ops
opp_gen_0014785,send_payment_link,2026-05-21T14:39:34.291933+00:00,0,0,1500,legacy_ops
opp_gen_0014786,wait_for_native_retry,2026-05-21T11:48:19.498159+00:00,0,0,0,legacy_ops
opp_gen_0014787,send_payment_link,2026-05-21T13:46:20.500153+00:00,1,2462053,1500,legacy_ops
opp_gen_0014790,send_reminder,2026-05-21T20:05:03.999587+00:00,0,0,300,legacy_ops
opp_gen_0014791,send_reminder,2026-05-21T09:22:02.690655+00:00,1,247273,300,legacy_ops
opp_gen_0014794,send_reminder,2026-05-21T18:30:36.606299+00:00,1,174323,300,legacy_ops
opp_gen_0014795,send_payment_link,2026-05-21T00:33:56.071226+00:00,1,245867,1500,legacy_ops
opp_gen_0014796,send_reminder,2026-05-21T20:33:56.871207+00:00,1,120036,300,legacy_ops
opp_gen_0014797,send_payment_link,2026-05-21T17:50:24.094558+00:00,1,62755,1500,legacy_ops
opp_gen_0014799,wait_for_native_retry,2026-05-21T06:06:44.556498+00:00,1,1112255,0,legacy_ops
opp_gen_0014802,send_payment_link,2026-05-21T04:06:22.701105+00:00,1,294560,1500,legacy_ops
opp_gen_0014805,send_payment_link,2026-05-21T09:11:12.590834+00:00,0,0,1500,legacy_ops
opp_gen_0014808,send_payment_link,2026-05-21T07:23:53.462831+00:00,1,46205,1500,legacy_ops
opp_gen_0014815,send_payment_link,2026-05-22T20:38:53.986424+00:00,1,40388,1500,legacy_ops
opp_gen_0014819,send_payment_link,2026-05-22T04:55:54.168302+00:00,0,0,1500,legacy_ops
opp_gen_0014821,send_reminder,2026-05-22T17:34:55.710388+00:00,1,155995,300,legacy_ops
opp_gen_0014823,send_payment_link,2026-05-22T01:07:55.882634+00:00,0,0,1500,legacy_ops
opp_gen_0014828,wait_for_native_retry,2026-05-22T13:35:48.647497+00:00,1,311980,0,legacy_ops
opp_gen_0014829,send_payment_link,2026-05-22T18:03:03.649921+00:00,1,202961,1500,legacy_ops
opp_gen_0014834,send_payment_link,2026-05-22T14:12:53.965048+00:00,0,0,1500,legacy_ops
opp_gen_0014837,send_reminder,2026-05-22T22:24:33.054262+00:00,1,151825,300,legacy_ops
opp_gen_0014839,send_payment_link,2026-05-22T07:15:21.402926+00:00,1,260657,1500,legacy_ops
opp_gen_0014847,send_payment_link,2026-05-22T14:17:07.090345+00:00,1,536418,1500,legacy_ops
opp_gen_0014850,send_payment_link,2026-05-22T07:01:34.655096+00:00,1,3499634,1500,legacy_ops
opp_gen_0014851,send_payment_link,2026-05-22T20:25:38.334277+00:00,0,0,1500,legacy_ops
opp_gen_0014859,send_payment_link,2026-05-22T08:48:11.502611+00:00,1,731270,1500,legacy_ops
opp_gen_0014862,prompt_card_change,2026-05-22T08:50:20.597458+00:00,1,623523,2000,legacy_ops
opp_gen_0014865,send_payment_link,2026-05-22T12:14:06.601410+00:00,0,0,1500,legacy_ops
opp_gen_0014866,wait_for_native_retry,2026-05-22T00:57:42.352656+00:00,0,0,0,legacy_ops
opp_gen_0014867,send_reminder,2026-05-22T07:01:19.734265+00:00,1,452386,300,legacy_ops
opp_gen_0014873,send_payment_link,2026-05-22T15:31:18.129676+00:00,1,211263,1500,legacy_ops
opp_gen_0014876,send_reminder,2026-05-22T17:14:23.055657+00:00,1,127769,300,legacy_ops
opp_gen_0014878,send_reminder,2026-05-22T18:34:04.683918+00:00,1,192055,300,legacy_ops
opp_gen_0014883,send_payment_link,2026-05-22T07:21:34.443654+00:00,1,611900,1500,legacy_ops
opp_gen_0014886,send_reminder,2026-05-22T13:25:12.491280+00:00,1,153693,300,legacy_ops
opp_gen_0014899,send_payment_link,2026-05-22T09:47:15.069917+00:00,0,0,1500,legacy_ops
opp_gen_0014904,send_payment_link,2026-05-22T15:41:10.337468+00:00,0,0,1500,legacy_ops
opp_gen_0014905,send_payment_link,2026-05-23T00:12:56.451601+00:00,1,439514,1500,legacy_ops
opp_gen_0014912,send_reminder,2026-05-22T01:29:42.808467+00:00,1,137638,300,legacy_ops
opp_gen_0014915,send_reminder,2026-05-22T11:02:04.887992+00:00,0,0,300,legacy_ops
opp_gen_0014917,send_reminder,2026-05-22T20:44:41.423324+00:00,1,360927,300,legacy_ops
opp_gen_0014918,send_payment_link,2026-05-22T07:35:05.380167+00:00,1,56768,1500,legacy_ops
opp_gen_0014922,send_reminder,2026-05-22T22:55:14.627508+00:00,1,211439,300,legacy_ops
opp_gen_0014933,send_payment_link,2026-05-23T15:23:40.900470+00:00,1,38797,1500,legacy_ops
opp_gen_0014935,send_reminder,2026-05-23T01:43:44.260282+00:00,0,0,300,legacy_ops
opp_gen_0014938,send_reminder,2026-05-23T22:48:17.741060+00:00,0,0,300,legacy_ops
opp_gen_0014941,send_payment_link,2026-05-23T01:13:41.448846+00:00,1,346326,1500,legacy_ops
opp_gen_0014946,wait_for_native_retry,2026-05-23T14:57:56.766841+00:00,0,0,0,legacy_ops
opp_gen_0014947,send_payment_link,2026-05-23T10:09:58.383000+00:00,1,1014502,1500,legacy_ops
opp_gen_0014950,send_payment_link,2026-05-23T00:26:05.322222+00:00,0,0,1500,legacy_ops
opp_gen_0014957,send_payment_link,2026-05-23T02:24:36.054066+00:00,0,0,1500,legacy_ops
opp_gen_0014958,send_payment_link,2026-05-23T13:16:16.641586+00:00,1,298050,1500,legacy_ops
opp_gen_0014960,send_payment_link,2026-05-24T00:08:18.974835+00:00,0,0,1500,legacy_ops
opp_gen_0014963,send_payment_link,2026-05-23T06:48:12.700703+00:00,0,0,1500,legacy_ops
opp_gen_0014967,send_reminder,2026-05-23T20:45:03.528879+00:00,1,1198758,300,legacy_ops
opp_gen_0014969,send_payment_link,2026-05-23T04:05:21.082146+00:00,0,0,1500,legacy_ops
opp_gen_0014977,wait_for_native_retry,2026-05-24T00:19:33.131323+00:00,1,858124,0,legacy_ops
opp_gen_0014979,send_payment_link,2026-05-23T22:06:15.200255+00:00,1,3277183,1500,legacy_ops
opp_gen_0014982,send_payment_link,2026-05-23T22:49:49.643100+00:00,1,3599693,1500,legacy_ops
opp_gen_0014984,send_payment_link,2026-05-23T13:33:49.894754+00:00,0,0,1500,legacy_ops
opp_gen_0014986,send_payment_link,2026-05-23T17:11:04.858104+00:00,1,806430,1500,legacy_ops
opp_gen_0014997,prompt_card_change,2026-05-23T07:31:32.655528+00:00,1,1130887,2000,legacy_ops
opp_gen_0014999,send_payment_link,2026-05-23T07:38:29.399510+00:00,1,258401,1500,legacy_ops
opp_gen_0015001,send_reminder,2026-05-23T17:58:14.065725+00:00,1,1984139,300,legacy_ops
opp_gen_0015015,send_payment_link,2026-05-23T11:04:21.692757+00:00,1,3201451,1500,legacy_ops
opp_gen_0015016,send_payment_link,2026-05-23T22:57:45.033367+00:00,0,0,1500,legacy_ops
opp_gen_0015017,send_reminder,2026-05-23T02:55:26.014088+00:00,0,0,300,legacy_ops
opp_gen_0015018,send_payment_link,2026-05-23T21:18:26.790693+00:00,0,0,1500,legacy_ops
opp_gen_0015025,send_payment_link,2026-05-23T07:31:47.900304+00:00,1,1137077,1500,legacy_ops
opp_gen_0015027,send_reminder,2026-05-23T02:14:56.457353+00:00,1,202183,300,legacy_ops
opp_gen_0015028,send_reminder,2026-05-23T00:19:07.067809+00:00,1,84658,300,legacy_ops
opp_gen_0015034,send_reminder,2026-05-24T12:14:55.793751+00:00,0,0,300,legacy_ops
opp_gen_0015042,send_payment_link,2026-05-24T04:45:40.856878+00:00,0,0,1500,legacy_ops
opp_gen_0015043,send_reminder,2026-05-24T03:23:37.785602+00:00,1,910178,300,legacy_ops
opp_gen_0015045,send_payment_link,2026-05-24T21:30:00.361628+00:00,1,188765,1500,legacy_ops
opp_gen_0015047,send_payment_link,2026-05-24T18:50:04.448615+00:00,1,1547959,1500,legacy_ops
opp_gen_0015049,send_payment_link,2026-05-24T12:09:52.931314+00:00,0,0,1500,legacy_ops
opp_gen_0015050,send_payment_link,2026-05-24T05:53:23.747020+00:00,1,722160,1500,legacy_ops
opp_gen_0015055,wait_for_native_retry,2026-05-24T23:46:38.549832+00:00,1,103865,0,legacy_ops
opp_gen_0015057,send_reminder,2026-05-24T15:28:28.313822+00:00,1,111311,300,legacy_ops
opp_gen_0015061,send_payment_link,2026-05-24T01:59:59.546483+00:00,1,594915,1500,legacy_ops
opp_gen_0015064,send_payment_link,2026-05-24T05:04:43.441989+00:00,0,0,1500,legacy_ops
opp_gen_0015065,send_payment_link,2026-05-24T06:20:34.401395+00:00,1,92264,1500,legacy_ops
opp_gen_0015066,send_reminder,2026-05-24T23:59:23.069315+00:00,1,299701,300,legacy_ops
opp_gen_0015079,send_payment_link,2026-05-24T02:21:06.898827+00:00,0,0,1500,legacy_ops
opp_gen_0015085,send_payment_link,2026-05-24T03:10:32.489881+00:00,1,195717,1500,legacy_ops
opp_gen_0015086,send_reminder,2026-05-24T06:15:13.571933+00:00,1,457046,300,legacy_ops
opp_gen_0015090,send_reminder,2026-05-24T16:46:03.719125+00:00,1,140685,300,legacy_ops
opp_gen_0015094,send_payment_link,2026-05-24T01:18:25.706420+00:00,0,0,1500,legacy_ops
opp_gen_0015095,send_payment_link,2026-05-24T02:12:39.516271+00:00,0,0,1500,legacy_ops
opp_gen_0015099,send_payment_link,2026-05-24T02:40:35.697439+00:00,1,4399984,1500,legacy_ops
opp_gen_0015101,send_payment_link,2026-05-24T16:35:59.915602+00:00,1,2515964,1500,legacy_ops
opp_gen_0015104,send_reminder,2026-05-24T02:32:44.248896+00:00,1,111823,300,legacy_ops
opp_gen_0015106,send_payment_link,2026-05-24T07:12:46.753660+00:00,1,1548458,1500,legacy_ops
opp_gen_0015107,send_payment_link,2026-05-24T20:21:25.860617+00:00,1,198600,1500,legacy_ops
opp_gen_0015109,send_payment_link,2026-05-24T20:35:06.562497+00:00,0,0,1500,legacy_ops
opp_gen_0015112,send_payment_link,2026-05-24T19:42:06.130976+00:00,1,953500,1500,legacy_ops
opp_gen_0015114,send_reminder,2026-05-24T07:51:29.176482+00:00,1,112756,300,legacy_ops
opp_gen_0015115,send_payment_link,2026-05-24T03:59:59.775079+00:00,0,0,1500,legacy_ops
opp_gen_0015119,send_payment_link,2026-05-25T13:49:26.474230+00:00,1,1169806,1500,legacy_ops
opp_gen_0015127,send_reminder,2026-05-25T07:57:49.343659+00:00,1,469680,300,legacy_ops
opp_gen_0015131,send_reminder,2026-05-25T22:42:04.554790+00:00,1,235447,300,legacy_ops
opp_gen_0015132,send_payment_link,2026-05-25T15:42:21.342696+00:00,1,721575,1500,legacy_ops
opp_gen_0015141,send_payment_link,2026-05-25T02:29:50.646133+00:00,1,542786,1500,legacy_ops
opp_gen_0015147,send_payment_link,2026-05-26T00:00:58.477811+00:00,0,0,1500,legacy_ops
opp_gen_0015148,send_payment_link,2026-05-25T04:44:55.015730+00:00,0,0,1500,legacy_ops
opp_gen_0015155,prompt_card_change,2026-05-25T02:24:08.360867+00:00,0,0,2000,legacy_ops
opp_gen_0015156,wait_for_native_retry,2026-05-25T08:50:48.426042+00:00,0,0,0,legacy_ops
opp_gen_0015157,send_payment_link,2026-05-25T08:26:11.780189+00:00,1,139599,1500,legacy_ops
opp_gen_0015159,send_payment_link,2026-05-25T05:46:26.422232+00:00,1,553728,1500,legacy_ops
opp_gen_0015161,send_reminder,2026-05-25T08:33:29.480060+00:00,0,0,300,legacy_ops
opp_gen_0015170,send_payment_link,2026-05-25T00:57:42.021230+00:00,0,0,1500,legacy_ops
opp_gen_0015174,send_payment_link,2026-05-25T18:30:02.535393+00:00,0,0,1500,legacy_ops
opp_gen_0015182,send_reminder,2026-05-25T05:21:58.062133+00:00,1,497923,300,legacy_ops
opp_gen_0015184,send_payment_link,2026-05-25T04:59:59.942105+00:00,1,91814,1500,legacy_ops
opp_gen_0015185,send_reminder,2026-05-25T12:51:28.637911+00:00,0,0,300,legacy_ops
opp_gen_0015192,send_payment_link,2026-05-25T03:41:03.800235+00:00,1,243464,1500,legacy_ops
opp_gen_0015195,send_payment_link,2026-05-25T04:04:20.164041+00:00,0,0,1500,legacy_ops
opp_gen_0015204,send_payment_link,2026-05-25T16:10:59.554017+00:00,1,203042,1500,legacy_ops
opp_gen_0015205,send_reminder,2026-05-25T06:46:55.071770+00:00,0,0,300,legacy_ops
opp_gen_0015206,send_payment_link,2026-05-25T05:19:20.076021+00:00,1,2900469,1500,legacy_ops
opp_gen_0015210,send_reminder,2026-05-25T06:42:11.573811+00:00,1,278178,300,legacy_ops
opp_gen_0015215,prompt_card_change,2026-05-26T10:30:10.970962+00:00,1,163412,2000,legacy_ops
opp_gen_0015216,send_reminder,2026-05-26T00:35:59.599894+00:00,0,0,300,legacy_ops
opp_gen_0015221,send_payment_link,2026-05-26T23:00:34.299849+00:00,0,0,1500,legacy_ops
opp_gen_0015224,send_payment_link,2026-05-26T15:26:14.012925+00:00,0,0,1500,legacy_ops
opp_gen_0015226,send_payment_link,2026-05-26T03:03:59.381329+00:00,0,0,1500,legacy_ops
opp_gen_0015227,prompt_card_change,2026-05-26T14:16:57.764648+00:00,0,0,2000,legacy_ops
opp_gen_0015229,prompt_card_change,2026-05-26T06:59:33.706186+00:00,0,0,2000,legacy_ops
opp_gen_0015230,send_reminder,2026-05-26T19:56:56.350251+00:00,1,262772,300,legacy_ops
opp_gen_0015242,send_payment_link,2026-05-26T16:36:47.705423+00:00,1,96269,1500,legacy_ops
opp_gen_0015243,send_payment_link,2026-05-26T04:28:18.742932+00:00,1,1082124,1500,legacy_ops
opp_gen_0015249,send_payment_link,2026-05-26T16:16:54.658654+00:00,1,840560,1500,legacy_ops
opp_gen_0015254,prompt_card_change,2026-05-26T02:14:36.966895+00:00,0,0,2000,legacy_ops
opp_gen_0015263,send_reminder,2026-05-26T22:07:43.729892+00:00,1,138656,300,legacy_ops
opp_gen_0015269,send_reminder,2026-05-26T22:05:04.458393+00:00,1,130618,300,legacy_ops
opp_gen_0015270,send_payment_link,2026-05-26T18:58:14.990750+00:00,1,1243572,1500,legacy_ops
opp_gen_0015272,send_reminder,2026-05-26T21:40:21.187326+00:00,1,299918,300,legacy_ops
opp_gen_0015273,send_payment_link,2026-05-26T17:03:01.198102+00:00,1,1751926,1500,legacy_ops
opp_gen_0015274,send_payment_link,2026-05-26T21:34:57.274955+00:00,0,0,1500,legacy_ops
opp_gen_0015275,send_payment_link,2026-05-26T05:36:25.805306+00:00,1,2704898,1500,legacy_ops
opp_gen_0015277,send_payment_link,2026-05-26T22:39:00.321923+00:00,1,791916,1500,legacy_ops
opp_gen_0015282,wait_for_native_retry,2026-05-26T02:11:49.341287+00:00,1,240279,0,legacy_ops
opp_gen_0015286,prompt_card_change,2026-05-26T17:16:37.106321+00:00,0,0,2000,legacy_ops
opp_gen_0015289,send_reminder,2026-05-26T03:57:28.789049+00:00,1,141326,300,legacy_ops
opp_gen_0015295,send_reminder,2026-05-26T19:43:55.834113+00:00,1,68758,300,legacy_ops
opp_gen_0015298,send_payment_link,2026-05-26T02:27:17.182361+00:00,1,3613582,1500,legacy_ops
opp_gen_0015307,prompt_card_change,2026-05-26T03:14:36.586486+00:00,0,0,2000,legacy_ops
opp_gen_0015308,send_payment_link,2026-05-26T09:28:32.614352+00:00,1,1046741,1500,legacy_ops
opp_gen_0015310,send_payment_link,2026-05-26T09:17:32.862930+00:00,0,0,1500,legacy_ops
opp_gen_0015316,send_reminder,2026-05-26T15:55:45.770730+00:00,1,139292,300,legacy_ops
opp_gen_0015329,send_reminder,2026-05-27T17:44:48.356059+00:00,1,174871,300,legacy_ops
opp_gen_0015330,send_payment_link,2026-05-27T15:20:18.841244+00:00,1,3231368,1500,legacy_ops
opp_gen_0015333,send_payment_link,2026-05-27T15:22:30.103670+00:00,1,1015832,1500,legacy_ops
opp_gen_0015334,send_reminder,2026-05-27T22:18:46.412523+00:00,0,0,300,legacy_ops
opp_gen_0015341,send_reminder,2026-05-27T16:21:36.236052+00:00,1,186948,300,legacy_ops
opp_gen_0015345,send_payment_link,2026-05-27T04:57:32.521535+00:00,0,0,1500,legacy_ops
opp_gen_0015347,send_reminder,2026-05-27T19:37:06.715085+00:00,0,0,300,legacy_ops
opp_gen_0015351,send_reminder,2026-05-27T12:34:55.218072+00:00,0,0,300,legacy_ops
opp_gen_0015352,send_payment_link,2026-05-27T18:33:32.735704+00:00,0,0,1500,legacy_ops
opp_gen_0015354,send_payment_link,2026-05-27T08:38:28.303024+00:00,0,0,1500,legacy_ops
opp_gen_0015358,send_payment_link,2026-05-28T00:03:55.890603+00:00,0,0,1500,legacy_ops
opp_gen_0015359,wait_for_native_retry,2026-05-27T19:55:54.593506+00:00,1,1420034,0,legacy_ops
opp_gen_0015361,send_reminder,2026-05-27T23:50:16.447113+00:00,1,85272,300,legacy_ops
opp_gen_0015364,send_payment_link,2026-05-28T00:12:21.320708+00:00,1,564384,1500,legacy_ops
opp_gen_0015366,send_payment_link,2026-05-27T08:01:12.559186+00:00,0,0,1500,legacy_ops
opp_gen_0015373,send_payment_link,2026-05-27T03:45:42.733339+00:00,0,0,1500,legacy_ops
opp_gen_0015374,send_payment_link,2026-05-28T00:11:24.500235+00:00,0,0,1500,legacy_ops
opp_gen_0015378,send_payment_link,2026-05-27T07:30:43.771314+00:00,1,962340,1500,legacy_ops
opp_gen_0015383,send_payment_link,2026-05-27T00:15:00.893442+00:00,1,47117,1500,legacy_ops
opp_gen_0015386,send_payment_link,2026-05-27T10:54:40.698021+00:00,1,3344610,1500,legacy_ops
opp_gen_0015390,send_reminder,2026-05-28T00:17:15.022894+00:00,1,407390,300,legacy_ops
opp_gen_0015397,send_reminder,2026-05-27T18:06:52.365642+00:00,1,202841,300,legacy_ops
opp_gen_0015398,send_payment_link,2026-05-27T10:30:55.933094+00:00,1,1157803,1500,legacy_ops
opp_gen_0015400,send_payment_link,2026-05-27T15:47:25.287397+00:00,1,717379,1500,legacy_ops
opp_gen_0015401,send_payment_link,2026-05-27T11:21:55.336739+00:00,1,1054728,1500,legacy_ops
opp_gen_0015417,send_payment_link,2026-05-27T16:20:09.567323+00:00,1,1795454,1500,legacy_ops
opp_gen_0015418,send_reminder,2026-05-27T17:59:05.800320+00:00,1,158980,300,legacy_ops
opp_gen_0015419,send_payment_link,2026-05-27T09:33:53.805121+00:00,1,64511,1500,legacy_ops
opp_gen_0015422,send_reminder,2026-05-28T11:25:08.962648+00:00,1,177914,300,legacy_ops
opp_gen_0015430,send_payment_link,2026-05-28T10:37:53.864251+00:00,0,0,1500,legacy_ops
opp_gen_0015431,prompt_card_change,2026-05-28T10:26:04.865944+00:00,1,120162,2000,legacy_ops
opp_gen_0015433,send_reminder,2026-05-29T00:04:39.909036+00:00,0,0,300,legacy_ops
opp_gen_0015435,send_reminder,2026-05-28T17:12:34.132851+00:00,0,0,300,legacy_ops
opp_gen_0015438,send_payment_link,2026-05-28T04:19:59.224804+00:00,0,0,1500,legacy_ops
opp_gen_0015440,send_reminder,2026-05-28T01:06:27.503492+00:00,1,196941,300,legacy_ops
opp_gen_0015446,send_reminder,2026-05-28T02:12:45.704441+00:00,0,0,300,legacy_ops
opp_gen_0015451,send_payment_link,2026-05-28T07:21:22.389520+00:00,0,0,1500,legacy_ops
opp_gen_0015453,send_payment_link,2026-05-28T04:44:25.976837+00:00,1,1655236,1500,legacy_ops
opp_gen_0015457,send_reminder,2026-05-28T07:01:29.394798+00:00,1,274020,300,legacy_ops
opp_gen_0015465,send_payment_link,2026-05-28T00:38:15.328947+00:00,1,835458,1500,legacy_ops
opp_gen_0015466,send_reminder,2026-05-28T03:54:57.709004+00:00,0,0,300,legacy_ops
opp_gen_0015469,wait_for_native_retry,2026-05-28T05:44:28.481064+00:00,0,0,0,legacy_ops
opp_gen_0015470,send_payment_link,2026-05-29T00:08:24.238122+00:00,1,1019079,1500,legacy_ops
opp_gen_0015483,send_reminder,2026-05-28T21:29:33.324029+00:00,0,0,300,legacy_ops
opp_gen_0015486,send_payment_link,2026-05-28T07:39:19.354411+00:00,1,995383,1500,legacy_ops
opp_gen_0015497,send_reminder,2026-05-28T19:56:43.411618+00:00,1,70557,300,legacy_ops
opp_gen_0015498,prompt_card_change,2026-05-28T12:53:28.736855+00:00,1,585799,2000,legacy_ops
opp_gen_0015502,send_payment_link,2026-05-28T22:37:12.006834+00:00,1,207302,1500,legacy_ops
opp_gen_0015504,send_payment_link,2026-05-29T16:06:24.227755+00:00,0,0,1500,legacy_ops
opp_gen_0015520,send_reminder,2026-05-29T03:46:24.864715+00:00,1,127547,300,legacy_ops
opp_gen_0015524,send_payment_link,2026-05-29T12:08:59.089851+00:00,1,3626070,1500,legacy_ops
opp_gen_0015525,wait_for_native_retry,2026-05-29T19:15:36.134823+00:00,1,1130782,0,legacy_ops
opp_gen_0015526,send_reminder,2026-05-29T01:31:45.385018+00:00,0,0,300,legacy_ops
opp_gen_0015527,send_payment_link,2026-05-29T11:43:50.061935+00:00,1,1673687,1500,legacy_ops
opp_gen_0015535,send_reminder,2026-05-29T00:56:57.750945+00:00,1,74851,300,legacy_ops
opp_gen_0015539,send_payment_link,2026-05-29T03:07:20.634961+00:00,1,190686,1500,legacy_ops
opp_gen_0015541,send_reminder,2026-05-29T20:41:16.165949+00:00,1,262893,300,legacy_ops
opp_gen_0015544,send_reminder,2026-05-29T17:50:47.007262+00:00,1,171744,300,legacy_ops
opp_gen_0015545,send_reminder,2026-05-29T01:34:35.055372+00:00,1,135351,300,legacy_ops
opp_gen_0015548,send_payment_link,2026-05-29T22:33:56.586626+00:00,1,186309,1500,legacy_ops
opp_gen_0015549,send_payment_link,2026-05-29T09:32:20.032873+00:00,1,83831,1500,legacy_ops
opp_gen_0015551,send_reminder,2026-05-29T13:57:01.370096+00:00,0,0,300,legacy_ops
opp_gen_0015554,wait_for_native_retry,2026-05-29T12:06:03.307547+00:00,1,2120568,0,legacy_ops
opp_gen_0015555,send_reminder,2026-05-29T19:00:10.863093+00:00,0,0,300,legacy_ops
opp_gen_0015562,send_reminder,2026-05-29T15:32:27.070254+00:00,1,42577,300,legacy_ops
opp_gen_0015563,send_payment_link,2026-05-29T21:52:52.277033+00:00,0,0,1500,legacy_ops
opp_gen_0015565,send_payment_link,2026-05-29T07:19:57.922311+00:00,1,1286259,1500,legacy_ops
opp_gen_0015569,send_payment_link,2026-05-29T21:20:23.840958+00:00,1,4318028,1500,legacy_ops
opp_gen_0015574,send_payment_link,2026-05-29T17:33:23.027227+00:00,0,0,1500,legacy_ops
opp_gen_0015580,prompt_card_change,2026-05-29T20:58:58.111839+00:00,1,265533,2000,legacy_ops
opp_gen_0015581,send_payment_link,2026-05-29T10:42:18.625179+00:00,1,2577289,1500,legacy_ops
opp_gen_0015582,send_payment_link,2026-05-29T09:17:05.389878+00:00,1,1148581,1500,legacy_ops
opp_gen_0015586,send_payment_link,2026-05-29T07:20:02.648792+00:00,1,2630388,1500,legacy_ops
opp_gen_0015592,send_reminder,2026-05-29T16:34:42.797850+00:00,1,279990,300,legacy_ops
opp_gen_0015597,send_reminder,2026-05-29T20:57:36.362514+00:00,1,1730280,300,legacy_ops
opp_gen_0015603,send_payment_link,2026-05-30T09:37:33.734691+00:00,0,0,1500,legacy_ops
opp_gen_0015604,send_payment_link,2026-05-30T19:31:11.659996+00:00,1,774845,1500,legacy_ops
opp_gen_0015625,send_payment_link,2026-05-30T15:06:22.387046+00:00,1,72403,1500,legacy_ops
opp_gen_0015627,send_reminder,2026-05-30T20:52:15.027516+00:00,0,0,300,legacy_ops
opp_gen_0015633,send_reminder,2026-05-30T06:14:30.316289+00:00,0,0,300,legacy_ops
opp_gen_0015643,send_payment_link,2026-05-30T07:33:10.019647+00:00,0,0,1500,legacy_ops
opp_gen_0015646,send_reminder,2026-05-30T09:47:19.564099+00:00,0,0,300,legacy_ops
opp_gen_0015654,send_payment_link,2026-05-30T16:22:16.195285+00:00,0,0,1500,legacy_ops
opp_gen_0015658,send_reminder,2026-05-30T21:46:27.336784+00:00,1,168822,300,legacy_ops
opp_gen_0015659,send_payment_link,2026-05-30T06:36:36.948240+00:00,1,234312,1500,legacy_ops
opp_gen_0015668,send_payment_link,2026-05-30T14:52:45.178691+00:00,1,572707,1500,legacy_ops
opp_gen_0015688,send_payment_link,2026-05-30T08:50:39.130309+00:00,1,2285929,1500,legacy_ops
opp_gen_0015702,send_payment_link,2026-05-30T14:23:36.008672+00:00,1,899140,1500,legacy_ops
opp_gen_0015705,send_payment_link,2026-05-30T11:45:21.549448+00:00,0,0,1500,legacy_ops
opp_gen_0015710,send_payment_link,2026-05-30T06:03:42.719524+00:00,1,573680,1500,legacy_ops
opp_gen_0015712,send_reminder,2026-05-31T17:13:39.074105+00:00,1,164438,300,legacy_ops
opp_gen_0015719,prompt_card_change,2026-05-31T08:24:37.729215+00:00,1,508892,2000,legacy_ops
opp_gen_0015720,send_reminder,2026-05-31T03:59:53.167074+00:00,0,0,300,legacy_ops
opp_gen_0015722,send_payment_link,2026-05-31T16:18:52.467958+00:00,0,0,1500,legacy_ops
opp_gen_0015728,send_reminder,2026-05-31T02:31:55.146420+00:00,1,431740,300,legacy_ops
opp_gen_0015731,send_payment_link,2026-05-31T14:40:57.122658+00:00,1,236050,1500,legacy_ops
opp_gen_0015735,send_payment_link,2026-05-31T04:00:47.451492+00:00,1,54816,1500,legacy_ops
opp_gen_0015736,send_payment_link,2026-05-31T01:17:48.701480+00:00,1,203150,1500,legacy_ops
opp_gen_0015737,send_reminder,2026-05-31T08:45:23.404878+00:00,0,0,300,legacy_ops
opp_gen_0015739,send_reminder,2026-05-31T05:06:10.669095+00:00,0,0,300,legacy_ops
opp_gen_0015740,send_payment_link,2026-05-31T14:29:37.480014+00:00,1,46515,1500,legacy_ops
opp_gen_0015742,send_payment_link,2026-06-01T00:15:22.468794+00:00,1,1187644,1500,legacy_ops
opp_gen_0015754,send_payment_link,2026-05-31T04:15:59.451650+00:00,0,0,1500,legacy_ops
opp_gen_0015756,send_payment_link,2026-05-31T16:09:20.734386+00:00,0,0,1500,legacy_ops
opp_gen_0015759,send_payment_link,2026-05-31T00:57:12.125315+00:00,0,0,1500,legacy_ops
opp_gen_0015762,send_reminder,2026-05-31T03:08:55.565413+00:00,0,0,300,legacy_ops
opp_gen_0015764,send_payment_link,2026-05-31T21:17:10.489765+00:00,1,84166,1500,legacy_ops
opp_gen_0015770,send_reminder,2026-05-31T22:32:52.884844+00:00,1,152074,300,legacy_ops
opp_gen_0015778,send_payment_link,2026-06-01T00:02:16.238468+00:00,1,172155,1500,legacy_ops
opp_gen_0015779,send_payment_link,2026-05-31T20:50:04.901993+00:00,0,0,1500,legacy_ops
opp_gen_0015789,send_payment_link,2026-05-31T20:02:21.490143+00:00,0,0,1500,legacy_ops
opp_gen_0015790,send_payment_link,2026-05-31T19:24:51.679263+00:00,0,0,1500,legacy_ops
opp_gen_0015793,wait_for_native_retry,2026-05-31T13:11:51.658024+00:00,1,169365,0,legacy_ops
opp_gen_0015800,send_payment_link,2026-05-31T05:07:31.971901+00:00,1,96813,1500,legacy_ops
opp_gen_0015803,send_payment_link,2026-05-31T11:09:44.443389+00:00,0,0,1500,legacy_ops
opp_gen_0015813,send_payment_link,2026-05-31T11:47:59.274306+00:00,0,0,1500,legacy_ops
opp_gen_0015818,send_payment_link,2026-06-01T09:00:30.665303+00:00,0,0,1500,legacy_ops
opp_gen_0015819,send_payment_link,2026-06-01T23:30:05.202097+00:00,0,0,1500,legacy_ops
opp_gen_0015820,send_payment_link,2026-06-01T20:32:48.116366+00:00,1,1761828,1500,legacy_ops
opp_gen_0015822,send_reminder,2026-06-01T18:45:10.322551+00:00,0,0,300,legacy_ops
opp_gen_0015826,send_payment_link,2026-06-01T02:34:19.612301+00:00,1,315058,1500,legacy_ops
opp_gen_0015830,send_reminder,2026-06-01T21:36:59.272251+00:00,1,41464,300,legacy_ops
opp_gen_0015832,send_reminder,2026-06-01T14:28:04.611861+00:00,1,135293,300,legacy_ops
opp_gen_0015843,send_payment_link,2026-06-01T11:10:21.996381+00:00,1,490267,1500,legacy_ops
opp_gen_0015847,send_payment_link,2026-06-01T11:31:03.257497+00:00,1,447693,1500,legacy_ops
opp_gen_0015851,send_payment_link,2026-06-01T16:11:23.654339+00:00,0,0,1500,legacy_ops
opp_gen_0015854,send_reminder,2026-06-01T03:12:24.353291+00:00,1,188626,300,legacy_ops
opp_gen_0015857,send_payment_link,2026-06-01T06:27:19.200424+00:00,1,185728,1500,legacy_ops
opp_gen_0015859,send_reminder,2026-06-01T15:22:49.698664+00:00,1,74105,300,legacy_ops
opp_gen_0015860,send_reminder,2026-06-01T22:31:59.956319+00:00,1,274569,300,legacy_ops
opp_gen_0015864,send_payment_link,2026-06-01T02:21:14.328120+00:00,0,0,1500,legacy_ops
opp_gen_0015865,send_reminder,2026-06-01T01:40:44.597330+00:00,1,270412,300,legacy_ops
opp_gen_0015879,send_payment_link,2026-06-01T13:15:07.995423+00:00,1,682476,1500,legacy_ops
opp_gen_0015886,send_payment_link,2026-06-01T12:01:48.124821+00:00,1,3035772,1500,legacy_ops
opp_gen_0015897,send_payment_link,2026-06-01T22:30:13.211951+00:00,1,826103,1500,legacy_ops
opp_gen_0015898,send_reminder,2026-06-01T13:22:28.604471+00:00,1,227527,300,legacy_ops
opp_gen_0015899,send_payment_link,2026-06-01T10:31:12.578162+00:00,1,273947,1500,legacy_ops
opp_gen_0015901,send_reminder,2026-06-01T06:29:47.480741+00:00,0,0,300,legacy_ops
opp_gen_0015904,send_payment_link,2026-06-01T06:42:32.928148+00:00,0,0,1500,legacy_ops
opp_gen_0015905,send_payment_link,2026-06-01T02:36:54.178131+00:00,0,0,1500,legacy_ops
opp_gen_0015907,send_reminder,2026-06-01T08:43:11.041688+00:00,1,136971,300,legacy_ops
opp_gen_0015911,send_reminder,2026-06-01T16:00:58.529923+00:00,1,251194,300,legacy_ops
opp_gen_0015916,prompt_card_change,2026-06-02T12:16:52.134029+00:00,1,100776,2000,legacy_ops
opp_gen_0015920,send_reminder,2026-06-02T20:54:42.665192+00:00,1,248249,300,legacy_ops
opp_gen_0015921,send_payment_link,2026-06-02T05:27:33.174649+00:00,1,215425,1500,legacy_ops
opp_gen_0015926,send_reminder,2026-06-02T03:57:43.179604+00:00,0,0,300,legacy_ops
opp_gen_0015930,send_payment_link,2026-06-02T14:56:53.015478+00:00,1,2247805,1500,legacy_ops
opp_gen_0015941,send_reminder,2026-06-02T06:17:28.234545+00:00,1,159678,300,legacy_ops
opp_gen_0015942,wait_for_native_retry,2026-06-02T04:52:26.596150+00:00,1,260611,0,legacy_ops
opp_gen_0015943,send_payment_link,2026-06-02T19:25:04.071770+00:00,0,0,1500,legacy_ops
opp_gen_0015948,send_reminder,2026-06-03T00:18:06.189876+00:00,0,0,300,legacy_ops
opp_gen_0015950,send_payment_link,2026-06-02T08:01:31.448060+00:00,1,664293,1500,legacy_ops
opp_gen_0015953,send_payment_link,2026-06-02T11:32:52.985184+00:00,1,92830,1500,legacy_ops
opp_gen_0015955,send_payment_link,2026-06-02T15:33:14.149853+00:00,1,1470112,1500,legacy_ops
opp_gen_0015957,send_payment_link,2026-06-02T12:40:45.223594+00:00,1,64439,1500,legacy_ops
opp_gen_0015965,send_payment_link,2026-06-02T15:51:16.665307+00:00,1,276059,1500,legacy_ops
opp_gen_0015969,send_payment_link,2026-06-02T18:47:03.255510+00:00,0,0,1500,legacy_ops
opp_gen_0015970,send_payment_link,2026-06-02T16:17:26.548530+00:00,1,104000,1500,legacy_ops
opp_gen_0015977,send_payment_link,2026-06-02T20:47:36.697754+00:00,1,1165038,1500,legacy_ops
opp_gen_0015979,send_reminder,2026-06-02T07:43:46.491850+00:00,1,37681,300,legacy_ops
opp_gen_0015980,wait_for_native_retry,2026-06-02T07:32:55.245368+00:00,0,0,0,legacy_ops
opp_gen_0015981,send_payment_link,2026-06-02T05:38:48.228042+00:00,1,816667,1500,legacy_ops
opp_gen_0015983,send_payment_link,2026-06-02T09:29:19.616986+00:00,0,0,1500,legacy_ops
opp_gen_0015984,send_payment_link,2026-06-02T04:22:05.016146+00:00,1,587237,1500,legacy_ops
opp_gen_0015989,send_payment_link,2026-06-02T07:26:40.277378+00:00,1,88981,1500,legacy_ops
opp_gen_0015998,send_reminder,2026-06-02T18:36:11.263049+00:00,1,100011,300,legacy_ops
opp_gen_0015999,send_payment_link,2026-06-03T07:46:09.831647+00:00,1,506984,1500,legacy_ops
opp_gen_0016000,send_reminder,2026-06-03T06:35:14.691768+00:00,1,324080,300,legacy_ops
opp_gen_0016001,send_reminder,2026-06-03T13:20:51.357322+00:00,1,88691,300,legacy_ops
opp_gen_0016005,wait_for_native_retry,2026-06-03T23:22:53.409023+00:00,1,228986,0,legacy_ops
opp_gen_0016008,send_payment_link,2026-06-03T05:20:45.326099+00:00,1,1917868,1500,legacy_ops
opp_gen_0016011,send_reminder,2026-06-03T07:54:34.827156+00:00,0,0,300,legacy_ops
opp_gen_0016016,wait_for_native_retry,2026-06-03T12:10:48.086984+00:00,1,41321,0,legacy_ops
opp_gen_0016019,send_payment_link,2026-06-03T07:14:07.392980+00:00,1,297803,1500,legacy_ops
opp_gen_0016023,send_payment_link,2026-06-03T11:24:38.136030+00:00,0,0,1500,legacy_ops
opp_gen_0016024,send_reminder,2026-06-03T09:41:58.689136+00:00,0,0,300,legacy_ops
opp_gen_0016028,send_payment_link,2026-06-03T19:43:28.794895+00:00,0,0,1500,legacy_ops
opp_gen_0016047,send_payment_link,2026-06-03T07:11:11.284194+00:00,0,0,1500,legacy_ops
opp_gen_0016050,wait_for_native_retry,2026-06-03T13:36:18.140054+00:00,1,203949,0,legacy_ops
opp_gen_0016052,send_payment_link,2026-06-03T11:05:54.328952+00:00,0,0,1500,legacy_ops
opp_gen_0016053,send_reminder,2026-06-03T03:12:14.549837+00:00,1,273644,300,legacy_ops
opp_gen_0016067,send_payment_link,2026-06-03T19:07:17.237760+00:00,0,0,1500,legacy_ops
opp_gen_0016070,send_payment_link,2026-06-03T12:40:58.608611+00:00,0,0,1500,legacy_ops
opp_gen_0016071,prompt_card_change,2026-06-03T12:50:27.872631+00:00,1,871807,2000,legacy_ops
opp_gen_0016082,send_payment_link,2026-06-03T09:19:51.867554+00:00,0,0,1500,legacy_ops
opp_gen_0016084,send_payment_link,2026-06-03T16:04:15.837588+00:00,1,703818,1500,legacy_ops
opp_gen_0016095,send_payment_link,2026-06-03T23:27:36.124291+00:00,0,0,1500,legacy_ops
opp_gen_0016108,wait_for_native_retry,2026-06-03T20:03:11.929682+00:00,0,0,0,legacy_ops
opp_gen_0016109,send_payment_link,2026-06-03T11:01:34.716863+00:00,1,245848,1500,legacy_ops
opp_gen_0016110,send_payment_link,2026-06-04T18:08:57.446734+00:00,0,0,1500,legacy_ops
opp_gen_0016119,send_reminder,2026-06-04T21:34:12.720454+00:00,1,240822,300,legacy_ops
opp_gen_0016120,send_reminder,2026-06-04T13:53:06.582252+00:00,1,45453,300,legacy_ops
opp_gen_0016122,send_payment_link,2026-06-04T11:14:41.216833+00:00,1,1035454,1500,legacy_ops
opp_gen_0016126,send_reminder,2026-06-04T14:06:20.285315+00:00,1,234686,300,legacy_ops
opp_gen_0016128,send_payment_link,2026-06-04T12:01:52.108698+00:00,1,259370,1500,legacy_ops
opp_gen_0016130,send_payment_link,2026-06-04T15:56:35.172327+00:00,0,0,1500,legacy_ops
opp_gen_0016131,send_reminder,2026-06-04T08:25:02.642683+00:00,1,56944,300,legacy_ops
opp_gen_0016134,send_reminder,2026-06-04T06:16:27.852936+00:00,1,57881,300,legacy_ops
opp_gen_0016139,send_payment_link,2026-06-04T19:39:39.953976+00:00,1,854765,1500,legacy_ops
opp_gen_0016140,send_payment_link,2026-06-04T13:28:39.576919+00:00,0,0,1500,legacy_ops
opp_gen_0016144,send_payment_link,2026-06-04T12:53:46.402359+00:00,1,2240662,1500,legacy_ops
opp_gen_0016145,send_payment_link,2026-06-04T20:00:38.142869+00:00,0,0,1500,legacy_ops
opp_gen_0016148,send_payment_link,2026-06-04T12:06:21.344547+00:00,1,292842,1500,legacy_ops
opp_gen_0016154,wait_for_native_retry,2026-06-04T10:31:17.750788+00:00,1,984456,0,legacy_ops
opp_gen_0016157,send_payment_link,2026-06-04T02:28:05.816374+00:00,1,109111,1500,legacy_ops
opp_gen_0016163,send_payment_link,2026-06-04T23:42:35.143883+00:00,0,0,1500,legacy_ops
opp_gen_0016173,send_reminder,2026-06-04T09:21:22.338248+00:00,1,60581,300,legacy_ops
opp_gen_0016175,wait_for_native_retry,2026-06-04T02:03:50.127833+00:00,0,0,0,legacy_ops
opp_gen_0016178,send_reminder,2026-06-05T00:18:21.335244+00:00,0,0,300,legacy_ops
opp_gen_0016181,send_reminder,2026-06-04T05:23:47.528409+00:00,0,0,300,legacy_ops
opp_gen_0016182,send_payment_link,2026-06-04T07:24:41.526759+00:00,0,0,1500,legacy_ops
opp_gen_0016184,send_reminder,2026-06-04T17:38:25.817031+00:00,1,211385,300,legacy_ops
opp_gen_0016186,send_payment_link,2026-06-04T12:33:55.543663+00:00,1,547115,1500,legacy_ops
opp_gen_0016187,send_payment_link,2026-06-04T16:31:53.025962+00:00,1,2147274,1500,legacy_ops
opp_gen_0016189,prompt_card_change,2026-06-04T15:07:22.718564+00:00,1,1992554,2000,legacy_ops
opp_gen_0016198,send_payment_link,2026-06-04T06:42:02.422115+00:00,0,0,1500,legacy_ops
opp_gen_0016203,send_reminder,2026-06-04T15:20:38.097472+00:00,1,377881,300,legacy_ops
opp_gen_0016208,send_payment_link,2026-06-05T06:10:58.220775+00:00,1,849284,1500,legacy_ops
opp_gen_0016210,prompt_card_change,2026-06-05T06:08:13.572505+00:00,1,1154825,2000,legacy_ops
opp_gen_0016212,send_payment_link,2026-06-05T11:22:06.055012+00:00,1,874165,1500,legacy_ops
opp_gen_0016219,send_payment_link,2026-06-05T19:40:26.817645+00:00,1,3897667,1500,legacy_ops
opp_gen_0016220,prompt_card_change,2026-06-05T06:22:50.171455+00:00,1,171258,2000,legacy_ops
opp_gen_0016228,send_reminder,2026-06-05T11:47:22.153167+00:00,1,184930,300,legacy_ops
opp_gen_0016231,send_payment_link,2026-06-05T21:01:45.972467+00:00,1,672138,1500,legacy_ops
opp_gen_0016239,send_reminder,2026-06-05T03:21:28.993340+00:00,1,105931,300,legacy_ops
opp_gen_0016244,send_payment_link,2026-06-05T00:06:09.402487+00:00,1,511589,1500,legacy_ops
opp_gen_0016247,send_reminder,2026-06-05T03:42:05.836072+00:00,1,116348,300,legacy_ops
opp_gen_0016249,send_reminder,2026-06-05T15:15:45.360437+00:00,0,0,300,legacy_ops
opp_gen_0016250,send_reminder,2026-06-05T12:39:16.662345+00:00,1,350176,300,legacy_ops
opp_gen_0016254,send_payment_link,2026-06-05T19:06:38.478626+00:00,1,285780,1500,legacy_ops
opp_gen_0016265,send_payment_link,2026-06-05T04:49:28.125082+00:00,1,1083248,1500,legacy_ops
opp_gen_0016266,prompt_card_change,2026-06-05T05:09:29.035279+00:00,1,150775,2000,legacy_ops
opp_gen_0016267,send_payment_link,2026-06-05T17:19:55.470623+00:00,1,756926,1500,legacy_ops
opp_gen_0016269,send_payment_link,2026-06-05T12:22:03.233414+00:00,1,105317,1500,legacy_ops
opp_gen_0016271,send_payment_link,2026-06-05T19:29:46.267722+00:00,1,1178012,1500,legacy_ops
opp_gen_0016275,send_reminder,2026-06-05T16:53:54.309094+00:00,0,0,300,legacy_ops
opp_gen_0016276,send_payment_link,2026-06-05T16:59:19.544454+00:00,0,0,1500,legacy_ops
opp_gen_0016277,send_payment_link,2026-06-05T13:26:03.327669+00:00,1,949929,1500,legacy_ops
opp_gen_0016281,send_payment_link,2026-06-05T10:15:53.496865+00:00,0,0,1500,legacy_ops
opp_gen_0016300,send_reminder,2026-06-05T18:40:04.716401+00:00,1,39819,300,legacy_ops
opp_gen_0016305,send_payment_link,2026-06-06T07:56:12.381057+00:00,0,0,1500,legacy_ops
opp_gen_0016313,send_payment_link,2026-06-06T09:34:01.428303+00:00,0,0,1500,legacy_ops
opp_gen_0016323,send_payment_link,2026-06-06T17:00:24.868761+00:00,1,113599,1500,legacy_ops
opp_gen_0016324,send_payment_link,2026-06-06T00:52:10.646240+00:00,1,838563,1500,legacy_ops
opp_gen_0016329,send_reminder,2026-06-06T22:17:50.519550+00:00,1,269357,300,legacy_ops
opp_gen_0016331,send_reminder,2026-06-06T21:56:58.194950+00:00,1,43365,300,legacy_ops
opp_gen_0016334,prompt_card_change,2026-06-06T20:32:51.530762+00:00,0,0,2000,legacy_ops
opp_gen_0016336,send_payment_link,2026-06-06T06:35:59.421834+00:00,0,0,1500,legacy_ops
opp_gen_0016338,send_payment_link,2026-06-06T23:21:05.895877+00:00,0,0,1500,legacy_ops
opp_gen_0016340,send_reminder,2026-06-06T08:59:31.719712+00:00,1,193070,300,legacy_ops
opp_gen_0016341,send_payment_link,2026-06-07T00:40:46.781445+00:00,1,235844,1500,legacy_ops
opp_gen_0016348,prompt_card_change,2026-06-06T06:20:08.563132+00:00,1,123802,2000,legacy_ops
opp_gen_0016350,send_reminder,2026-06-06T23:16:11.227287+00:00,0,0,300,legacy_ops
opp_gen_0016352,send_reminder,2026-06-06T16:30:36.816758+00:00,1,117948,300,legacy_ops
opp_gen_0016354,prompt_card_change,2026-06-06T02:45:50.262217+00:00,0,0,2000,legacy_ops
opp_gen_0016357,send_reminder,2026-06-06T06:17:57.042186+00:00,1,43278,300,legacy_ops
opp_gen_0016358,send_payment_link,2026-06-06T08:41:31.716748+00:00,1,2667742,1500,legacy_ops
opp_gen_0016363,send_reminder,2026-06-06T00:30:26.749551+00:00,1,247872,300,legacy_ops
opp_gen_0016364,send_reminder,2026-06-06T19:36:20.033694+00:00,1,106402,300,legacy_ops
opp_gen_0016371,send_payment_link,2026-06-07T00:08:04.131766+00:00,1,198877,1500,legacy_ops
opp_gen_0016374,send_payment_link,2026-06-06T15:50:50.165466+00:00,1,1666513,1500,legacy_ops
opp_gen_0016375,send_payment_link,2026-06-06T16:42:06.108660+00:00,1,61753,1500,legacy_ops
opp_gen_0016383,send_reminder,2026-06-06T18:45:35.985699+00:00,1,70033,300,legacy_ops
opp_gen_0016390,send_payment_link,2026-06-07T00:15:42.947232+00:00,1,984282,1500,legacy_ops
opp_gen_0016397,send_payment_link,2026-06-06T04:52:34.362185+00:00,0,0,1500,legacy_ops
opp_gen_0016405,send_payment_link,2026-06-06T21:41:10.611986+00:00,1,560331,1500,legacy_ops
opp_gen_0016409,send_payment_link,2026-06-06T03:03:26.745068+00:00,1,146145,1500,legacy_ops
opp_gen_0016419,send_payment_link,2026-06-06T22:07:12.900457+00:00,1,612530,1500,legacy_ops
opp_gen_0016422,send_payment_link,2026-06-06T03:41:47.197011+00:00,1,221560,1500,legacy_ops
opp_gen_0016427,send_payment_link,2026-06-06T22:35:13.322676+00:00,1,1091274,1500,legacy_ops
opp_gen_0016431,send_payment_link,2026-06-06T02:39:37.156073+00:00,0,0,1500,legacy_ops
opp_gen_0016433,send_payment_link,2026-06-06T15:18:41.694784+00:00,1,3420096,1500,legacy_ops
opp_gen_0016434,send_payment_link,2026-06-06T12:33:37.296938+00:00,1,239013,1500,legacy_ops
opp_gen_0016444,send_payment_link,2026-06-07T09:44:43.095232+00:00,0,0,1500,legacy_ops
opp_gen_0016448,send_payment_link,2026-06-07T14:16:02.530528+00:00,1,43158,1500,legacy_ops
opp_gen_0016449,send_reminder,2026-06-07T01:33:21.795550+00:00,0,0,300,legacy_ops
opp_gen_0016452,send_payment_link,2026-06-07T22:42:55.316071+00:00,0,0,1500,legacy_ops
opp_gen_0016454,send_payment_link,2026-06-07T02:58:59.822872+00:00,1,273999,1500,legacy_ops
opp_gen_0016456,send_payment_link,2026-06-07T20:09:16.253409+00:00,1,3461678,1500,legacy_ops
opp_gen_0016457,send_reminder,2026-06-07T02:43:34.302934+00:00,0,0,300,legacy_ops
opp_gen_0016458,send_reminder,2026-06-07T22:51:32.968281+00:00,1,249560,300,legacy_ops
opp_gen_0016471,send_payment_link,2026-06-07T07:43:45.815287+00:00,1,155730,1500,legacy_ops
opp_gen_0016472,send_reminder,2026-06-07T13:37:34.722337+00:00,1,468230,300,legacy_ops
opp_gen_0016478,wait_for_native_retry,2026-06-07T13:49:59.071806+00:00,0,0,0,legacy_ops
opp_gen_0016484,send_payment_link,2026-06-07T09:38:26.858681+00:00,0,0,1500,legacy_ops
opp_gen_0016487,send_payment_link,2026-06-07T04:11:35.061219+00:00,0,0,1500,legacy_ops
opp_gen_0016488,prompt_card_change,2026-06-07T05:55:32.557523+00:00,0,0,2000,legacy_ops
opp_gen_0016497,send_reminder,2026-06-07T08:35:46.431854+00:00,0,0,300,legacy_ops
opp_gen_0016499,wait_for_native_retry,2026-06-07T20:01:31.218472+00:00,1,87012,0,legacy_ops
opp_gen_0016501,send_reminder,2026-06-07T06:16:47.690924+00:00,0,0,300,legacy_ops
opp_gen_0016502,send_payment_link,2026-06-07T13:33:18.310334+00:00,1,56964,1500,legacy_ops
opp_gen_0016508,send_reminder,2026-06-07T06:29:03.554879+00:00,1,440629,300,legacy_ops
opp_gen_0016509,send_reminder,2026-06-07T17:48:55.500529+00:00,1,115723,300,legacy_ops
opp_gen_0016511,send_payment_link,2026-06-07T19:16:42.465082+00:00,1,1567245,1500,legacy_ops
opp_gen_0016512,wait_for_native_retry,2026-06-07T18:24:18.241154+00:00,1,168012,0,legacy_ops
opp_gen_0016517,send_reminder,2026-06-07T11:56:33.194069+00:00,0,0,300,legacy_ops
opp_gen_0016519,send_payment_link,2026-06-07T12:48:04.153801+00:00,0,0,1500,legacy_ops
opp_gen_0016521,send_reminder,2026-06-07T21:39:49.778440+00:00,1,50697,300,legacy_ops
opp_gen_0016524,send_payment_link,2026-06-07T01:01:10.552992+00:00,1,594219,1500,legacy_ops
opp_gen_0016534,send_payment_link,2026-06-07T06:50:15.590147+00:00,1,264723,1500,legacy_ops
opp_gen_0016537,send_payment_link,2026-06-07T19:33:56.897137+00:00,1,762887,1500,legacy_ops
opp_gen_0016538,send_payment_link,2026-06-07T12:11:01.479033+00:00,1,222462,1500,legacy_ops
opp_gen_0016540,send_reminder,2026-06-07T10:38:49.491632+00:00,1,138387,300,legacy_ops
opp_gen_0016543,send_payment_link,2026-06-07T09:12:46.184953+00:00,0,0,1500,legacy_ops
opp_gen_0016547,send_payment_link,2026-06-07T08:54:09.610377+00:00,1,2259697,1500,legacy_ops
opp_gen_0016548,send_payment_link,2026-06-07T21:37:32.952962+00:00,1,1114090,1500,legacy_ops
opp_gen_0016549,send_payment_link,2026-06-07T07:53:13.402737+00:00,0,0,1500,legacy_ops
opp_gen_0016556,prompt_card_change,2026-06-07T23:51:24.909556+00:00,0,0,2000,legacy_ops
opp_gen_0016558,send_payment_link,2026-06-07T12:13:59.229435+00:00,1,35715,1500,legacy_ops
opp_gen_0016560,send_payment_link,2026-06-07T03:26:11.609157+00:00,0,0,1500,legacy_ops
opp_gen_0016566,send_reminder,2026-06-08T22:24:10.209520+00:00,1,86804,300,legacy_ops
opp_gen_0016574,send_payment_link,2026-06-08T03:24:19.324172+00:00,1,173706,1500,legacy_ops
opp_gen_0016575,prompt_card_change,2026-06-08T21:17:57.114600+00:00,1,217613,2000,legacy_ops
opp_gen_0016578,send_payment_link,2026-06-08T05:26:14.617518+00:00,1,287829,1500,legacy_ops
opp_gen_0016580,send_payment_link,2026-06-08T10:43:21.767163+00:00,0,0,1500,legacy_ops
opp_gen_0016589,prompt_card_change,2026-06-08T01:49:55.794187+00:00,0,0,2000,legacy_ops
opp_gen_0016592,send_reminder,2026-06-08T09:59:59.236174+00:00,1,109458,300,legacy_ops
opp_gen_0016597,send_reminder,2026-06-08T22:58:02.216308+00:00,1,912670,300,legacy_ops
opp_gen_0016598,send_payment_link,2026-06-08T17:14:04.497609+00:00,0,0,1500,legacy_ops
opp_gen_0016599,send_payment_link,2026-06-08T07:43:18.520631+00:00,1,204907,1500,legacy_ops
opp_gen_0016605,send_payment_link,2026-06-08T03:15:57.440218+00:00,0,0,1500,legacy_ops
opp_gen_0016611,send_payment_link,2026-06-08T22:45:27.549208+00:00,1,1999182,1500,legacy_ops
opp_gen_0016615,send_payment_link,2026-06-08T14:56:36.586141+00:00,1,2268837,1500,legacy_ops
opp_gen_0016618,send_reminder,2026-06-08T04:11:34.977484+00:00,1,329737,300,legacy_ops
opp_gen_0016622,prompt_card_change,2026-06-08T05:04:37.829288+00:00,0,0,2000,legacy_ops
opp_gen_0016623,send_payment_link,2026-06-08T23:12:32.003645+00:00,0,0,1500,legacy_ops
opp_gen_0016626,send_payment_link,2026-06-08T21:57:26.747732+00:00,1,1056312,1500,legacy_ops
opp_gen_0016627,send_payment_link,2026-06-08T00:41:29.464716+00:00,0,0,1500,legacy_ops
opp_gen_0016629,wait_for_native_retry,2026-06-08T12:53:31.183246+00:00,1,271324,0,legacy_ops
opp_gen_0016637,send_payment_link,2026-06-08T17:32:35.161122+00:00,1,251614,1500,legacy_ops
opp_gen_0016646,send_payment_link,2026-06-08T15:25:17.578587+00:00,1,3957838,1500,legacy_ops
opp_gen_0016649,send_reminder,2026-06-08T20:26:28.657330+00:00,1,691329,300,legacy_ops
opp_gen_0016651,send_reminder,2026-06-08T17:51:54.246294+00:00,0,0,300,legacy_ops
opp_gen_0016653,send_reminder,2026-06-08T21:04:05.411327+00:00,0,0,300,legacy_ops
opp_gen_0016661,send_payment_link,2026-06-08T13:41:56.940908+00:00,0,0,1500,legacy_ops
opp_gen_0016663,send_reminder,2026-06-08T19:06:24.436935+00:00,1,62642,300,legacy_ops
opp_gen_0016669,send_payment_link,2026-06-08T04:00:28.434313+00:00,1,293583,1500,legacy_ops
opp_gen_0016672,send_reminder,2026-06-09T14:57:06.517639+00:00,1,138824,300,legacy_ops
opp_gen_0016677,prompt_card_change,2026-06-09T06:55:57.169228+00:00,0,0,2000,legacy_ops
opp_gen_0016678,send_reminder,2026-06-09T12:43:00.617511+00:00,1,50547,300,legacy_ops
opp_gen_0016680,send_reminder,2026-06-09T16:44:58.743797+00:00,0,0,300,legacy_ops
opp_gen_0016683,send_payment_link,2026-06-09T14:05:38.617608+00:00,1,2995144,1500,legacy_ops
opp_gen_0016686,send_payment_link,2026-06-09T15:00:28.362554+00:00,1,2010604,1500,legacy_ops
opp_gen_0016694,send_reminder,2026-06-09T08:24:19.680812+00:00,1,88981,300,legacy_ops
opp_gen_0016695,send_reminder,2026-06-09T23:40:53.052155+00:00,1,361214,300,legacy_ops
opp_gen_0016706,send_payment_link,2026-06-09T03:15:55.118134+00:00,0,0,1500,legacy_ops
opp_gen_0016709,send_reminder,2026-06-09T00:56:30.173672+00:00,0,0,300,legacy_ops
opp_gen_0016710,send_payment_link,2026-06-09T08:14:37.788869+00:00,0,0,1500,legacy_ops
opp_gen_0016711,send_payment_link,2026-06-09T19:46:25.953270+00:00,1,1037840,1500,legacy_ops
opp_gen_0016712,send_payment_link,2026-06-09T13:49:39.536269+00:00,1,182140,1500,legacy_ops
opp_gen_0016719,send_payment_link,2026-06-09T04:03:50.236581+00:00,1,48615,1500,legacy_ops
opp_gen_0016722,send_payment_link,2026-06-09T17:42:12.816049+00:00,0,0,1500,legacy_ops
opp_gen_0016725,send_reminder,2026-06-09T02:08:03.509159+00:00,1,154751,300,legacy_ops
opp_gen_0016727,send_payment_link,2026-06-09T18:55:39.545270+00:00,1,243226,1500,legacy_ops
opp_gen_0016745,send_payment_link,2026-06-09T09:47:35.279060+00:00,1,3983042,1500,legacy_ops
opp_gen_0016747,send_payment_link,2026-06-09T04:07:19.098095+00:00,1,1012085,1500,legacy_ops
opp_gen_0016749,send_reminder,2026-06-09T14:09:07.490648+00:00,1,254821,300,legacy_ops
opp_gen_0016754,send_payment_link,2026-06-09T11:53:25.732505+00:00,1,563759,1500,legacy_ops
opp_gen_0016756,send_payment_link,2026-06-09T13:51:40.643603+00:00,1,160077,1500,legacy_ops
opp_gen_0016769,send_payment_link,2026-06-10T21:52:33.192862+00:00,0,0,1500,legacy_ops
opp_gen_0016780,send_reminder,2026-06-10T03:16:38.395492+00:00,0,0,300,legacy_ops
opp_gen_0016788,send_payment_link,2026-06-10T14:36:24.433136+00:00,0,0,1500,legacy_ops
opp_gen_0016802,send_payment_link,2026-06-10T07:17:12.592964+00:00,0,0,1500,legacy_ops
opp_gen_0016808,send_reminder,2026-06-10T13:22:02.142003+00:00,1,187317,300,legacy_ops
opp_gen_0016809,send_payment_link,2026-06-10T13:09:45.077348+00:00,0,0,1500,legacy_ops
opp_gen_0016814,send_reminder,2026-06-10T06:26:23.895344+00:00,1,156727,300,legacy_ops
opp_gen_0016816,send_payment_link,2026-06-10T09:57:46.741089+00:00,1,1113984,1500,legacy_ops
opp_gen_0016819,send_reminder,2026-06-10T03:57:25.505831+00:00,1,99263,300,legacy_ops
opp_gen_0016823,send_payment_link,2026-06-10T03:38:50.590583+00:00,1,186768,1500,legacy_ops
opp_gen_0016827,send_reminder,2026-06-10T14:15:55.227381+00:00,1,418973,300,legacy_ops
opp_gen_0016828,wait_for_native_retry,2026-06-10T04:54:42.027438+00:00,1,264609,0,legacy_ops
opp_gen_0016829,prompt_card_change,2026-06-10T08:24:29.486255+00:00,1,358347,2000,legacy_ops
opp_gen_0016830,wait_for_native_retry,2026-06-10T03:15:25.754948+00:00,0,0,0,legacy_ops
opp_gen_0016834,send_reminder,2026-06-10T13:43:40.220941+00:00,1,326226,300,legacy_ops
opp_gen_0016835,send_reminder,2026-06-10T01:02:45.657391+00:00,1,175790,300,legacy_ops
opp_gen_0016842,send_payment_link,2026-06-10T12:38:33.702074+00:00,0,0,1500,legacy_ops
opp_gen_0016845,send_payment_link,2026-06-10T18:31:50.348765+00:00,1,775133,1500,legacy_ops
opp_gen_0016850,send_payment_link,2026-06-10T15:11:57.984962+00:00,0,0,1500,legacy_ops
opp_gen_0016854,send_payment_link,2026-06-10T22:34:39.264931+00:00,1,1135732,1500,legacy_ops
opp_gen_0016855,send_payment_link,2026-06-10T20:19:55.989965+00:00,1,208198,1500,legacy_ops
opp_gen_0016858,send_payment_link,2026-06-11T16:33:18.653654+00:00,1,368775,1500,legacy_ops
opp_gen_0016862,prompt_card_change,2026-06-11T00:40:14.430164+00:00,0,0,2000,legacy_ops
opp_gen_0016865,send_payment_link,2026-06-11T12:18:35.520466+00:00,0,0,1500,legacy_ops
opp_gen_0016866,send_reminder,2026-06-11T08:42:07.457132+00:00,1,42428,300,legacy_ops
opp_gen_0016868,send_reminder,2026-06-11T04:44:31.191928+00:00,0,0,300,legacy_ops
opp_gen_0016870,send_reminder,2026-06-11T01:55:24.297108+00:00,1,83946,300,legacy_ops
opp_gen_0016871,send_reminder,2026-06-11T01:50:06.269198+00:00,1,471831,300,legacy_ops
opp_gen_0016874,send_payment_link,2026-06-11T20:55:32.036778+00:00,0,0,1500,legacy_ops
opp_gen_0016875,send_payment_link,2026-06-11T03:54:08.628807+00:00,1,871029,1500,legacy_ops
opp_gen_0016877,send_payment_link,2026-06-11T12:57:18.302418+00:00,1,61652,1500,legacy_ops
opp_gen_0016882,send_payment_link,2026-06-11T21:53:04.222243+00:00,1,1250740,1500,legacy_ops
opp_gen_0016891,prompt_card_change,2026-06-11T19:04:15.157315+00:00,1,260446,2000,legacy_ops
opp_gen_0016893,send_payment_link,2026-06-11T03:46:16.044756+00:00,1,840542,1500,legacy_ops
opp_gen_0016905,send_payment_link,2026-06-11T17:43:30.054133+00:00,1,299741,1500,legacy_ops
opp_gen_0016911,send_reminder,2026-06-11T20:54:34.426742+00:00,1,481670,300,legacy_ops
opp_gen_0016912,send_payment_link,2026-06-11T16:43:57.883257+00:00,0,0,1500,legacy_ops
opp_gen_0016920,prompt_card_change,2026-06-11T07:27:50.113713+00:00,0,0,2000,legacy_ops
opp_gen_0016922,send_payment_link,2026-06-11T19:58:40.954538+00:00,1,428746,1500,legacy_ops
opp_gen_0016926,send_reminder,2026-06-11T05:03:28.478621+00:00,1,227648,300,legacy_ops
opp_gen_0016927,send_payment_link,2026-06-11T01:04:41.970470+00:00,0,0,1500,legacy_ops
opp_gen_0016931,send_reminder,2026-06-11T01:04:33.953500+00:00,1,451958,300,legacy_ops
opp_gen_0016932,send_payment_link,2026-06-11T12:20:59.498348+00:00,0,0,1500,legacy_ops
opp_gen_0016938,send_payment_link,2026-06-11T09:51:33.841368+00:00,1,950265,1500,legacy_ops
opp_gen_0016942,send_reminder,2026-06-11T21:26:29.916390+00:00,1,270367,300,legacy_ops
opp_gen_0016945,send_payment_link,2026-06-11T14:58:32.183915+00:00,1,908498,1500,legacy_ops
opp_gen_0016948,send_payment_link,2026-06-11T10:24:14.309005+00:00,1,1037517,1500,legacy_ops
opp_gen_0016953,send_reminder,2026-06-11T15:38:37.062052+00:00,1,214072,300,legacy_ops
opp_gen_0016961,send_payment_link,2026-06-12T05:25:57.799647+00:00,0,0,1500,legacy_ops
opp_gen_0016962,wait_for_native_retry,2026-06-12T05:58:47.278900+00:00,1,598169,0,legacy_ops
opp_gen_0016963,send_payment_link,2026-06-13T00:05:46.345225+00:00,1,3395738,1500,legacy_ops
opp_gen_0016964,send_reminder,2026-06-12T01:47:05.578601+00:00,1,90958,300,legacy_ops
opp_gen_0016965,send_reminder,2026-06-12T19:44:23.500253+00:00,0,0,300,legacy_ops
opp_gen_0016968,send_reminder,2026-06-12T20:26:03.409856+00:00,1,298949,300,legacy_ops
opp_gen_0016970,send_reminder,2026-06-12T00:47:15.076404+00:00,1,96045,300,legacy_ops
opp_gen_0016977,send_payment_link,2026-06-12T21:12:54.670071+00:00,0,0,1500,legacy_ops
opp_gen_0016984,send_payment_link,2026-06-12T19:06:58.282335+00:00,1,1115838,1500,legacy_ops
opp_gen_0016986,send_payment_link,2026-06-12T04:16:38.733455+00:00,1,37543,1500,legacy_ops
opp_gen_0016988,send_payment_link,2026-06-12T02:36:41.933788+00:00,1,64243,1500,legacy_ops
opp_gen_0016993,send_reminder,2026-06-12T15:12:57.901247+00:00,1,221521,300,legacy_ops
opp_gen_0016996,send_reminder,2026-06-12T08:10:27.759299+00:00,1,248855,300,legacy_ops
opp_gen_0017007,send_payment_link,2026-06-12T23:16:50.293546+00:00,0,0,1500,legacy_ops
opp_gen_0017010,send_reminder,2026-06-12T00:24:34.068678+00:00,1,111419,300,legacy_ops
opp_gen_0017016,send_payment_link,2026-06-12T12:09:19.448227+00:00,1,3995245,1500,legacy_ops
opp_gen_0017017,send_payment_link,2026-06-12T15:28:34.151807+00:00,0,0,1500,legacy_ops
opp_gen_0017023,send_reminder,2026-06-12T09:41:44.519642+00:00,1,3700008,300,legacy_ops
opp_gen_0017029,send_reminder,2026-06-12T23:50:19.098786+00:00,1,396466,300,legacy_ops
opp_gen_0017030,send_payment_link,2026-06-12T07:19:24.904607+00:00,0,0,1500,legacy_ops
opp_gen_0017032,send_payment_link,2026-06-12T05:48:59.622504+00:00,1,817290,1500,legacy_ops
opp_gen_0017035,send_payment_link,2026-06-12T06:25:46.348521+00:00,0,0,1500,legacy_ops
opp_gen_0017038,wait_for_native_retry,2026-06-12T18:32:46.742839+00:00,1,3148472,0,legacy_ops
opp_gen_0017040,send_reminder,2026-06-12T17:21:17.299362+00:00,0,0,300,legacy_ops
opp_gen_0017041,send_reminder,2026-06-12T12:52:45.077289+00:00,1,200006,300,legacy_ops
opp_gen_0017047,send_reminder,2026-06-12T21:04:50.773697+00:00,1,186385,300,legacy_ops
opp_gen_0017049,send_payment_link,2026-06-12T10:27:13.546558+00:00,0,0,1500,legacy_ops
opp_gen_0017057,send_payment_link,2026-06-13T09:51:46.784164+00:00,1,1456482,1500,legacy_ops
opp_gen_0017064,send_reminder,2026-06-13T04:59:31.420063+00:00,0,0,300,legacy_ops
opp_gen_0017068,send_reminder,2026-06-13T20:36:23.052708+00:00,1,68057,300,legacy_ops
opp_gen_0017072,send_payment_link,2026-06-13T05:07:12.270565+00:00,0,0,1500,legacy_ops
opp_gen_0017077,send_reminder,2026-06-13T12:08:48.200040+00:00,1,454278,300,legacy_ops
opp_gen_0017080,send_reminder,2026-06-13T09:29:16.121966+00:00,1,273218,300,legacy_ops
opp_gen_0017081,send_payment_link,2026-06-13T07:15:45.693795+00:00,1,240745,1500,legacy_ops
opp_gen_0017085,send_reminder,2026-06-13T05:49:59.838759+00:00,1,237574,300,legacy_ops
opp_gen_0017086,send_reminder,2026-06-13T13:37:43.188277+00:00,1,211768,300,legacy_ops
opp_gen_0017091,send_payment_link,2026-06-13T21:12:43.505696+00:00,1,920993,1500,legacy_ops
opp_gen_0017095,send_payment_link,2026-06-13T12:21:39.282306+00:00,1,2757170,1500,legacy_ops
opp_gen_0017098,send_payment_link,2026-06-13T12:09:45.905302+00:00,0,0,1500,legacy_ops
opp_gen_0017103,send_payment_link,2026-06-13T04:56:48.894116+00:00,0,0,1500,legacy_ops
opp_gen_0017107,send_payment_link,2026-06-13T13:33:51.603896+00:00,1,975382,1500,legacy_ops
opp_gen_0017115,send_reminder,2026-06-13T15:31:02.916402+00:00,0,0,300,legacy_ops
opp_gen_0017120,send_payment_link,2026-06-13T15:02:50.691266+00:00,1,3196628,1500,legacy_ops
opp_gen_0017123,send_payment_link,2026-06-13T20:18:03.118458+00:00,0,0,1500,legacy_ops
opp_gen_0017124,send_payment_link,2026-06-13T21:25:28.487039+00:00,0,0,1500,legacy_ops
opp_gen_0017126,send_reminder,2026-06-13T09:05:43.465436+00:00,1,153116,300,legacy_ops
opp_gen_0017130,send_reminder,2026-06-13T05:29:00.139531+00:00,1,291089,300,legacy_ops
opp_gen_0017134,send_payment_link,2026-06-13T22:32:12.712859+00:00,0,0,1500,legacy_ops
opp_gen_0017136,send_payment_link,2026-06-13T18:01:25.958927+00:00,0,0,1500,legacy_ops
opp_gen_0017138,wait_for_native_retry,2026-06-13T01:47:31.095666+00:00,0,0,0,legacy_ops
opp_gen_0017154,send_payment_link,2026-06-14T15:47:38.293218+00:00,1,589253,1500,legacy_ops
opp_gen_0017155,send_payment_link,2026-06-14T08:18:20.828937+00:00,0,0,1500,legacy_ops
opp_gen_0017157,send_payment_link,2026-06-14T08:15:58.272331+00:00,1,91872,1500,legacy_ops
opp_gen_0017163,send_reminder,2026-06-14T09:21:14.036920+00:00,0,0,300,legacy_ops
opp_gen_0017177,wait_for_native_retry,2026-06-14T12:08:53.582301+00:00,0,0,0,legacy_ops
opp_gen_0017180,send_payment_link,2026-06-14T21:36:10.693362+00:00,1,816598,1500,legacy_ops
opp_gen_0017181,send_payment_link,2026-06-14T03:58:56.824409+00:00,1,604509,1500,legacy_ops
opp_gen_0017190,prompt_card_change,2026-06-14T11:58:59.043981+00:00,1,188548,2000,legacy_ops
opp_gen_0017191,send_reminder,2026-06-14T10:58:46.496979+00:00,1,255130,300,legacy_ops
opp_gen_0017193,send_payment_link,2026-06-14T08:16:19.947659+00:00,1,1591812,1500,legacy_ops
opp_gen_0017194,send_payment_link,2026-06-14T19:29:22.443049+00:00,1,268526,1500,legacy_ops
opp_gen_0017203,send_payment_link,2026-06-14T17:10:18.742276+00:00,0,0,1500,legacy_ops
opp_gen_0017207,send_payment_link,2026-06-14T04:28:25.858661+00:00,0,0,1500,legacy_ops
opp_gen_0017208,send_payment_link,2026-06-14T08:46:39.276607+00:00,1,208244,1500,legacy_ops
opp_gen_0017213,send_payment_link,2026-06-14T09:02:12.449597+00:00,0,0,1500,legacy_ops
opp_gen_0017226,send_payment_link,2026-06-14T22:54:15.939868+00:00,0,0,1500,legacy_ops
opp_gen_0017228,send_payment_link,2026-06-14T18:53:45.023394+00:00,1,957508,1500,legacy_ops
opp_gen_0017231,send_payment_link,2026-06-14T06:17:29.808344+00:00,0,0,1500,legacy_ops
opp_gen_0017235,send_payment_link,2026-06-14T18:27:57.390588+00:00,1,820025,1500,legacy_ops
opp_gen_0017237,send_reminder,2026-06-14T10:54:04.900576+00:00,1,109647,300,legacy_ops
opp_gen_0017240,send_payment_link,2026-06-14T12:33:27.508045+00:00,1,47616,1500,legacy_ops
opp_gen_0017242,send_payment_link,2026-06-14T09:38:40.256735+00:00,0,0,1500,legacy_ops
opp_gen_0017245,send_reminder,2026-06-14T18:45:15.907517+00:00,1,153172,300,legacy_ops
opp_gen_0017249,send_reminder,2026-06-15T12:44:10.085312+00:00,1,182095,300,legacy_ops
opp_gen_0017251,prompt_card_change,2026-06-15T13:01:57.484304+00:00,1,261762,2000,legacy_ops
opp_gen_0017252,wait_for_native_retry,2026-06-15T06:26:37.060814+00:00,0,0,0,legacy_ops
opp_gen_0017256,send_reminder,2026-06-15T18:40:10.586987+00:00,1,288043,300,legacy_ops
opp_gen_0017259,send_payment_link,2026-06-15T15:58:30.660796+00:00,0,0,1500,legacy_ops
opp_gen_0017266,send_payment_link,2026-06-15T05:45:56.305226+00:00,1,253535,1500,legacy_ops
opp_gen_0017269,send_payment_link,2026-06-15T08:51:19.611053+00:00,0,0,1500,legacy_ops
opp_gen_0017272,send_payment_link,2026-06-15T16:56:48.573832+00:00,1,1391590,1500,legacy_ops
opp_gen_0017277,send_payment_link,2026-06-15T14:56:00.828870+00:00,0,0,1500,legacy_ops
opp_gen_0017281,send_reminder,2026-06-15T06:27:01.282839+00:00,1,185316,300,legacy_ops
opp_gen_0017283,send_payment_link,2026-06-15T16:52:32.186019+00:00,1,3974218,1500,legacy_ops
opp_gen_0017297,send_reminder,2026-06-15T08:02:30.703372+00:00,0,0,300,legacy_ops
opp_gen_0017301,send_payment_link,2026-06-15T08:00:44.399450+00:00,1,1566016,1500,legacy_ops
opp_gen_0017307,send_payment_link,2026-06-15T08:50:14.828867+00:00,1,2777616,1500,legacy_ops
opp_gen_0017309,wait_for_native_retry,2026-06-15T18:09:18.596209+00:00,1,226248,0,legacy_ops
opp_gen_0017313,send_payment_link,2026-06-15T12:34:35.536233+00:00,1,760878,1500,legacy_ops
opp_gen_0017314,wait_for_native_retry,2026-06-15T06:07:15.450974+00:00,0,0,0,legacy_ops
opp_gen_0017319,send_payment_link,2026-06-15T01:49:30.582265+00:00,0,0,1500,legacy_ops
opp_gen_0017321,send_payment_link,2026-06-15T10:39:24.895424+00:00,1,1017606,1500,legacy_ops
opp_gen_0017324,send_payment_link,2026-06-15T14:05:46.485258+00:00,1,291645,1500,legacy_ops
opp_gen_0017329,send_reminder,2026-06-15T19:12:02.775272+00:00,1,293490,300,legacy_ops
opp_gen_0017332,prompt_card_change,2026-06-15T06:27:36.723016+00:00,1,206020,2000,legacy_ops
opp_gen_0017342,send_reminder,2026-06-15T08:07:27.322078+00:00,1,81797,300,legacy_ops
opp_gen_0017359,send_payment_link,2026-06-16T14:44:10.376958+00:00,1,225498,1500,legacy_ops
opp_gen_0017361,send_payment_link,2026-06-16T04:38:47.230752+00:00,0,0,1500,legacy_ops
opp_gen_0017366,send_payment_link,2026-06-16T14:46:14.959566+00:00,1,872872,1500,legacy_ops
opp_gen_0017368,send_payment_link,2026-06-16T04:00:56.001119+00:00,0,0,1500,legacy_ops
opp_gen_0017376,send_payment_link,2026-06-16T22:28:22.606438+00:00,0,0,1500,legacy_ops
opp_gen_0017386,send_reminder,2026-06-16T03:11:29.276900+00:00,1,103528,300,legacy_ops
opp_gen_0017396,send_payment_link,2026-06-16T04:41:53.145303+00:00,1,2068564,1500,legacy_ops
opp_gen_0017398,send_payment_link,2026-06-16T14:04:21.017807+00:00,0,0,1500,legacy_ops
opp_gen_0017399,send_payment_link,2026-06-17T00:04:40.091859+00:00,1,48126,1500,legacy_ops
opp_gen_0017403,send_reminder,2026-06-16T22:28:34.494266+00:00,1,56424,300,legacy_ops
opp_gen_0017408,send_payment_link,2026-06-16T17:46:41.663778+00:00,0,0,1500,legacy_ops
opp_gen_0017413,send_reminder,2026-06-16T16:03:22.132167+00:00,1,200485,300,legacy_ops
opp_gen_0017422,send_reminder,2026-06-16T09:05:57.747580+00:00,0,0,300,legacy_ops
opp_gen_0017424,send_payment_link,2026-06-16T18:24:46.539009+00:00,1,98945,1500,legacy_ops
opp_gen_0017425,send_payment_link,2026-06-16T15:41:08.468370+00:00,1,1361069,1500,legacy_ops
opp_gen_0017429,send_payment_link,2026-06-16T07:44:12.256194+00:00,1,1182898,1500,legacy_ops
opp_gen_0017434,send_payment_link,2026-06-16T17:32:05.707457+00:00,0,0,1500,legacy_ops
opp_gen_0017436,send_payment_link,2026-06-16T23:53:11.936583+00:00,0,0,1500,legacy_ops
opp_gen_0017437,prompt_card_change,2026-06-16T14:36:02.195188+00:00,1,202632,2000,legacy_ops
opp_gen_0017439,send_reminder,2026-06-16T19:57:18.112575+00:00,1,239269,300,legacy_ops
opp_gen_0017440,send_payment_link,2026-06-16T10:49:16.335230+00:00,0,0,1500,legacy_ops
opp_gen_0017447,send_reminder,2026-06-16T05:13:02.548156+00:00,1,45288,300,legacy_ops
opp_gen_0017451,send_payment_link,2026-06-16T05:12:45.437540+00:00,1,39847,1500,legacy_ops
opp_gen_0017453,send_payment_link,2026-06-16T05:54:18.111663+00:00,1,114666,1500,legacy_ops
opp_gen_0017464,send_payment_link,2026-06-17T22:23:07.340325+00:00,1,598160,1500,legacy_ops
opp_gen_0017467,send_reminder,2026-06-17T12:42:16.239694+00:00,1,163171,300,legacy_ops
opp_gen_0017468,send_reminder,2026-06-17T04:29:14.679176+00:00,0,0,300,legacy_ops
opp_gen_0017473,send_reminder,2026-06-17T19:00:29.661696+00:00,1,301907,300,legacy_ops
opp_gen_0017475,send_payment_link,2026-06-17T04:34:30.865235+00:00,1,141691,1500,legacy_ops
opp_gen_0017480,send_reminder,2026-06-17T03:08:43.842448+00:00,1,82335,300,legacy_ops
opp_gen_0017481,send_reminder,2026-06-17T09:27:33.495705+00:00,1,187046,300,legacy_ops
opp_gen_0017499,send_payment_link,2026-06-17T02:20:27.284379+00:00,0,0,1500,legacy_ops
opp_gen_0017502,send_reminder,2026-06-17T20:24:33.269177+00:00,0,0,300,legacy_ops
opp_gen_0017504,send_payment_link,2026-06-17T04:08:29.227969+00:00,0,0,1500,legacy_ops
opp_gen_0017507,send_payment_link,2026-06-17T07:08:54.174380+00:00,1,143228,1500,legacy_ops
opp_gen_0017509,send_payment_link,2026-06-17T15:41:11.022805+00:00,1,252753,1500,legacy_ops
opp_gen_0017514,prompt_card_change,2026-06-17T11:40:11.376008+00:00,1,645897,2000,legacy_ops
opp_gen_0017520,send_reminder,2026-06-17T07:53:23.289276+00:00,1,80616,300,legacy_ops
opp_gen_0017527,send_reminder,2026-06-17T15:30:45.740115+00:00,1,47008,300,legacy_ops
opp_gen_0017528,send_reminder,2026-06-17T17:02:27.557991+00:00,0,0,300,legacy_ops
opp_gen_0017529,send_payment_link,2026-06-17T06:56:42.569879+00:00,1,2733831,1500,legacy_ops
opp_gen_0017531,send_reminder,2026-06-17T03:34:31.339415+00:00,0,0,300,legacy_ops
opp_gen_0017536,send_payment_link,2026-06-17T04:25:59.410605+00:00,1,84538,1500,legacy_ops
opp_gen_0017541,send_reminder,2026-06-17T23:24:45.495672+00:00,0,0,300,legacy_ops
opp_gen_0017544,send_reminder,2026-06-17T04:34:50.388818+00:00,0,0,300,legacy_ops
opp_gen_0017546,send_reminder,2026-06-17T22:51:48.447918+00:00,0,0,300,legacy_ops
opp_gen_0017551,send_reminder,2026-06-17T09:44:12.113672+00:00,1,142009,300,legacy_ops
opp_gen_0017553,send_payment_link,2026-06-17T01:25:42.018024+00:00,1,3765433,1500,legacy_ops
opp_gen_0017554,send_payment_link,2026-06-17T20:26:05.913855+00:00,1,84939,1500,legacy_ops
opp_gen_0017563,send_reminder,2026-06-18T00:48:21.798764+00:00,1,209444,300,legacy_ops
opp_gen_0017579,send_payment_link,2026-06-18T21:22:12.423519+00:00,1,886393,1500,legacy_ops
opp_gen_0017581,send_payment_link,2026-06-18T23:46:21.995145+00:00,1,52326,1500,legacy_ops
opp_gen_0017583,send_payment_link,2026-06-18T17:54:00.749849+00:00,0,0,1500,legacy_ops
opp_gen_0017584,send_reminder,2026-06-18T23:04:00.025994+00:00,0,0,300,legacy_ops
opp_gen_0017586,prompt_card_change,2026-06-18T16:50:27.396749+00:00,0,0,2000,legacy_ops
opp_gen_0017588,send_payment_link,2026-06-18T09:51:15.238169+00:00,0,0,1500,legacy_ops
opp_gen_0017590,send_reminder,2026-06-18T13:23:19.283537+00:00,1,184277,300,legacy_ops
opp_gen_0017603,send_reminder,2026-06-18T12:17:19.222108+00:00,0,0,300,legacy_ops
opp_gen_0017607,send_payment_link,2026-06-18T23:34:00.066155+00:00,0,0,1500,legacy_ops
opp_gen_0017619,send_payment_link,2026-06-18T03:45:26.015645+00:00,1,2018965,1500,legacy_ops
opp_gen_0017622,send_reminder,2026-06-18T02:47:45.080330+00:00,1,250661,300,legacy_ops
opp_gen_0017628,send_reminder,2026-06-18T02:58:09.519848+00:00,1,152859,300,legacy_ops
opp_gen_0017632,send_payment_link,2026-06-18T22:58:57.218856+00:00,0,0,1500,legacy_ops
opp_gen_0017634,send_payment_link,2026-06-18T06:58:45.602447+00:00,0,0,1500,legacy_ops
opp_gen_0017638,send_payment_link,2026-06-18T13:13:32.139946+00:00,1,3331143,1500,legacy_ops
opp_gen_0017642,send_reminder,2026-06-18T23:20:22.683345+00:00,1,162418,300,legacy_ops
opp_gen_0017647,send_payment_link,2026-06-18T03:00:25.339034+00:00,1,236655,1500,legacy_ops
opp_gen_0017658,wait_for_native_retry,2026-06-19T16:17:56.030109+00:00,1,576553,0,legacy_ops
opp_gen_0017667,send_reminder,2026-06-19T17:05:42.035956+00:00,1,37984,300,legacy_ops
opp_gen_0017670,send_reminder,2026-06-19T12:02:28.491986+00:00,0,0,300,legacy_ops
opp_gen_0017679,send_payment_link,2026-06-19T22:50:15.239697+00:00,1,288275,1500,legacy_ops
opp_gen_0017683,send_payment_link,2026-06-19T05:16:45.682111+00:00,1,210783,1500,legacy_ops
opp_gen_0017686,send_payment_link,2026-06-19T13:07:20.182952+00:00,0,0,1500,legacy_ops
opp_gen_0017691,send_payment_link,2026-06-19T04:15:00.909284+00:00,0,0,1500,legacy_ops
opp_gen_0017693,send_payment_link,2026-06-19T00:58:22.384022+00:00,1,3484645,1500,legacy_ops
opp_gen_0017694,prompt_card_change,2026-06-19T22:47:00.912526+00:00,1,138283,2000,legacy_ops
opp_gen_0017700,send_reminder,2026-06-19T06:32:15.611939+00:00,0,0,300,legacy_ops
opp_gen_0017703,send_reminder,2026-06-19T21:19:19.786848+00:00,1,51785,300,legacy_ops
opp_gen_0017718,send_payment_link,2026-06-19T12:05:11.264027+00:00,1,1738351,1500,legacy_ops
opp_gen_0017719,send_payment_link,2026-06-19T16:18:42.231463+00:00,1,1454610,1500,legacy_ops
opp_gen_0017721,send_payment_link,2026-06-19T10:26:20.879773+00:00,0,0,1500,legacy_ops
opp_gen_0017723,send_reminder,2026-06-19T05:17:09.542400+00:00,1,460706,300,legacy_ops
opp_gen_0017733,send_payment_link,2026-06-20T00:26:12.313665+00:00,1,1610462,1500,legacy_ops
opp_gen_0017734,send_reminder,2026-06-19T16:49:08.531674+00:00,0,0,300,legacy_ops
opp_gen_0017735,send_payment_link,2026-06-19T05:34:28.398200+00:00,0,0,1500,legacy_ops
opp_gen_0017745,send_payment_link,2026-06-19T02:47:16.423247+00:00,1,323329,1500,legacy_ops
opp_gen_0017750,send_payment_link,2026-06-20T22:19:58.129926+00:00,0,0,1500,legacy_ops
opp_gen_0017756,send_reminder,2026-06-20T16:57:29.145693+00:00,0,0,300,legacy_ops
opp_gen_0017759,wait_for_native_retry,2026-06-20T00:18:18.285369+00:00,0,0,0,legacy_ops
opp_gen_0017765,send_reminder,2026-06-20T03:50:41.624073+00:00,1,58667,300,legacy_ops
opp_gen_0017766,wait_for_native_retry,2026-06-20T07:32:57.514723+00:00,1,1330418,0,legacy_ops
opp_gen_0017772,send_payment_link,2026-06-20T13:20:23.558179+00:00,1,51484,1500,legacy_ops
opp_gen_0017773,send_payment_link,2026-06-20T04:33:12.160885+00:00,1,539391,1500,legacy_ops
opp_gen_0017782,prompt_card_change,2026-06-20T16:55:52.525313+00:00,0,0,2000,legacy_ops
opp_gen_0017783,send_reminder,2026-06-20T04:29:37.861647+00:00,1,152470,300,legacy_ops
opp_gen_0017789,send_payment_link,2026-06-20T09:30:50.030721+00:00,1,83793,1500,legacy_ops
opp_gen_0017798,wait_for_native_retry,2026-06-20T20:36:55.852207+00:00,1,3532954,0,legacy_ops
opp_gen_0017808,send_reminder,2026-06-20T03:34:05.113178+00:00,1,344442,300,legacy_ops
opp_gen_0017809,send_payment_link,2026-06-20T00:52:48.780726+00:00,1,334543,1500,legacy_ops
opp_gen_0017810,prompt_card_change,2026-06-20T20:00:12.171633+00:00,1,222999,2000,legacy_ops
opp_gen_0017812,send_payment_link,2026-06-20T02:17:18.134315+00:00,1,855580,1500,legacy_ops
opp_gen_0017813,send_payment_link,2026-06-20T11:16:39.664497+00:00,1,603191,1500,legacy_ops
opp_gen_0017818,send_payment_link,2026-06-20T12:59:35.213737+00:00,1,157946,1500,legacy_ops
opp_gen_0017823,wait_for_native_retry,2026-06-20T16:50:21.363342+00:00,1,914470,0,legacy_ops
opp_gen_0017827,send_payment_link,2026-06-20T10:46:38.843953+00:00,1,989412,1500,legacy_ops
opp_gen_0017829,send_payment_link,2026-06-20T13:25:00.344890+00:00,1,179181,1500,legacy_ops
opp_gen_0017835,send_payment_link,2026-06-20T11:28:27.987230+00:00,1,483547,1500,legacy_ops
opp_gen_0017841,send_reminder,2026-06-20T09:51:03.904418+00:00,0,0,300,legacy_ops
opp_gen_0017843,send_payment_link,2026-06-20T18:00:32.522083+00:00,0,0,1500,legacy_ops
opp_gen_0017845,send_payment_link,2026-06-20T06:03:26.191998+00:00,0,0,1500,legacy_ops
opp_gen_0017853,send_payment_link,2026-06-21T10:46:29.209999+00:00,1,1111472,1500,legacy_ops
opp_gen_0017856,send_payment_link,2026-06-21T16:00:39.987700+00:00,1,619922,1500,legacy_ops
opp_gen_0017857,send_payment_link,2026-06-21T09:07:43.474823+00:00,1,1013531,1500,legacy_ops
opp_gen_0017871,send_payment_link,2026-06-21T19:10:55.726228+00:00,0,0,1500,legacy_ops
opp_gen_0017874,send_payment_link,2026-06-21T16:09:06.567705+00:00,1,1270940,1500,legacy_ops
opp_gen_0017882,send_payment_link,2026-06-21T13:56:54.128278+00:00,1,65420,1500,legacy_ops
opp_gen_0017884,prompt_card_change,2026-06-21T06:54:56.140464+00:00,0,0,2000,legacy_ops
opp_gen_0017887,send_payment_link,2026-06-21T04:07:07.904909+00:00,1,1022604,1500,legacy_ops
opp_gen_0017889,send_reminder,2026-06-21T11:51:24.184674+00:00,0,0,300,legacy_ops
opp_gen_0017891,send_reminder,2026-06-21T04:55:02.487346+00:00,0,0,300,legacy_ops
opp_gen_0017895,send_payment_link,2026-06-21T06:51:17.722697+00:00,0,0,1500,legacy_ops
opp_gen_0017897,send_reminder,2026-06-21T15:09:05.210794+00:00,1,761560,300,legacy_ops
opp_gen_0017900,send_reminder,2026-06-21T06:23:35.872600+00:00,1,350291,300,legacy_ops
opp_gen_0017902,send_payment_link,2026-06-21T06:22:17.180355+00:00,1,1096032,1500,legacy_ops
opp_gen_0017906,send_payment_link,2026-06-21T22:50:36.351839+00:00,1,795721,1500,legacy_ops
opp_gen_0017911,send_payment_link,2026-06-22T00:09:13.043203+00:00,0,0,1500,legacy_ops
opp_gen_0017913,send_payment_link,2026-06-21T15:37:23.681791+00:00,1,426711,1500,legacy_ops
opp_gen_0017914,send_payment_link,2026-06-21T20:57:24.390844+00:00,0,0,1500,legacy_ops
opp_gen_0017917,send_reminder,2026-06-21T02:04:02.221845+00:00,0,0,300,legacy_ops
opp_gen_0017919,send_payment_link,2026-06-21T09:34:35.085271+00:00,0,0,1500,legacy_ops
opp_gen_0017923,send_payment_link,2026-06-21T15:44:49.240357+00:00,1,235040,1500,legacy_ops
opp_gen_0017924,send_reminder,2026-06-21T11:38:44.733641+00:00,1,209734,300,legacy_ops
opp_gen_0017925,send_payment_link,2026-06-21T05:05:08.556098+00:00,1,876574,1500,legacy_ops
opp_gen_0017927,send_payment_link,2026-06-21T18:53:06.523039+00:00,1,1041666,1500,legacy_ops
opp_gen_0017930,prompt_card_change,2026-06-22T19:21:52.024715+00:00,1,121483,2000,legacy_ops
opp_gen_0017934,send_payment_link,2026-06-22T07:03:43.984984+00:00,1,655895,1500,legacy_ops
opp_gen_0017937,send_reminder,2026-06-22T13:20:15.927182+00:00,0,0,300,legacy_ops
opp_gen_0017939,send_payment_link,2026-06-22T12:37:59.249068+00:00,1,131057,1500,legacy_ops
opp_gen_0017940,send_payment_link,2026-06-22T10:39:37.360533+00:00,0,0,1500,legacy_ops
opp_gen_0017942,prompt_card_change,2026-06-22T02:36:24.693415+00:00,1,113515,2000,legacy_ops
opp_gen_0017943,send_reminder,2026-06-22T05:26:42.468272+00:00,0,0,300,legacy_ops
opp_gen_0017944,send_payment_link,2026-06-22T00:24:44.869742+00:00,1,1131783,1500,legacy_ops
opp_gen_0017952,send_payment_link,2026-06-22T21:53:44.330295+00:00,1,1903004,1500,legacy_ops
opp_gen_0017955,send_reminder,2026-06-22T06:38:38.467822+00:00,0,0,300,legacy_ops
opp_gen_0017956,send_payment_link,2026-06-22T06:45:51.205898+00:00,1,3401787,1500,legacy_ops
opp_gen_0017958,send_payment_link,2026-06-22T06:50:46.529840+00:00,1,1478422,1500,legacy_ops
opp_gen_0017964,send_payment_link,2026-06-22T17:29:28.156437+00:00,1,600621,1500,legacy_ops
opp_gen_0017967,send_reminder,2026-06-22T02:27:59.133147+00:00,1,313937,300,legacy_ops
opp_gen_0017976,send_payment_link,2026-06-22T09:39:15.136745+00:00,1,491427,1500,legacy_ops
opp_gen_0017987,send_payment_link,2026-06-23T00:12:45.738580+00:00,0,0,1500,legacy_ops
opp_gen_0017990,send_payment_link,2026-06-22T11:25:58.097807+00:00,1,88194,1500,legacy_ops
opp_gen_0017991,send_reminder,2026-06-22T19:27:06.693506+00:00,1,338214,300,legacy_ops
opp_gen_0017992,send_payment_link,2026-06-22T22:08:17.406309+00:00,1,2679463,1500,legacy_ops
opp_gen_0018002,send_payment_link,2026-06-22T18:37:21.427326+00:00,1,480496,1500,legacy_ops
opp_gen_0018006,prompt_card_change,2026-06-22T23:59:28.466709+00:00,0,0,2000,legacy_ops
opp_gen_0018009,send_payment_link,2026-06-22T10:05:27.256225+00:00,0,0,1500,legacy_ops
opp_gen_0018010,prompt_card_change,2026-06-22T11:25:51.478841+00:00,0,0,2000,legacy_ops
opp_gen_0018016,send_payment_link,2026-06-22T08:46:09.951875+00:00,0,0,1500,legacy_ops
opp_gen_0018024,send_payment_link,2026-06-23T15:29:52.666589+00:00,1,956089,1500,legacy_ops
opp_gen_0018025,send_reminder,2026-06-23T13:09:49.402736+00:00,1,88474,300,legacy_ops
opp_gen_0018028,send_payment_link,2026-06-23T22:21:08.671454+00:00,0,0,1500,legacy_ops
opp_gen_0018031,wait_for_native_retry,2026-06-24T00:08:40.871711+00:00,1,1008210,0,legacy_ops
opp_gen_0018034,send_payment_link,2026-06-23T07:47:59.834226+00:00,1,579709,1500,legacy_ops
opp_gen_0018036,wait_for_native_retry,2026-06-23T04:45:22.499925+00:00,0,0,0,legacy_ops
opp_gen_0018044,send_reminder,2026-06-23T22:04:18.072695+00:00,1,104490,300,legacy_ops
opp_gen_0018051,send_payment_link,2026-06-23T16:18:07.213129+00:00,0,0,1500,legacy_ops
opp_gen_0018052,send_reminder,2026-06-23T20:49:25.707528+00:00,1,191025,300,legacy_ops
opp_gen_0018060,send_payment_link,2026-06-23T05:31:02.211117+00:00,1,950348,1500,legacy_ops
opp_gen_0018069,send_reminder,2026-06-23T14:38:57.825048+00:00,1,35112,300,legacy_ops
opp_gen_0018073,send_payment_link,2026-06-23T11:19:56.023695+00:00,1,246006,1500,legacy_ops
opp_gen_0018074,send_payment_link,2026-06-23T10:09:45.350868+00:00,0,0,1500,legacy_ops
opp_gen_0018077,send_payment_link,2026-06-23T01:51:56.256241+00:00,0,0,1500,legacy_ops
opp_gen_0018079,send_payment_link,2026-06-23T06:20:08.280769+00:00,0,0,1500,legacy_ops
opp_gen_0018080,send_payment_link,2026-06-23T18:04:36.812310+00:00,0,0,1500,legacy_ops
opp_gen_0018084,send_reminder,2026-06-23T12:07:58.344073+00:00,1,75714,300,legacy_ops
opp_gen_0018085,send_payment_link,2026-06-23T19:28:52.674286+00:00,0,0,1500,legacy_ops
opp_gen_0018091,send_payment_link,2026-06-23T22:47:03.176014+00:00,1,1552659,1500,legacy_ops
opp_gen_0018094,send_payment_link,2026-06-23T08:30:52.843438+00:00,0,0,1500,legacy_ops
opp_gen_0018099,send_payment_link,2026-06-23T18:05:11.547589+00:00,0,0,1500,legacy_ops
opp_gen_0018101,send_payment_link,2026-06-23T13:13:25.577536+00:00,1,165633,1500,legacy_ops
opp_gen_0018103,send_payment_link,2026-06-23T12:45:10.949812+00:00,0,0,1500,legacy_ops
opp_gen_0018105,send_reminder,2026-06-23T19:19:36.342356+00:00,1,237199,300,legacy_ops
opp_gen_0018106,send_payment_link,2026-06-23T15:09:50.467813+00:00,0,0,1500,legacy_ops
opp_gen_0018107,send_payment_link,2026-06-23T07:37:27.038391+00:00,1,562109,1500,legacy_ops
opp_gen_0018120,send_payment_link,2026-06-23T14:15:34.689649+00:00,0,0,1500,legacy_ops
opp_gen_0018122,send_payment_link,2026-06-23T12:27:04.324296+00:00,1,1180068,1500,legacy_ops
opp_gen_0018123,send_payment_link,2026-06-23T00:26:25.126330+00:00,1,2549451,1500,legacy_ops
opp_gen_0018125,send_payment_link,2026-06-23T19:57:33.523140+00:00,0,0,1500,legacy_ops
opp_gen_0018131,send_payment_link,2026-06-24T23:21:00.749563+00:00,0,0,1500,legacy_ops
opp_gen_0018133,send_payment_link,2026-06-24T19:45:46.826473+00:00,1,804613,1500,legacy_ops
opp_gen_0018141,send_payment_link,2026-06-24T12:48:04.106038+00:00,0,0,1500,legacy_ops
opp_gen_0018143,send_payment_link,2026-06-24T21:19:01.934871+00:00,1,3014453,1500,legacy_ops
opp_gen_0018145,send_reminder,2026-06-24T18:53:24.149486+00:00,0,0,300,legacy_ops
opp_gen_0018150,send_reminder,2026-06-24T13:49:35.200796+00:00,0,0,300,legacy_ops
opp_gen_0018154,send_payment_link,2026-06-24T16:11:33.854923+00:00,1,1554208,1500,legacy_ops
opp_gen_0018156,send_payment_link,2026-06-24T08:17:33.858618+00:00,1,533833,1500,legacy_ops
opp_gen_0018159,send_reminder,2026-06-24T20:41:43.627576+00:00,1,3924399,300,legacy_ops
opp_gen_0018166,send_payment_link,2026-06-24T12:53:51.372469+00:00,1,1526061,1500,legacy_ops
opp_gen_0018168,send_payment_link,2026-06-24T23:57:09.174831+00:00,1,175994,1500,legacy_ops
opp_gen_0018173,send_payment_link,2026-06-24T14:27:00.466020+00:00,0,0,1500,legacy_ops
opp_gen_0018177,send_payment_link,2026-06-24T14:27:31.182584+00:00,1,1984103,1500,legacy_ops
opp_gen_0018188,send_reminder,2026-06-25T00:22:49.854966+00:00,0,0,300,legacy_ops
opp_gen_0018192,send_reminder,2026-06-24T17:34:15.702839+00:00,1,184911,300,legacy_ops
opp_gen_0018193,send_payment_link,2026-06-24T05:26:14.491958+00:00,0,0,1500,legacy_ops
opp_gen_0018194,send_reminder,2026-06-24T21:22:10.994537+00:00,1,39932,300,legacy_ops
opp_gen_0018196,prompt_card_change,2026-06-24T03:55:33.754040+00:00,1,435503,2000,legacy_ops
opp_gen_0018201,send_reminder,2026-06-24T05:25:07.516164+00:00,1,491072,300,legacy_ops
opp_gen_0018213,send_reminder,2026-06-24T22:43:16.739971+00:00,1,177315,300,legacy_ops
opp_gen_0018221,send_reminder,2026-06-24T18:07:24.036017+00:00,1,107580,300,legacy_ops
opp_gen_0018222,send_payment_link,2026-06-24T02:35:03.011120+00:00,0,0,1500,legacy_ops
opp_gen_0018226,wait_for_native_retry,2026-06-24T14:27:08.306511+00:00,1,2024717,0,legacy_ops
opp_gen_0018227,send_payment_link,2026-06-24T23:09:08.999895+00:00,1,944782,1500,legacy_ops
opp_gen_0018236,send_reminder,2026-06-25T09:20:04.938814+00:00,1,50357,300,legacy_ops
opp_gen_0018248,send_payment_link,2026-06-25T01:23:12.608697+00:00,0,0,1500,legacy_ops
opp_gen_0018255,send_reminder,2026-06-25T01:25:08.132325+00:00,1,276229,300,legacy_ops
opp_gen_0018258,send_payment_link,2026-06-25T14:47:25.001556+00:00,1,582602,1500,legacy_ops
opp_gen_0018261,send_payment_link,2026-06-25T16:08:25.793201+00:00,1,1018295,1500,legacy_ops
opp_gen_0018266,send_reminder,2026-06-25T09:01:02.665595+00:00,1,154356,300,legacy_ops
opp_gen_0018267,send_payment_link,2026-06-25T03:48:43.836041+00:00,0,0,1500,legacy_ops
opp_gen_0018269,send_payment_link,2026-06-25T22:06:28.450031+00:00,0,0,1500,legacy_ops
opp_gen_0018278,prompt_card_change,2026-06-25T02:12:36.926138+00:00,1,292040,2000,legacy_ops
opp_gen_0018280,send_payment_link,2026-06-25T08:02:12.520763+00:00,1,694757,1500,legacy_ops
opp_gen_0018285,send_payment_link,2026-06-25T14:13:27.323143+00:00,1,614904,1500,legacy_ops
opp_gen_0018291,prompt_card_change,2026-06-25T04:46:15.805445+00:00,0,0,2000,legacy_ops
opp_gen_0018294,send_reminder,2026-06-25T14:56:27.770999+00:00,1,455543,300,legacy_ops
opp_gen_0018308,send_reminder,2026-06-25T23:09:34.765578+00:00,1,281351,300,legacy_ops
opp_gen_0018310,send_payment_link,2026-06-25T14:08:00.354380+00:00,1,929458,1500,legacy_ops
opp_gen_0018313,send_payment_link,2026-06-25T07:09:54.804354+00:00,0,0,1500,legacy_ops
opp_gen_0018316,send_reminder,2026-06-26T20:31:58.377689+00:00,1,206230,300,legacy_ops
opp_gen_0018317,wait_for_native_retry,2026-06-26T19:45:58.734768+00:00,0,0,0,legacy_ops
opp_gen_0018318,send_reminder,2026-06-26T14:51:41.341733+00:00,1,61039,300,legacy_ops
opp_gen_0018321,send_payment_link,2026-06-26T15:19:37.951548+00:00,0,0,1500,legacy_ops
opp_gen_0018333,send_reminder,2026-06-26T15:05:15.615490+00:00,1,204943,300,legacy_ops
opp_gen_0018341,send_payment_link,2026-06-26T13:29:05.349189+00:00,0,0,1500,legacy_ops
opp_gen_0018342,send_payment_link,2026-06-26T18:03:30.235498+00:00,1,79856,1500,legacy_ops
opp_gen_0018343,send_reminder,2026-06-26T10:04:31.738683+00:00,1,101299,300,legacy_ops
opp_gen_0018358,send_payment_link,2026-06-26T09:02:06.029068+00:00,0,0,1500,legacy_ops
opp_gen_0018359,send_payment_link,2026-06-26T14:38:00.472098+00:00,0,0,1500,legacy_ops
opp_gen_0018364,send_payment_link,2026-06-26T04:17:09.766486+00:00,1,76999,1500,legacy_ops
opp_gen_0018365,send_payment_link,2026-06-26T11:51:56.276932+00:00,0,0,1500,legacy_ops
opp_gen_0018374,send_reminder,2026-06-26T01:57:58.730002+00:00,1,65421,300,legacy_ops
opp_gen_0018375,send_reminder,2026-06-26T11:50:18.847118+00:00,1,462673,300,legacy_ops
opp_gen_0018377,wait_for_native_retry,2026-06-26T15:45:08.214060+00:00,0,0,0,legacy_ops
opp_gen_0018390,send_payment_link,2026-06-26T18:22:22.883571+00:00,0,0,1500,legacy_ops
opp_gen_0018391,send_reminder,2026-06-26T19:51:29.476649+00:00,1,123241,300,legacy_ops
opp_gen_0018400,send_reminder,2026-06-26T01:21:04.779276+00:00,1,153355,300,legacy_ops
opp_gen_0018401,send_reminder,2026-06-26T22:09:39.882641+00:00,0,0,300,legacy_ops
opp_gen_0018402,send_reminder,2026-06-26T20:30:55.971191+00:00,1,92253,300,legacy_ops
opp_gen_0018409,send_payment_link,2026-06-26T14:45:49.103264+00:00,1,829962,1500,legacy_ops
opp_gen_0018415,send_payment_link,2026-06-27T14:36:28.495132+00:00,0,0,1500,legacy_ops
opp_gen_0018417,send_reminder,2026-06-27T23:50:57.989888+00:00,1,104930,300,legacy_ops
opp_gen_0018418,send_payment_link,2026-06-27T16:32:11.799946+00:00,1,260955,1500,legacy_ops
opp_gen_0018420,send_payment_link,2026-06-27T12:13:06.392697+00:00,1,262366,1500,legacy_ops
opp_gen_0018430,wait_for_native_retry,2026-06-27T07:25:49.791242+00:00,0,0,0,legacy_ops
opp_gen_0018433,send_payment_link,2026-06-27T06:44:20.648004+00:00,1,1049166,1500,legacy_ops
opp_gen_0018435,send_reminder,2026-06-27T14:10:06.020056+00:00,1,150272,300,legacy_ops
opp_gen_0018436,send_payment_link,2026-06-27T00:11:45.366332+00:00,0,0,1500,legacy_ops
opp_gen_0018440,send_reminder,2026-06-27T05:54:31.734710+00:00,1,101268,300,legacy_ops
opp_gen_0018449,send_reminder,2026-06-27T19:35:29.950622+00:00,1,43408,300,legacy_ops
opp_gen_0018455,send_reminder,2026-06-27T06:58:29.335768+00:00,1,191593,300,legacy_ops
opp_gen_0018462,send_payment_link,2026-06-27T16:01:25.949063+00:00,1,174462,1500,legacy_ops
opp_gen_0018470,send_reminder,2026-06-27T15:27:43.200468+00:00,1,82114,300,legacy_ops
opp_gen_0018472,send_payment_link,2026-06-27T03:41:47.510967+00:00,1,610404,1500,legacy_ops
opp_gen_0018473,send_reminder,2026-06-27T21:13:40.029179+00:00,1,89707,300,legacy_ops
opp_gen_0018475,send_payment_link,2026-06-27T05:06:32.569381+00:00,1,221767,1500,legacy_ops
opp_gen_0018477,send_reminder,2026-06-27T15:52:23.254306+00:00,0,0,300,legacy_ops
opp_gen_0018479,send_payment_link,2026-06-27T14:28:48.861816+00:00,0,0,1500,legacy_ops
opp_gen_0018486,send_reminder,2026-06-27T20:00:40.901632+00:00,0,0,300,legacy_ops
opp_gen_0018491,send_payment_link,2026-06-27T06:23:26.688380+00:00,0,0,1500,legacy_ops
opp_gen_0018492,send_reminder,2026-06-27T05:00:22.921329+00:00,0,0,300,legacy_ops
opp_gen_0018495,send_payment_link,2026-06-27T16:19:24.263430+00:00,0,0,1500,legacy_ops
opp_gen_0018500,send_payment_link,2026-06-27T09:31:30.710345+00:00,1,92496,1500,legacy_ops
opp_gen_0018503,send_reminder,2026-06-27T23:48:45.309532+00:00,0,0,300,legacy_ops
opp_gen_0018507,send_reminder,2026-06-27T04:22:49.298575+00:00,1,76310,300,legacy_ops
opp_gen_0018508,send_payment_link,2026-06-27T07:02:46.435693+00:00,0,0,1500,legacy_ops
opp_gen_0018522,send_payment_link,2026-06-28T13:44:53.002062+00:00,1,68528,1500,legacy_ops
opp_gen_0018524,send_payment_link,2026-06-28T04:10:18.100180+00:00,0,0,1500,legacy_ops
opp_gen_0018525,send_reminder,2026-06-28T09:18:42.464187+00:00,1,340384,300,legacy_ops
opp_gen_0018529,send_payment_link,2026-06-28T23:29:18.725872+00:00,0,0,1500,legacy_ops
opp_gen_0018535,send_reminder,2026-06-28T19:30:43.407297+00:00,1,74080,300,legacy_ops
opp_gen_0018552,send_payment_link,2026-06-28T16:59:30.280199+00:00,1,3931468,1500,legacy_ops
opp_gen_0018559,send_payment_link,2026-06-28T04:57:07.699386+00:00,1,411000,1500,legacy_ops
opp_gen_0018560,wait_for_native_retry,2026-06-28T09:21:20.377877+00:00,0,0,0,legacy_ops
opp_gen_0018567,send_payment_link,2026-06-28T02:22:33.976940+00:00,1,334108,1500,legacy_ops
opp_gen_0018574,send_payment_link,2026-06-28T16:13:45.397608+00:00,1,1186240,1500,legacy_ops
opp_gen_0018575,prompt_card_change,2026-06-28T16:38:10.459342+00:00,0,0,2000,legacy_ops
opp_gen_0018578,send_reminder,2026-06-28T22:10:00.490713+00:00,0,0,300,legacy_ops
opp_gen_0018582,send_payment_link,2026-06-28T12:32:29.578576+00:00,1,4185910,1500,legacy_ops
opp_gen_0018588,send_payment_link,2026-06-28T17:11:26.664955+00:00,1,59025,1500,legacy_ops
opp_gen_0018590,send_payment_link,2026-06-28T16:28:21.040762+00:00,1,712116,1500,legacy_ops
opp_gen_0018593,send_payment_link,2026-06-28T02:13:36.722698+00:00,0,0,1500,legacy_ops
opp_gen_0018595,send_payment_link,2026-06-28T16:28:52.954814+00:00,1,369548,1500,legacy_ops
opp_gen_0018598,send_payment_link,2026-06-28T21:48:18.080661+00:00,1,225354,1500,legacy_ops
opp_gen_0018599,send_payment_link,2026-06-28T04:02:50.704349+00:00,1,3236688,1500,legacy_ops
opp_gen_0018607,send_payment_link,2026-06-29T02:35:25.622469+00:00,1,676091,1500,legacy_ops
opp_gen_0018612,send_reminder,2026-06-29T17:33:40.241110+00:00,1,166332,300,legacy_ops
opp_gen_0018613,send_payment_link,2026-06-29T05:59:19.013325+00:00,0,0,1500,legacy_ops
opp_gen_0018614,send_reminder,2026-06-29T05:54:28.144528+00:00,0,0,300,legacy_ops
opp_gen_0018615,send_reminder,2026-06-29T01:07:47.166048+00:00,1,66299,300,legacy_ops
opp_gen_0018616,send_payment_link,2026-06-29T07:59:47.987033+00:00,0,0,1500,legacy_ops
opp_gen_0018621,send_payment_link,2026-06-29T21:04:48.230600+00:00,1,1759705,1500,legacy_ops
opp_gen_0018625,send_reminder,2026-06-29T08:57:53.790286+00:00,0,0,300,legacy_ops
opp_gen_0018630,send_payment_link,2026-06-29T13:45:41.111972+00:00,1,234641,1500,legacy_ops
opp_gen_0018635,send_payment_link,2026-06-29T18:15:22.868005+00:00,1,1034321,1500,legacy_ops
opp_gen_0018638,wait_for_native_retry,2026-06-29T19:19:11.712901+00:00,0,0,0,legacy_ops
opp_gen_0018644,send_payment_link,2026-06-29T02:21:54.079452+00:00,0,0,1500,legacy_ops
opp_gen_0018645,send_payment_link,2026-06-29T14:16:34.030591+00:00,1,829886,1500,legacy_ops
opp_gen_0018649,send_payment_link,2026-06-30T00:06:38.580420+00:00,1,2284791,1500,legacy_ops
opp_gen_0018652,send_payment_link,2026-06-29T20:37:20.738044+00:00,1,4076103,1500,legacy_ops
opp_gen_0018655,send_payment_link,2026-06-29T06:57:54.277162+00:00,0,0,1500,legacy_ops
opp_gen_0018656,send_payment_link,2026-06-29T07:07:59.920560+00:00,0,0,1500,legacy_ops
opp_gen_0018666,prompt_card_change,2026-06-29T18:25:13.543375+00:00,1,3415939,2000,legacy_ops
opp_gen_0018669,send_reminder,2026-06-29T18:29:18.291697+00:00,1,431769,300,legacy_ops
opp_gen_0018680,send_payment_link,2026-06-29T09:34:52.464864+00:00,1,849642,1500,legacy_ops
opp_gen_0018681,send_payment_link,2026-06-29T00:53:49.266850+00:00,1,819460,1500,legacy_ops
opp_gen_0018684,send_reminder,2026-06-29T19:54:15.540455+00:00,1,38368,300,legacy_ops
opp_gen_0018686,send_reminder,2026-06-29T08:11:10.943967+00:00,0,0,300,legacy_ops
